action_type,activity_comment,activity_id,activity_properties,assay_chembl_id,assay_description,assay_type,assay_variant_accession,assay_variant_mutation,bao_endpoint,bao_format,bao_label,canonical_smiles,data_validity_comment,data_validity_description,document_chembl_id,document_journal,document_year,ligand_efficiency,modality,molecule_chembl_id,molecule_pref_name,parent_molecule_chembl_id,pchembl_value,potential_duplicate,qudt_units,record_id,relation,src_id,standard_flag,standard_relation,standard_text_value,standard_type,standard_units,standard_upper_value,standard_value,target_chembl_id,target_organism,target_pref_name,target_tax_id,text_value,toid,type,units,uo_units,upper_value,value
,Not Determined,35255,[],CHEMBL653504,Tested for inhibition of ranzyme B by the compound,B,,,BAO_0000179,BAO_0000357,single protein format,CCOC(=O)[C@H]1O[C@@H]1C(=O)N(CC(=O)O)NC(=O)[C@@H](NC(=O)[C@H](CCC(=O)O)NC(=O)[C@H](CC(=O)O)NC(=O)OCc1ccccc1)C(C)C,,,CHEMBL1149106,J Med Chem,2004,,,CHEMBL39451,,CHEMBL39451,,0,,64247,,1,0,,,k obs / 1,,,,CHEMBL4822,Homo sapiens,Beta-secretase 1,9606,,,k obs / 1,M-1 s-1,,,
,Not Active,35269,[],CHEMBL653506,Tested for inhibition of secreted beta-secretase 1 (SAP-2) from Candida albicans; NI = No Inhibition,B,,,BAO_0000179,BAO_0000357,single protein format,CCOC(=O)[C@H]1O[C@@H]1C(=O)N(CC(=O)O)NC(=O)[C@@H](NC(=O)C(CCC(=O)O)NC(=O)[C@H](CC(C)C)NC(=O)OCc1ccccc1)[C@@H](C)O,,,CHEMBL1149106,J Med Chem,2004,,,CHEMBL41319,,CHEMBL41319,,0,,64242,,1,0,,,k obs / 1,,,,CHEMBL4822,Homo sapiens,Beta-secretase 1,9606,,,k obs / 1,M-1 s-1,,,
,Not Active,38924,[],CHEMBL653506,Tested for inhibition of secreted beta-secretase 1 (SAP-2) from Candida albicans; NI = No Inhibition,B,,,BAO_0000179,BAO_0000357,single protein format,CCOC(=O)[C@H]1O[C@@H]1C(=O)N(CC(=O)O)NC(=O)[C@@H](NC(=O)[C@H](CCC(=O)O)NC(=O)[C@@H](NC(=O)OCc1ccccc1)[C@@H](C)CC)[C@@H](C)O,,,CHEMBL1149106,J Med Chem,2004,,,CHEMBL39246,,CHEMBL39246,,0,,64237,,1,0,,,k obs / 1,,,,CHEMBL4822,Homo sapiens,Beta-secretase 1,9606,,,k obs / 1,M-1 s-1,,,
,Not Active,40011,[],CHEMBL653506,Tested for inhibition of secreted beta-secretase 1 (SAP-2) from Candida albicans; NI = No Inhibition,B,,,BAO_0000179,BAO_0000357,single protein format,CCOC(=O)[C@H]1O[C@@H]1C(=O)N(CC(=O)O)NC(=O)[C@@H](NC(=O)[C@H](CCC(=O)O)NC(=O)OCc1ccccc1)C(C)C,,,CHEMBL1149106,J Med Chem,2004,,,CHEMBL41203,,CHEMBL41203,,0,,64250,,1,0,,,k obs / 1,,,,CHEMBL4822,Homo sapiens,Beta-secretase 1,9606,,,k obs / 1,M-1 s-1,,,
,Not Active,43619,[],CHEMBL653506,Tested for inhibition of secreted beta-secretase 1 (SAP-2) from Candida albicans; NI = No Inhibition,B,,,BAO_0000179,BAO_0000357,single protein format,CCOC(=O)[C@@H]1O[C@H]1C(=O)N(CC(=O)O)NC(=O)[C@@H](NC(=O)C(CCC(=O)O)NC(=O)[C@H](CC(=O)O)NC(=O)OCc1ccccc1)C(C)C,,,CHEMBL1149106,J Med Chem,2004,,,CHEMBL38598,,CHEMBL38598,,0,,64246,,1,0,,,k obs / 1,,,,CHEMBL4822,Homo sapiens,Beta-secretase 1,9606,,,k obs / 1,M-1 s-1,,,
,Not Determined,49937,[],CHEMBL653503,Tested for inhibition of granzyme B by the compound; ND = Not determined,B,,,BAO_0000179,BAO_0000357,single protein format,CC(C)[C@H](NC(=O)CCc1ccccc1)C(=O)N[C@@H](C)C(=O)NN(CC(=O)O)C(=O)[C@H]1O[C@@H]1CCc1ccccc1,,,CHEMBL1149106,J Med Chem,2004,,,CHEMBL431714,,CHEMBL431714,,0,,64268,,1,0,,,k obs / 1,,,,CHEMBL4822,Homo sapiens,Beta-secretase 1,9606,,,k obs / 1,M-1 s-1,,,
,Not Determined,49947,[],CHEMBL653503,Tested for inhibition of granzyme B by the compound; ND = Not determined,B,,,BAO_0000179,BAO_0000357,single protein format,CCOC(=O)[C@@H]1O[C@H]1C(=O)N(CC(=O)O)NC(=O)[C@@H](NC(=O)C(CCC(=O)O)NC(=O)[C@H](CC(C)C)NC(=O)OCc1ccccc1)[C@@H](C)O,,,CHEMBL1149106,J Med Chem,2004,,,CHEMBL43583,,CHEMBL43583,,0,,64241,,1,0,,,k obs / 1,,,,CHEMBL4822,Homo sapiens,Beta-secretase 1,9606,,,k obs / 1,M-1 s-1,,,
,Not Active,57423,[],CHEMBL653506,Tested for inhibition of secreted beta-secretase 1 (SAP-2) from Candida albicans; NI = No Inhibition,B,,,BAO_0000179,BAO_0000357,single protein format,CCOC(=O)[C@H]1O[C@@H]1C(=O)N(CC(=O)O)NC(=O)[C@H](C)NC(=O)[C@@H](NC(=O)CCc1ccccc1)C(C)C,,,CHEMBL1149106,J Med Chem,2004,,,CHEMBL38029,,CHEMBL38029,,0,,64230,,1,0,,,k obs / 1,,,,CHEMBL4822,Homo sapiens,Beta-secretase 1,9606,,,k obs / 1,M-1 s-1,,,
,Not Active,69072,[],CHEMBL653506,Tested for inhibition of secreted beta-secretase 1 (SAP-2) from Candida albicans; NI = No Inhibition,B,,,BAO_0000179,BAO_0000357,single protein format,CC(C)[C@H](NC(=O)CCc1ccccc1)C(=O)N[C@@H](C)C(=O)NN(CC(=O)O)C(=O)[C@H]1O[C@@H]1C(=O)OCc1ccccc1,,,CHEMBL1149106,J Med Chem,2004,,,CHEMBL40135,,CHEMBL40135,,0,,64266,,1,0,,,k obs / 1,,,,CHEMBL4822,Homo sapiens,Beta-secretase 1,9606,,,k obs / 1,M-1 s-1,,,
,Not Determined,70477,[],CHEMBL653503,Tested for inhibition of granzyme B by the compound; ND = Not determined,B,,,BAO_0000179,BAO_0000357,single protein format,CC(C)[C@H](NC(=O)CCc1ccccc1)C(=O)N[C@@H](C)C(=O)NN(CC(=O)O)C(=O)[C@H]1O[C@@H]1C(=O)OCc1ccccc1,,,CHEMBL1149106,J Med Chem,2004,,,CHEMBL40135,,CHEMBL40135,,0,,64231,,1,0,,,k obs / 1,,,,CHEMBL4822,Homo sapiens,Beta-secretase 1,9606,,,k obs / 1,M-1 s-1,,,
,,72311,[],CHEMBL653513,Inhibition of beta-secretase 1 (BACE) was determined at the concentration of 2 uM,B,,,BAO_0000201,BAO_0000357,single protein format,CC(C)C[C@H](NC(=O)[C@@H](NC(=O)[C@@H](N)CCC(=O)O)C(C)C)C(=O)N[C@H](Cc1ccccc1)[C@@H](O)C(=O)N[C@@H](CCC(=O)O)C(=O)N[C@@H](C)C(=O)N[C@@H](CCC(=O)O)C(=O)N[C@@H](Cc1ccccc1)C(=O)O,,,CHEMBL1136466,Bioorg Med Chem Lett,2003,,,CHEMBL415825,,CHEMBL415825,,0,http://qudt.org/vocab/unit#Percent,260015,=,1,1,=,,Inhibition,%,,47.0,CHEMBL4822,Homo sapiens,Beta-secretase 1,9606,,,Inhibition,%,UO_0000187,,47.0
,,73300,[],CHEMBL653513,Inhibition of beta-secretase 1 (BACE) was determined at the concentration of 2 uM,B,,,BAO_0000201,BAO_0000357,single protein format,CC(C)C[C@H](NC(=O)[C@@H](NC(=O)[C@@H](N)CCC(=O)O)C(C)C)C(=O)N[C@@H](Cc1ccccc1)[C@@H](O)C(=O)N[C@@H](CCC(=O)O)C(=O)N[C@@H](C)C(=O)N[C@@H](CCC(=O)O)C(=O)N[C@@H](Cc1ccccc1)C(=O)O,,,CHEMBL1136466,Bioorg Med Chem Lett,2003,,,CHEMBL266194,,CHEMBL266194,,0,http://qudt.org/vocab/unit#Percent,260021,=,1,1,=,,Inhibition,%,,64.0,CHEMBL4822,Homo sapiens,Beta-secretase 1,9606,,,Inhibition,%,UO_0000187,,64.0
,,73301,[],CHEMBL653513,Inhibition of beta-secretase 1 (BACE) was determined at the concentration of 2 uM,B,,,BAO_0000201,BAO_0000357,single protein format,CC(C)C[C@H](NC(=O)[C@@H](NC(=O)[C@@H](N)CCC(=O)O)C(C)C)C(=O)N[C@H](Cc1ccccc1)[C@@H](O)C(=O)N1CSC(C)(C)C1C(=O)N[C@@H](C)C(=O)N[C@@H](CCC(=O)O)C(=O)N[C@@H](Cc1ccccc1)C(=O)O,,,CHEMBL1136466,Bioorg Med Chem Lett,2003,,,CHEMBL406710,,CHEMBL406710,,0,http://qudt.org/vocab/unit#Percent,260031,=,1,1,=,,Inhibition,%,,34.0,CHEMBL4822,Homo sapiens,Beta-secretase 1,9606,,,Inhibition,%,UO_0000187,,34.0
,,74375,[],CHEMBL653513,Inhibition of beta-secretase 1 (BACE) was determined at the concentration of 2 uM,B,,,BAO_0000201,BAO_0000357,single protein format,CC(C)C[C@H](NC(=O)[C@H](CC(C)C)NC(=O)[C@@H](N)CCC(=O)O)C(=O)N[C@@H](Cc1ccccc1)[C@@H](O)C(=O)N[C@@H](CC(=O)O)C(=O)N[C@@H](C)C(=O)N[C@@H](CCC(=O)O)C(=O)N[C@@H](Cc1ccccc1)C(=O)O,,,CHEMBL1136466,Bioorg Med Chem Lett,2003,,,CHEMBL263431,,CHEMBL263431,,0,http://qudt.org/vocab/unit#Percent,260011,<,1,1,<,,Inhibition,%,,20.0,CHEMBL4822,Homo sapiens,Beta-secretase 1,9606,,,Inhibition,%,UO_0000187,,20.0
,,76678,[],CHEMBL653513,Inhibition of beta-secretase 1 (BACE) was determined at the concentration of 2 uM,B,,,BAO_0000201,BAO_0000357,single protein format,CC(C)[C@H](NC(=O)[C@@H](N)CCC(=O)O)C(=O)N[C@@H](CCCCN)C(=O)N[C@@H](Cc1ccccc1)[C@@H](O)C(=O)N[C@@H](CC(=O)O)C(=O)N[C@@H](C)C(=O)N[C@@H](CCC(=O)O)C(=O)N[C@@H](Cc1ccccc1)C(=O)O,,,CHEMBL1136466,Bioorg Med Chem Lett,2003,,,CHEMBL408272,,CHEMBL408272,,0,http://qudt.org/vocab/unit#Percent,260034,<,1,1,<,,Inhibition,%,,20.0,CHEMBL4822,Homo sapiens,Beta-secretase 1,9606,,,Inhibition,%,UO_0000187,,20.0
,,77711,[],CHEMBL653513,Inhibition of beta-secretase 1 (BACE) was determined at the concentration of 2 uM,B,,,BAO_0000201,BAO_0000357,single protein format,CC(C)C[C@H](NC(=O)[C@@H](NC(=O)[C@@H](N)CCC(=O)O)C(C)C)C(=O)N[C@@H](Cc1ccccc1)[C@@H](O)C(=O)N[C@@H](CC(=O)O)C(=O)N[C@@H](C)C(=O)N[C@H](C(=O)N[C@@H](Cc1ccccc1)C(=O)O)C(C)C,,,CHEMBL1136466,Bioorg Med Chem Lett,2003,,,CHEMBL134548,,CHEMBL134548,,0,http://qudt.org/vocab/unit#Percent,260025,=,1,1,=,,Inhibition,%,,57.0,CHEMBL4822,Homo sapiens,Beta-secretase 1,9606,,,Inhibition,%,UO_0000187,,57.0
,,78856,[],CHEMBL653513,Inhibition of beta-secretase 1 (BACE) was determined at the concentration of 2 uM,B,,,BAO_0000201,BAO_0000357,single protein format,CC(C)C[C@H](NC(=O)[C@@H](NC(=O)[C@@H](N)CCC(=O)O)C(C)C)C(=O)N[C@@H](Cc1ccccc1)[C@@H](O)C(=O)N[C@@H](CC(=O)O)C(=O)N[C@@H](C)C(=O)N[C@@H](CCC(=O)O)C(=O)N[C@@H](Cc1ccccc1)C(=O)O,,,CHEMBL1136466,Bioorg Med Chem Lett,2003,,,CHEMBL406146,HGLUVALLEUPNSASPALAGLUPHEOH,CHEMBL406146,,0,http://qudt.org/vocab/unit#Percent,260010,>,1,1,>,,Inhibition,%,,90.0,CHEMBL4822,Homo sapiens,Beta-secretase 1,9606,,,Inhibition,%,UO_0000187,,90.0
,,78857,[],CHEMBL653511,Inhibitory activity against Beta-secretase 1 was determined,B,,,BAO_0000190,BAO_0000357,single protein format,CC(C)C[C@H](NC(=O)[C@@H](NC(=O)[C@@H](N)CCC(=O)O)C(C)C)C(=O)N[C@@H](Cc1ccccc1)[C@@H](O)C(=O)N[C@@H](CC(=O)O)C(=O)N[C@@H](C)C(=O)N[C@@H](CCC(=O)O)C(=O)N[C@@H](Cc1ccccc1)C(=O)O,,,CHEMBL1136466,Bioorg Med Chem Lett,2003,"{'bei': '6.39', 'le': '0.12', 'lle': '7.82', 'sei': '1.60'}",,CHEMBL406146,HGLUVALLEUPNSASPALAGLUPHEOH,CHEMBL406146,6.38,0,http://www.openphacts.org/units/Nanomolar,260010,=,1,1,=,,IC50,nM,,413.0,CHEMBL4822,Homo sapiens,Beta-secretase 1,9606,,,IC50,nM,UO_0000065,,413.0
,,78858,[],CHEMBL653513,Inhibition of beta-secretase 1 (BACE) was determined at the concentration of 2 uM,B,,,BAO_0000201,BAO_0000357,single protein format,CC(C)C[C@H](NC(=O)[C@H](C)NC(=O)[C@H](O)[C@H](Cc1ccccc1)NC(=O)[C@H](CC(C)C)NC(=O)[C@@H](NC(=O)[C@@H](N)CCC(=O)O)C(C)C)C(=O)N[C@@H](CCC(=O)O)C(=O)N[C@@H](Cc1ccccc1)C(=O)O,,,CHEMBL1136466,Bioorg Med Chem Lett,2003,,,CHEMBL267671,,CHEMBL267671,,0,http://qudt.org/vocab/unit#Percent,260029,=,1,1,=,,Inhibition,%,,41.0,CHEMBL4822,Homo sapiens,Beta-secretase 1,9606,,,Inhibition,%,UO_0000187,,41.0
,,80011,[],CHEMBL653513,Inhibition of beta-secretase 1 (BACE) was determined at the concentration of 2 uM,B,,,BAO_0000201,BAO_0000357,single protein format,CC(C)C[C@H](NC(=O)[C@@H](NC(=O)[C@@H](N)CCC(=O)O)C(C)C)C(=O)N[C@@H](Cc1ccccc1)[C@@H](O)C(=O)N1CSC(C)(C)C1C(=O)N[C@@H](C)C(=O)N[C@@H](CCC(=O)O)C(=O)N[C@@H](Cc1ccccc1)C(=O)O,,,CHEMBL1136466,Bioorg Med Chem Lett,2003,,,CHEMBL405680,,CHEMBL405680,,0,http://qudt.org/vocab/unit#Percent,260019,=,1,1,=,,Inhibition,%,,34.0,CHEMBL4822,Homo sapiens,Beta-secretase 1,9606,,,Inhibition,%,UO_0000187,,34.0
,,80012,[],CHEMBL653513,Inhibition of beta-secretase 1 (BACE) was determined at the concentration of 2 uM,B,,,BAO_0000201,BAO_0000357,single protein format,CC(C)C[C@H](NC(=O)[C@@H](NC(=O)[C@@H](N)CCC(=O)O)C(C)C)C(=O)N[C@@H](Cc1ccccc1)[C@@H](O)C(=O)N[C@@H](C)C(=O)N[C@@H](Cc1ccccc1)C(=O)N[C@@H](CCC(=O)O)C(=O)N[C@@H](Cc1ccccc1)C(=O)O,,,CHEMBL1136466,Bioorg Med Chem Lett,2003,,,CHEMBL438013,,CHEMBL438013,,0,http://qudt.org/vocab/unit#Percent,260028,=,1,1,=,,Inhibition,%,,60.0,CHEMBL4822,Homo sapiens,Beta-secretase 1,9606,,,Inhibition,%,UO_0000187,,60.0
,,82296,[],CHEMBL653513,Inhibition of beta-secretase 1 (BACE) was determined at the concentration of 2 uM,B,,,BAO_0000201,BAO_0000357,single protein format,CC(C)C[C@H](NC(=O)[C@H](CC(N)=O)NC(=O)[C@@H](NC(=O)[C@@H](N)CCC(=O)O)C(C)C)[C@@H](O)C(=O)N[C@@H](CC(=O)O)C(=O)N[C@@H](C)C(=O)N[C@@H](CCC(=O)O)C(=O)N[C@@H](Cc1ccccc1)C(=O)O,,,CHEMBL1136466,Bioorg Med Chem Lett,2003,,,CHEMBL135547,,CHEMBL135547,,0,http://qudt.org/vocab/unit#Percent,260007,<,1,1,<,,Inhibition,%,,20.0,CHEMBL4822,Homo sapiens,Beta-secretase 1,9606,,,Inhibition,%,UO_0000187,,20.0
,,83280,[],CHEMBL653513,Inhibition of beta-secretase 1 (BACE) was determined at the concentration of 2 uM,B,,,BAO_0000201,BAO_0000357,single protein format,CC(C)C[C@H](NC(=O)[C@@H](NC(=O)[C@@H](N)CCC(=O)O)C(C)C)C(=O)N[C@@H](Cc1ccccc1)[C@@H](O)C(=O)N[C@@H](C)C(=O)N[C@H](C(=O)N[C@@H](CCC(=O)O)C(=O)N[C@@H](Cc1ccccc1)C(=O)O)C(C)C,,,CHEMBL1136466,Bioorg Med Chem Lett,2003,,,CHEMBL428007,,CHEMBL428007,,0,http://qudt.org/vocab/unit#Percent,260030,=,1,1,=,,Inhibition,%,,30.0,CHEMBL4822,Homo sapiens,Beta-secretase 1,9606,,,Inhibition,%,UO_0000187,,30.0
,,85368,[],CHEMBL653513,Inhibition of beta-secretase 1 (BACE) was determined at the concentration of 2 uM,B,,,BAO_0000201,BAO_0000357,single protein format,CC(C)[C@H](NC(=O)[C@@H](N)CCC(=O)O)C(=O)N[C@@H](CCC(N)=O)C(=O)N[C@@H](Cc1ccccc1)[C@@H](O)C(=O)N[C@@H](CC(=O)O)C(=O)N[C@@H](C)C(=O)N[C@@H](CCC(=O)O)C(=O)N[C@@H](Cc1ccccc1)C(=O)O,,,CHEMBL1136466,Bioorg Med Chem Lett,2003,,,CHEMBL262792,,CHEMBL262792,,0,http://qudt.org/vocab/unit#Percent,260036,=,1,1,=,,Inhibition,%,,36.0,CHEMBL4822,Homo sapiens,Beta-secretase 1,9606,,,Inhibition,%,UO_0000187,,36.0
,,85369,[],CHEMBL653513,Inhibition of beta-secretase 1 (BACE) was determined at the concentration of 2 uM,B,,,BAO_0000201,BAO_0000357,single protein format,CC(C)C[C@H](NC(=O)[C@H](C)NC(=O)[C@H](CC(=O)O)NC(=O)[C@H](O)[C@H](Cc1ccccc1)NC(=O)[C@H](CC(C)C)NC(=O)[C@@H](NC(=O)[C@@H](N)CCC(=O)O)C(C)C)C(=O)N[C@@H](Cc1ccccc1)C(=O)O,,,CHEMBL1136466,Bioorg Med Chem Lett,2003,,,CHEMBL263435,,CHEMBL263435,,0,http://qudt.org/vocab/unit#Percent,260024,=,1,1,=,,Inhibition,%,,57.0,CHEMBL4822,Homo sapiens,Beta-secretase 1,9606,,,Inhibition,%,UO_0000187,,57.0
,,86239,[],CHEMBL653513,Inhibition of beta-secretase 1 (BACE) was determined at the concentration of 2 uM,B,,,BAO_0000201,BAO_0000357,single protein format,CC(C)C[C@H](NC(=O)[C@@H](NC(=O)[C@@H](N)CCC(=O)O)C(C)C)C(=O)N[C@H](Cc1ccccc1)[C@@H](O)C(=O)N[C@@H](CC(N)=O)C(=O)N[C@@H](C)C(=O)N[C@@H](CCC(=O)O)C(=O)N[C@@H](Cc1ccccc1)C(=O)O,,,CHEMBL1136466,Bioorg Med Chem Lett,2003,,,CHEMBL264588,,CHEMBL264588,,0,http://qudt.org/vocab/unit#Percent,260016,=,1,1,=,,Inhibition,%,,22.0,CHEMBL4822,Homo sapiens,Beta-secretase 1,9606,,,Inhibition,%,UO_0000187,,22.0
,,88357,[],CHEMBL653513,Inhibition of beta-secretase 1 (BACE) was determined at the concentration of 2 uM,B,,,BAO_0000201,BAO_0000357,single protein format,CC(C)C[C@H](NC(=O)[C@H](Cc1ccccc1)NC(=O)[C@@H](N)CCC(=O)O)C(=O)N[C@@H](Cc1ccccc1)[C@@H](O)C(=O)N[C@@H](CC(=O)O)C(=O)N[C@@H](C)C(=O)N[C@@H](CCC(=O)O)C(=O)N[C@@H](Cc1ccccc1)C(=O)O,,,CHEMBL1136466,Bioorg Med Chem Lett,2003,,,CHEMBL217267,,CHEMBL217267,,0,http://qudt.org/vocab/unit#Percent,260012,<,1,1,<,,Inhibition,%,,20.0,CHEMBL4822,Homo sapiens,Beta-secretase 1,9606,,,Inhibition,%,UO_0000187,,20.0
,,88358,[],CHEMBL653513,Inhibition of beta-secretase 1 (BACE) was determined at the concentration of 2 uM,B,,,BAO_0000201,BAO_0000357,single protein format,CC(C)C[C@H](NC(=O)[C@@H](NC(=O)[C@@H](N)CCC(=O)O)C(C)C)C(=O)N[C@@H](Cc1ccccc1)[C@@H](O)C(=O)N[C@@H](CC(=O)O)C(=O)N[C@@H](C)C(=O)N[C@@H](Cc1ccccc1)C(=O)N[C@@H](Cc1ccccc1)C(=O)O,,,CHEMBL1136466,Bioorg Med Chem Lett,2003,,,CHEMBL216568,,CHEMBL216568,,0,http://qudt.org/vocab/unit#Percent,260023,=,1,1,=,,Inhibition,%,,67.0,CHEMBL4822,Homo sapiens,Beta-secretase 1,9606,,,Inhibition,%,UO_0000187,,67.0
,,90243,[],CHEMBL653513,Inhibition of beta-secretase 1 (BACE) was determined at the concentration of 2 uM,B,,,BAO_0000201,BAO_0000357,single protein format,CC(C)[C@H](NC(=O)[C@@H](N)CCC(=O)O)C(=O)N[C@@H](CC(=O)O)C(=O)N[C@@H](Cc1ccccc1)[C@@H](O)C(=O)N[C@@H](CC(=O)O)C(=O)N[C@@H](C)C(=O)N[C@@H](CCC(=O)O)C(=O)N[C@@H](Cc1ccccc1)C(=O)O,,,CHEMBL1136466,Bioorg Med Chem Lett,2003,,,CHEMBL216581,,CHEMBL216581,,0,http://qudt.org/vocab/unit#Percent,260008,=,1,1,=,,Inhibition,%,,25.0,CHEMBL4822,Homo sapiens,Beta-secretase 1,9606,,,Inhibition,%,UO_0000187,,25.0
,,90244,[],CHEMBL653513,Inhibition of beta-secretase 1 (BACE) was determined at the concentration of 2 uM,B,,,BAO_0000201,BAO_0000357,single protein format,CC(C)C[C@H](NC(=O)[C@@H](NC(=O)[C@@H](N)CCC(=O)O)C(C)C)C(=O)N[C@@H](Cc1ccccc1)[C@@H](O)C(=O)N[C@@H](C)C(=O)N[C@@H](CCC(=O)O)C(=O)N[C@@H](CCC(=O)O)C(=O)N[C@@H](Cc1ccccc1)C(=O)O,,,CHEMBL1136466,Bioorg Med Chem Lett,2003,,,CHEMBL412828,,CHEMBL412828,,0,http://qudt.org/vocab/unit#Percent,260027,=,1,1,=,,Inhibition,%,,78.0,CHEMBL4822,Homo sapiens,Beta-secretase 1,9606,,,Inhibition,%,UO_0000187,,78.0
,,93290,[],CHEMBL653513,Inhibition of beta-secretase 1 (BACE) was determined at the concentration of 2 uM,B,,,BAO_0000201,BAO_0000357,single protein format,CC(C)C[C@H](NC(=O)[C@@H](NC(=O)[C@@H](N)CCC(=O)O)C(C)C)C(=O)N[C@@H](Cc1ccccc1)[C@@H](O)C(=O)N[C@@H](C)C(=O)N[C@@H](C)C(=O)N[C@@H](CCC(=O)O)C(=O)N[C@@H](Cc1ccccc1)C(=O)O,,,CHEMBL1136466,Bioorg Med Chem Lett,2003,,,CHEMBL435597,,CHEMBL435597,,0,http://qudt.org/vocab/unit#Percent,260013,=,1,1,=,,Inhibition,%,,53.0,CHEMBL4822,Homo sapiens,Beta-secretase 1,9606,,,Inhibition,%,UO_0000187,,53.0
,,93291,[],CHEMBL653513,Inhibition of beta-secretase 1 (BACE) was determined at the concentration of 2 uM,B,,,BAO_0000201,BAO_0000357,single protein format,CC(C)C[C@H](NC(=O)[C@@H](NC(=O)[C@@H](N)CCC(=O)O)C(C)C)C(=O)N[C@H](Cc1ccccc1)[C@@H](O)C(=O)N[C@@H](C)C(=O)N[C@@H](C)C(=O)N[C@@H](CCC(=O)O)C(=O)N[C@@H](Cc1ccccc1)C(=O)O,,,CHEMBL1136466,Bioorg Med Chem Lett,2003,,,CHEMBL135968,,CHEMBL135968,,0,http://qudt.org/vocab/unit#Percent,260017,<,1,1,<,,Inhibition,%,,20.0,CHEMBL4822,Homo sapiens,Beta-secretase 1,9606,,,Inhibition,%,UO_0000187,,20.0
,,95280,[],CHEMBL653513,Inhibition of beta-secretase 1 (BACE) was determined at the concentration of 2 uM,B,,,BAO_0000201,BAO_0000357,single protein format,CC[C@@H](C)[C@H](NC(=O)[C@@H](N)CCC(=O)O)C(=O)N[C@@H](CC(C)C)C(=O)N[C@@H](Cc1ccccc1)[C@@H](O)C(=O)N[C@@H](CC(=O)O)C(=O)N[C@@H](C)C(=O)N[C@@H](CCC(=O)O)C(=O)N[C@@H](Cc1ccccc1)C(=O)O,,,CHEMBL1136466,Bioorg Med Chem Lett,2003,,,CHEMBL1790988,,CHEMBL1790988,,0,http://qudt.org/vocab/unit#Percent,260033,=,1,1,=,,Inhibition,%,,26.0,CHEMBL4822,Homo sapiens,Beta-secretase 1,9606,,,Inhibition,%,UO_0000187,,26.0
,,95281,[],CHEMBL653513,Inhibition of beta-secretase 1 (BACE) was determined at the concentration of 2 uM,B,,,BAO_0000201,BAO_0000357,single protein format,CC(C)C[C@H](NC(=O)[C@@H](NC(=O)[C@@H](N)CCC(=O)O)C(C)C)C(=O)N[C@@H](Cc1ccccc1)[C@@H](O)C(=O)N[C@@H](CCC(N)=O)C(=O)N[C@@H](C)C(=O)N[C@@H](CCC(=O)O)C(=O)N[C@@H](Cc1ccccc1)C(=O)O,,,CHEMBL1136466,Bioorg Med Chem Lett,2003,,,CHEMBL406209,,CHEMBL406209,,0,http://qudt.org/vocab/unit#Percent,260020,=,1,1,=,,Inhibition,%,,41.0,CHEMBL4822,Homo sapiens,Beta-secretase 1,9606,,,Inhibition,%,UO_0000187,,41.0
,,96297,[],CHEMBL653513,Inhibition of beta-secretase 1 (BACE) was determined at the concentration of 2 uM,B,,,BAO_0000201,BAO_0000357,single protein format,CC(C)[C@H](NC(=O)[C@@H](N)CCC(=O)O)C(=O)N[C@@H](CC(N)=O)C(=O)N[C@@H](Cc1ccccc1)[C@@H](O)C(=O)N[C@@H](CC(=O)O)C(=O)N[C@@H](C)C(=O)N[C@@H](CCC(=O)O)C(=O)N[C@@H](Cc1ccccc1)C(=O)O,,,CHEMBL1136466,Bioorg Med Chem Lett,2003,,,CHEMBL216903,,CHEMBL216903,,0,http://qudt.org/vocab/unit#Percent,260037,=,1,1,=,,Inhibition,%,,24.0,CHEMBL4822,Homo sapiens,Beta-secretase 1,9606,,,Inhibition,%,UO_0000187,,24.0
,,98438,[],CHEMBL653513,Inhibition of beta-secretase 1 (BACE) was determined at the concentration of 2 uM,B,,,BAO_0000201,BAO_0000357,single protein format,CC(C)C[C@H](NC(=O)[C@@H](NC(=O)[C@@H](N)CCC(=O)O)C(C)C)C(=O)N[C@@H](Cc1ccccc1)[C@@H](O)C(=O)N[C@@H](CC(=O)O)C(=O)N[C@@H](C)C(=O)N[C@@H](CCC(N)=O)C(=O)N[C@@H](Cc1ccccc1)C(=O)O,,,CHEMBL1136466,Bioorg Med Chem Lett,2003,,,CHEMBL428269,,CHEMBL428269,,0,http://qudt.org/vocab/unit#Percent,260026,=,1,1,=,,Inhibition,%,,56.0,CHEMBL4822,Homo sapiens,Beta-secretase 1,9606,,,Inhibition,%,UO_0000187,,56.0
,,100298,[],CHEMBL653513,Inhibition of beta-secretase 1 (BACE) was determined at the concentration of 2 uM,B,,,BAO_0000201,BAO_0000357,single protein format,CC(C)[C@H](NC(=O)[C@@H](N)CCC(=O)O)C(=O)N[C@@H](CCC(=O)O)C(=O)N[C@@H](Cc1ccccc1)[C@@H](O)C(=O)N[C@@H](CC(=O)O)C(=O)N[C@@H](C)C(=O)N[C@@H](CCC(=O)O)C(=O)N[C@@H](Cc1ccccc1)C(=O)O,,,CHEMBL1136466,Bioorg Med Chem Lett,2003,,,CHEMBL264464,,CHEMBL264464,,0,http://qudt.org/vocab/unit#Percent,260009,=,1,1,=,,Inhibition,%,,30.0,CHEMBL4822,Homo sapiens,Beta-secretase 1,9606,,,Inhibition,%,UO_0000187,,30.0
,,100299,[],CHEMBL653513,Inhibition of beta-secretase 1 (BACE) was determined at the concentration of 2 uM,B,,,BAO_0000201,BAO_0000357,single protein format,CC(C)C[C@H](NC(=O)[C@@H](NC(=O)[C@@H](N)CCC(=O)O)C(C)C)C(=O)N[C@H](Cc1ccccc1)[C@@H](O)C(=O)N[C@@H](CC(=O)O)C(=O)N[C@@H](C)C(=O)N[C@@H](CCC(=O)O)C(=O)N[C@@H](Cc1ccccc1)C(=O)O,,,CHEMBL1136466,Bioorg Med Chem Lett,2003,,,CHEMBL405679,,CHEMBL405679,,0,http://qudt.org/vocab/unit#Percent,260018,=,1,1,=,,Inhibition,%,,66.0,CHEMBL4822,Homo sapiens,Beta-secretase 1,9606,,,Inhibition,%,UO_0000187,,66.0
,,104243,[],CHEMBL653513,Inhibition of beta-secretase 1 (BACE) was determined at the concentration of 2 uM,B,,,BAO_0000201,BAO_0000357,single protein format,CSCC[C@H](NC(=O)[C@@H](NC(=O)[C@@H](N)CCC(=O)O)C(C)C)C(=O)N[C@@H](Cc1ccccc1)[C@@H](O)C(=O)N[C@@H](CC(=O)O)C(=O)N[C@@H](C)C(=O)N[C@@H](CCC(=O)O)C(=O)N[C@@H](Cc1ccccc1)C(=O)O,,,CHEMBL1136466,Bioorg Med Chem Lett,2003,,,CHEMBL266307,,CHEMBL266307,,0,http://qudt.org/vocab/unit#Percent,260035,=,1,1,=,,Inhibition,%,,42.0,CHEMBL4822,Homo sapiens,Beta-secretase 1,9606,,,Inhibition,%,UO_0000187,,42.0
,,104244,[],CHEMBL653513,Inhibition of beta-secretase 1 (BACE) was determined at the concentration of 2 uM,B,,,BAO_0000201,BAO_0000357,single protein format,CSCC[C@H](NC(=O)[C@@H](N)CCC(=O)O)C(=O)N[C@@H](CC(C)C)C(=O)N[C@@H](Cc1ccccc1)[C@@H](O)C(=O)N[C@@H](CC(=O)O)C(=O)N[C@@H](C)C(=O)N[C@@H](CCC(=O)O)C(=O)N[C@@H](Cc1ccccc1)C(=O)O,,,CHEMBL1136466,Bioorg Med Chem Lett,2003,,,CHEMBL265287,,CHEMBL265287,,0,http://qudt.org/vocab/unit#Percent,260032,<,1,1,<,,Inhibition,%,,20.0,CHEMBL4822,Homo sapiens,Beta-secretase 1,9606,,,Inhibition,%,UO_0000187,,20.0
,,104245,[],CHEMBL653513,Inhibition of beta-secretase 1 (BACE) was determined at the concentration of 2 uM,B,,,BAO_0000201,BAO_0000357,single protein format,CC(C)C[C@H](NC(=O)[C@@H](NC(=O)[C@@H](N)CCC(=O)O)C(C)C)C(=O)N[C@@H](Cc1ccccc1)[C@@H](O)C(=O)N[C@@H](CC(N)=O)C(=O)N[C@@H](C)C(=O)N[C@@H](CCC(=O)O)C(=O)N[C@@H](Cc1ccccc1)C(=O)O,,,CHEMBL1136466,Bioorg Med Chem Lett,2003,,,CHEMBL266310,,CHEMBL266310,,0,http://qudt.org/vocab/unit#Percent,260022,=,1,1,=,,Inhibition,%,,54.0,CHEMBL4822,Homo sapiens,Beta-secretase 1,9606,,,Inhibition,%,UO_0000187,,54.0
,,104246,[],CHEMBL653513,Inhibition of beta-secretase 1 (BACE) was determined at the concentration of 2 uM,B,,,BAO_0000201,BAO_0000357,single protein format,CC(C)C[C@H](NC(=O)[C@@H](NC(=O)[C@@H](N)CCC(=O)O)C(C)C)C(=O)N[C@H](Cc1ccccc1)[C@@H](O)C(=O)N[C@@H](CCC(N)=O)C(=O)N[C@@H](C)C(=O)N[C@@H](CCC(=O)O)C(=O)N[C@@H](Cc1ccccc1)C(=O)O,,,CHEMBL1136466,Bioorg Med Chem Lett,2003,,,CHEMBL411080,,CHEMBL411080,,0,http://qudt.org/vocab/unit#Percent,260014,=,1,1,=,,Inhibition,%,,33.0,CHEMBL4822,Homo sapiens,Beta-secretase 1,9606,,,Inhibition,%,UO_0000187,,33.0
,,265733,[],CHEMBL655069,Binding affinity for human brain memapsin 2 beta-Secretase (BACE),B,,,BAO_0000192,BAO_0000019,assay format,CSCCC(NC(=O)[C@@H](NC(=O)OC(C)(C)C)C(C)C)C(=O)N[C@@H](CC(C)C)C(O)CC(CC(C)C)C(=O)NC(C(=O)NCc1ccccc1)C(C)C,,,CHEMBL1144924,J Med Chem,2003,"{'bei': '6.52', 'le': '0.13', 'lle': '-0.20', 'sei': '2.85'}",,CHEMBL302651,,CHEMBL302651,4.98,0,http://www.openphacts.org/units/Nanomolar,112593,=,1,1,=,,Ki,nM,,10491.0,CHEMBL4822,Homo sapiens,Beta-secretase 1,9606,,,Ki,nM,UO_0000065,,10491.0
,,270860,[],CHEMBL655069,Binding affinity for human brain memapsin 2 beta-Secretase (BACE),B,,,BAO_0000192,BAO_0000019,assay format,CC(C)C[C@H](NC(=O)[C@H](CC(N)=O)NC(=O)OC(C)(C)C)C(O)CC(C)C(=O)NC(C(=O)NCc1ccccc1)C(C)C,,,CHEMBL1144924,J Med Chem,2003,"{'bei': '9.09', 'le': '0.17', 'lle': '3.37', 'sei': '2.91'}",,CHEMBL305381,,CHEMBL305381,5.50,0,http://www.openphacts.org/units/Nanomolar,112587,=,1,1,=,,Ki,nM,,3134.0,CHEMBL4822,Homo sapiens,Beta-secretase 1,9606,,,Ki,nM,UO_0000065,,3134.0
,,272187,[],CHEMBL655069,Binding affinity for human brain memapsin 2 beta-Secretase (BACE),B,,,BAO_0000192,BAO_0000019,assay format,CC(C)C[C@H](NC(=O)[C@H](CC(N)=O)NC(=O)OC(C)(C)C)C(O)CC(C)C(=O)NC(C)C(=O)NCc1ccccc1,,,CHEMBL1144924,J Med Chem,2003,"{'bei': '8.05', 'le': '0.15', 'lle': '3.16', 'sei': '2.46'}",,CHEMBL431917,,CHEMBL431917,4.65,0,http://www.openphacts.org/units/Nanomolar,112586,=,1,1,=,,Ki,nM,,22423.0,CHEMBL4822,Homo sapiens,Beta-secretase 1,9606,,,Ki,nM,UO_0000065,,22423.0
,,275748,[],CHEMBL655069,Binding affinity for human brain memapsin 2 beta-Secretase (BACE),B,,,BAO_0000192,BAO_0000019,assay format,CC(C)C[C@H](NC(=O)[C@H](CS(C)(=O)=O)NC(=O)OC(C)(C)C)C(O)CC(C)C(=O)NC(C(=O)NCc1ccccc1)C(C)C,,,CHEMBL1144924,J Med Chem,2003,"{'bei': '9.28', 'le': '0.18', 'lle': '3.65', 'sei': '3.30'}",,CHEMBL302833,,CHEMBL302833,5.95,0,http://www.openphacts.org/units/Nanomolar,112598,=,1,1,=,,Ki,nM,,1129.0,CHEMBL4822,Homo sapiens,Beta-secretase 1,9606,,,Ki,nM,UO_0000065,,1129.0
,,281791,[],CHEMBL655069,Binding affinity for human brain memapsin 2 beta-Secretase (BACE),B,,,BAO_0000192,BAO_0000019,assay format,CC(C)C[C@H](NC(=O)[C@H](CC(N)=O)NC(=O)[C@@H](NC(=O)[C@@H](N)CCC(=O)O)C(C)C)[C@@H](O)C[C@@H](C)C(=O)N[C@@H](C)C(=O)N[C@@H](CCC(=O)O)C(=O)N[C@@H](Cc1ccccc1)C(=O)O,,,CHEMBL1144924,J Med Chem,2003,"{'bei': '9.85', 'le': '0.19', 'lle': '10.54', 'sei': '2.34'}",,CHEMBL78946,,CHEMBL78946,8.80,0,http://www.openphacts.org/units/Nanomolar,112592,=,1,1,=,,Ki,nM,,1.6,CHEMBL4822,Homo sapiens,Beta-secretase 1,9606,,,Ki,nM,UO_0000065,,1.6
,,282967,[],CHEMBL655069,Binding affinity for human brain memapsin 2 beta-Secretase (BACE),B,,,BAO_0000192,BAO_0000019,assay format,CSCC(NC(=O)[C@@H](NC(=O)OC(C)(C)C)C(C)C)C(=O)N[C@@H](CC(C)C)C(O)CC(C)C(=O)NC(C(=O)NCc1ccccc1)C(C)C,,,CHEMBL1144924,J Med Chem,2003,"{'bei': '10.31', 'le': '0.20', 'lle': '3.54', 'sei': '4.17'}",,CHEMBL65752,,CHEMBL65752,7.30,0,http://www.openphacts.org/units/Nanomolar,112589,=,1,1,=,,Ki,nM,,50.1,CHEMBL4822,Homo sapiens,Beta-secretase 1,9606,,,Ki,nM,UO_0000065,,50.1
,,286491,[],CHEMBL655069,Binding affinity for human brain memapsin 2 beta-Secretase (BACE),B,,,BAO_0000192,BAO_0000019,assay format,CC(C)C[C@H](NC(=O)C(CC(N)=O)NC(=O)[C@@H](NC(=O)OC(C)(C)C)C(C)C)C(O)CC(C)C(=O)NC(C)C(=O)NCc1ccccc1,,,CHEMBL1144924,J Med Chem,2003,"{'bei': '10.65', 'le': '0.21', 'lle': '5.57', 'sei': '3.31'}",,CHEMBL65981,,CHEMBL65981,7.21,0,http://www.openphacts.org/units/Nanomolar,112588,=,1,1,=,,Ki,nM,,61.4,CHEMBL4822,Homo sapiens,Beta-secretase 1,9606,,,Ki,nM,UO_0000065,,61.4
,,286492,[],CHEMBL655069,Binding affinity for human brain memapsin 2 beta-Secretase (BACE),B,,,BAO_0000192,BAO_0000019,assay format,CSCCC(NC(=O)OC(C)(C)C)C(=O)N[C@@H](CC(C)C)C(O)CC(C)C(=O)NC(C(=O)NCc1ccccc1)C(C)C,,,CHEMBL1144924,J Med Chem,2003,"{'bei': '8.41', 'le': '0.17', 'lle': '1.23', 'sei': '3.59'}",,CHEMBL66595,,CHEMBL66595,5.24,0,http://www.openphacts.org/units/Nanomolar,112590,=,1,1,=,,Ki,nM,,5808.0,CHEMBL4822,Homo sapiens,Beta-secretase 1,9606,,,Ki,nM,UO_0000065,,5808.0
,,292639,[],CHEMBL655069,Binding affinity for human brain memapsin 2 beta-Secretase (BACE),B,,,BAO_0000192,BAO_0000019,assay format,CSCCC(NC(=O)[C@@H](NC(=O)OC(C)(C)C)C(C)C)C(=O)N[C@@H](CC(C)C)C(O)CC(C)C(=O)NC(C(=O)NCc1ccccc1)C(C)C,,,CHEMBL1144924,J Med Chem,2003,"{'bei': '11.91', 'le': '0.23', 'lle': '4.45', 'sei': '4.92'}",,CHEMBL293611,,CHEMBL293611,8.60,0,http://www.openphacts.org/units/Nanomolar,112595,=,1,1,=,,Ki,nM,,2.5,CHEMBL4822,Homo sapiens,Beta-secretase 1,9606,,,Ki,nM,UO_0000065,,2.5
,,293794,[],CHEMBL655069,Binding affinity for human brain memapsin 2 beta-Secretase (BACE),B,,,BAO_0000192,BAO_0000019,assay format,CC(C)C[C@H](NC(=O)C(CS(C)(=O)=O)NC(=O)[C@@H](NC(=O)OC(C)(C)C)C(C)C)C(O)CC(C)C(=O)NC(C(=O)NCc1ccccc1)C(C)C,,,CHEMBL1144924,J Med Chem,2003,"{'bei': '10.85', 'le': '0.21', 'lle': '5.59', 'sei': '3.84'}",,CHEMBL294274,,CHEMBL294274,8.03,0,http://www.openphacts.org/units/Nanomolar,112596,=,1,1,=,,Ki,nM,,9.4,CHEMBL4822,Homo sapiens,Beta-secretase 1,9606,,,Ki,nM,UO_0000065,,9.4
,,295171,[],CHEMBL655069,Binding affinity for human brain memapsin 2 beta-Secretase (BACE),B,,,BAO_0000192,BAO_0000019,assay format,CC(C)C[C@H](NC(=O)C(CC(N)=O)NC(=O)[C@@H](NC(=O)OC(C)(C)C)C(C)C)C(O)CC(C)C(=O)NC(C(=O)NCc1ccccc1)C(C)C,,,CHEMBL1144924,J Med Chem,2003,"{'bei': '11.67', 'le': '0.22', 'lle': '5.96', 'sei': '3.77'}",,CHEMBL304010,,CHEMBL304010,8.23,0,http://www.openphacts.org/units/Nanomolar,112597,=,1,1,=,,Ki,nM,,5.9,CHEMBL4822,Homo sapiens,Beta-secretase 1,9606,,,Ki,nM,UO_0000065,,5.9
,,295172,[],CHEMBL655069,Binding affinity for human brain memapsin 2 beta-Secretase (BACE),B,,,BAO_0000192,BAO_0000019,assay format,CC(C)C[C@H](NC(=O)[C@@H](N)CCC(=O)O)C(=O)N[C@@H](CC(=O)O)C(=O)N[C@@H](CC(C)C)[C@@H](O)C[C@@H](C)C(=O)N[C@H](C(=O)N[C@@H](CCC(=O)O)C(=O)NC(Cc1ccccc1)C(=O)O)C(C)C,,,CHEMBL1144924,J Med Chem,2003,"{'bei': '10.14', 'le': '0.20', 'lle': '9.60', 'sei': '2.57'}",,CHEMBL264379,,CHEMBL264379,9.49,0,http://www.openphacts.org/units/Nanomolar,112591,=,1,1,=,,Ki,nM,,0.32,CHEMBL4822,Homo sapiens,Beta-secretase 1,9606,,,Ki,nM,UO_0000065,,0.32
,,298965,[],CHEMBL655069,Binding affinity for human brain memapsin 2 beta-Secretase (BACE),B,,,BAO_0000192,BAO_0000019,assay format,CC(C)C[C@H](NC(=O)C(CCS(C)(=O)=O)NC(=O)[C@@H](NC(=O)OC(C)(C)C)C(C)C)C(O)CC(C)C(=O)NC(C(=O)NCc1ccccc1)C(C)C,,,CHEMBL1144924,J Med Chem,2003,"{'bei': '10.74', 'le': '0.21', 'lle': '5.27', 'sei': '3.87'}",,CHEMBL440490,,CHEMBL440490,8.10,0,http://www.openphacts.org/units/Nanomolar,112594,=,1,1,=,,Ki,nM,,8.0,CHEMBL4822,Homo sapiens,Beta-secretase 1,9606,,,Ki,nM,UO_0000065,,8.0
,,391560,[],CHEMBL653332,Compound was tested for its inhibitory activity against human beta-Secretase (BACE),B,,,BAO_0000190,BAO_0000357,single protein format,CC(C)C[C@H](NC(=O)[C@H](CC(N)=O)NC(=O)[C@@H](NC(=O)[C@@H](N)CCC(=O)O)C(C)C)[C@@H](O)C[C@@H](C)C(=O)N[C@@H](C)C(=O)N[C@@H](CCC(=O)O)C(=O)N[C@@H](Cc1ccccc1)C(=O)O,,,CHEMBL1144938,J Med Chem,2003,"{'bei': '9.74', 'le': '0.19', 'lle': '10.44', 'sei': '2.31'}",,CHEMBL78946,,CHEMBL78946,8.70,0,http://www.openphacts.org/units/Nanomolar,274693,=,1,1,=,,IC50,nM,,2.0,CHEMBL4822,Homo sapiens,Beta-secretase 1,9606,,,IC50,uM,UO_0000065,,0.002
,,391983,[],CHEMBL653512,Inhibition of human Beta-secretase 1,B,,,BAO_0000190,BAO_0000357,single protein format,CCC(C)C[C@H](NC(=O)[C@H](CC(C)C)NC(C)=O)[C@@H](O)CC(=O)NC(CCSC)[C@@H](O)CC(=O)N[C@H](C(=O)NCc1ccc(C(=O)O)cc1)C(C)C,,,CHEMBL1147464,Bioorg Med Chem Lett,2004,"{'bei': '8.43', 'le': '0.17', 'lle': '3.99', 'sei': '2.84'}",,CHEMBL324109,,CHEMBL324109,6.34,0,http://www.openphacts.org/units/Nanomolar,219979,=,1,1,=,,IC50,nM,,460.0,CHEMBL4822,Homo sapiens,Beta-secretase 1,9606,,,IC50,uM,UO_0000065,,0.46
,,395858,[],CHEMBL653512,Inhibition of human Beta-secretase 1,B,,,BAO_0000190,BAO_0000357,single protein format,CC(=O)NCC(=O)N[C@@H](Cc1ccccc1)[C@@H](O)CC(=O)N[C@@H](CC1CCCCC1)[C@@H](O)CC(=O)N[C@H](C(=O)NCc1ccc(C(=O)O)cc1)C(C)C,,,CHEMBL1147464,Bioorg Med Chem Lett,2004,"{'bei': '6.84', 'le': '0.13', 'lle': '3.09', 'sei': '2.26'}",,CHEMBL114147,,CHEMBL114147,5.05,0,http://www.openphacts.org/units/Nanomolar,219988,=,1,1,=,,IC50,nM,,9000.0,CHEMBL4822,Homo sapiens,Beta-secretase 1,9606,,,IC50,uM,UO_0000065,,9.0
,,395859,[],CHEMBL653512,Inhibition of human Beta-secretase 1,B,,,BAO_0000190,BAO_0000357,single protein format,CC(=O)N[C@@H](Cc1ccccc1)C(=O)N[C@@H](Cc1ccccc1)[C@@H](O)CC(=O)N[C@@H](CC1CCCCC1)[C@@H](O)CC(=O)N[C@H](C(=O)NCc1ccc(C(=O)O)cc1)C(C)C,,,CHEMBL1147464,Bioorg Med Chem Lett,2004,"{'bei': '6.34', 'le': '0.12', 'lle': '1.68', 'sei': '2.35'}",,CHEMBL419949,,CHEMBL419949,5.25,0,http://www.openphacts.org/units/Nanomolar,219982,=,1,1,=,,IC50,nM,,5600.0,CHEMBL4822,Homo sapiens,Beta-secretase 1,9606,,,IC50,uM,UO_0000065,,5.6
,,397117,[],CHEMBL653512,Inhibition of human Beta-secretase 1,B,,,BAO_0000190,BAO_0000357,single protein format,CCC(C)C[C@H](NC(=O)[C@H](CC(C)C)NC(C)=O)[C@@H](O)CC(=O)NC(CC[S+](C)[O-])[C@@H](O)CC(=O)N[C@H](C(=O)NCc1ccc(C(=O)O)cc1)C(C)C,,,CHEMBL1147464,Bioorg Med Chem Lett,2004,"{'bei': '5.82', 'le': '0.12', 'lle': '3.10', 'sei': '1.81'}",,CHEMBL116826,,CHEMBL116826,4.47,0,http://www.openphacts.org/units/Nanomolar,219989,=,1,1,=,,IC50,nM,,34000.0,CHEMBL4822,Homo sapiens,Beta-secretase 1,9606,,,IC50,uM,UO_0000065,,34.0
,,400254,[],CHEMBL653332,Compound was tested for its inhibitory activity against human beta-Secretase (BACE),B,,,BAO_0000190,BAO_0000357,single protein format,CC(C)[C@H](NC(=O)C[C@H](O)[C@H](Cc1cc(F)cc(F)c1)NC(=O)C(O)c1ccccc1-c1ccccc1)C(=O)Nc1cc(C(=O)O)cc(C(=O)O)c1,,,CHEMBL1144938,J Med Chem,2003,"{'bei': '10.73', 'le': '0.20', 'lle': '3.38', 'sei': '3.80'}",,CHEMBL143239,,CHEMBL143239,7.70,0,http://www.openphacts.org/units/Nanomolar,274694,=,1,1,=,,IC50,nM,,20.0,CHEMBL4822,Homo sapiens,Beta-secretase 1,9606,,,IC50,uM,UO_0000065,,0.02
,,400255,[],CHEMBL653331,Compound was tested for its effective concentration against human beta-Secretase (BACE),B,,,BAO_0000188,BAO_0000357,single protein format,CC(C)[C@H](NC(=O)C[C@H](O)[C@H](Cc1cc(F)cc(F)c1)NC(=O)C(O)c1ccccc1-c1ccccc1)C(=O)Nc1cc(C(=O)O)cc(C(=O)O)c1,,,CHEMBL1144938,J Med Chem,2003,"{'bei': '6.97', 'le': '0.13', 'lle': '0.68', 'sei': '2.47'}",,CHEMBL143239,,CHEMBL143239,5.00,0,http://www.openphacts.org/units/Nanomolar,274694,=,1,1,=,,EC50,nM,,10000.0,CHEMBL4822,Homo sapiens,Beta-secretase 1,9606,,,EC50,uM,UO_0000065,,10.0
,,402256,[],CHEMBL653512,Inhibition of human Beta-secretase 1,B,,,BAO_0000190,BAO_0000357,single protein format,CCC(C)C[C@H](NC(=O)[C@H](CC(C)C)NC(C)=O)[C@@H](O)CC(=O)N[C@@H](Cc1ccccc1)[C@@H](O)CC(=O)N[C@H](C(=O)NCc1ccc(C(=O)O)cc1)C(C)C,,,CHEMBL1147464,Bioorg Med Chem Lett,2004,"{'bei': '10.00', 'le': '0.19', 'lle': '4.84', 'sei': '3.44'}",,CHEMBL332948,,CHEMBL332948,7.68,0,http://www.openphacts.org/units/Nanomolar,219977,=,1,1,=,,IC50,nM,,21.0,CHEMBL4822,Homo sapiens,Beta-secretase 1,9606,,,IC50,uM,UO_0000065,,0.021
,,402257,[],CHEMBL653512,Inhibition of human Beta-secretase 1,B,,,BAO_0000190,BAO_0000357,single protein format,CSCC[C@H](NC(=O)[C@@H](NC(C)=O)C(C)C)C(=O)N[C@@H](CC(C)C)[C@@H](O)CC(=O)N[C@H](C(=O)N[C@@H](C)C(=O)N[C@@H](CCC(=O)O)C(=O)N[C@@H](Cc1ccccc1)C(=O)O)C(C)C,,,CHEMBL1147464,Bioorg Med Chem Lett,2004,"{'bei': '7.30', 'le': '0.14', 'lle': '6.05', 'sei': '2.18'}",,CHEMBL51386,,CHEMBL51386,6.52,1,http://www.openphacts.org/units/Nanomolar,219983,=,1,1,=,,IC50,nM,,300.0,CHEMBL4822,Homo sapiens,Beta-secretase 1,9606,,,IC50,uM,UO_0000065,,0.3
,,405238,[],CHEMBL653512,Inhibition of human Beta-secretase 1,B,,,BAO_0000190,BAO_0000357,single protein format,CC(=O)N[C@@H](CC(C)C)C(=O)N[C@@H](Cc1ccccc1)[C@@H](O)CC(=O)N[C@@H](CC1CCCCC1)[C@@H](O)CC(=O)N[C@H](C(=O)NCc1ccc(C(=O)O)cc1)C(C)C,,,CHEMBL1147464,Bioorg Med Chem Lett,2004,"{'bei': '9.20', 'le': '0.17', 'lle': '3.92', 'sei': '3.27'}",,CHEMBL332260,,CHEMBL332260,7.30,0,http://www.openphacts.org/units/Nanomolar,219980,=,1,1,=,,IC50,nM,,50.0,CHEMBL4822,Homo sapiens,Beta-secretase 1,9606,,,IC50,uM,UO_0000065,,0.05
,,406414,[],CHEMBL653512,Inhibition of human Beta-secretase 1,B,,,BAO_0000190,BAO_0000357,single protein format,CC(=O)N[C@@H](CC(C)C)C(=O)N[C@@H](Cc1ccccc1)[C@@H](O)CC(=O)N[C@@H](CC1CCCCC1)[C@@H](O)CC(=O)N[C@H](C(=O)NCc1ccc(C(=O)O)cc1)C(C)C,,,CHEMBL1147464,Bioorg Med Chem Lett,2004,"{'bei': '7.78', 'le': '0.15', 'lle': '2.79', 'sei': '2.77'}",,CHEMBL332260,,CHEMBL332260,6.17,0,http://www.openphacts.org/units/Nanomolar,219981,=,1,1,=,,IC50,nM,,670.0,CHEMBL4822,Homo sapiens,Beta-secretase 1,9606,,,IC50,uM,UO_0000065,,0.67
,,408358,[],CHEMBL653332,Compound was tested for its inhibitory activity against human beta-Secretase (BACE),B,,,BAO_0000190,BAO_0000357,single protein format,CCC(O)[C@H](NC(=O)[C@@H](N)CCCN)C(=O)N[C@@H](CCC(=O)O)C(=O)N[C@@H](CCC(=O)O)C(=O)N[C@H](C(=O)N[C@@H](CO)C(=O)N[C@@H](CCC(=O)O)C(=O)N[C@H](C(=O)N[C@@H](CCSC)C(=O)N[C@@H](CC(C)C)[C@@H](O)CC(=O)N[C@H](C(=O)N[C@@H](C)C(=O)N[C@@H](CCC(=O)O)C(=O)N[C@@H](Cc1ccccc1)C(=O)O)C(C)C)C(C)C)[C@@H](C)CC,,,CHEMBL1144938,J Med Chem,2003,"{'bei': '4.51', 'le': None, 'lle': None, 'sei': None}",,CHEMBL2370886,,CHEMBL2370886,7.52,0,http://www.openphacts.org/units/Nanomolar,274689,=,1,1,=,,IC50,nM,,30.0,CHEMBL4822,Homo sapiens,Beta-secretase 1,9606,,,IC50,uM,UO_0000065,,0.03
,,408359,[],CHEMBL653332,Compound was tested for its inhibitory activity against human beta-Secretase (BACE),B,,,BAO_0000190,BAO_0000357,single protein format,c1ccc(-c2ccc(COc3ccc4c(c3)CCC(CCN3CCCCC3)C4)cc2)cc1,,,CHEMBL1144938,J Med Chem,2003,"{'bei': '15.17', 'le': '0.28', 'lle': '-0.45', 'sei': '51.77'}",,CHEMBL142715,,CHEMBL142715,6.46,0,http://www.openphacts.org/units/Nanomolar,274690,=,1,1,=,,IC50,nM,,350.0,CHEMBL4822,Homo sapiens,Beta-secretase 1,9606,,,IC50,uM,UO_0000065,,0.35
,,408831,[],CHEMBL653512,Inhibition of human Beta-secretase 1,B,,,BAO_0000190,BAO_0000357,single protein format,CC(C)[C@H](NC(=O)C[C@H](O)[C@H](CC1CCCCC1)NC(=O)C[C@H](O)[C@H](Cc1ccccc1)NC(=O)OC(C)(C)C)C(=O)NCc1ccc(C(=O)O)cc1,,,CHEMBL1147464,Bioorg Med Chem Lett,2004,,,CHEMBL326488,,CHEMBL326488,,0,http://www.openphacts.org/units/Nanomolar,219984,>,1,1,>,,IC50,nM,,100000.0,CHEMBL4822,Homo sapiens,Beta-secretase 1,9606,,,IC50,uM,UO_0000065,,100.0
,,413277,[],CHEMBL653332,Compound was tested for its inhibitory activity against human beta-Secretase (BACE),B,,,BAO_0000190,BAO_0000357,single protein format,CSCC[C@H](NC(=O)[C@@H](NC(=O)OC(C)(C)C)C(C)C)C(=O)N[C@@H](CC(C)C)[C@@H](O)C[C@@H](C)C(=O)N[C@H](C(=O)NCc1ccccc1)C(C)C,,,CHEMBL1144938,J Med Chem,2003,"{'bei': '12.05', 'le': '0.24', 'lle': '4.55', 'sei': '4.97'}",,CHEMBL290001,,CHEMBL290001,8.70,0,http://www.openphacts.org/units/Nanomolar,274692,=,1,1,=,,IC50,nM,,2.0,CHEMBL4822,Homo sapiens,Beta-secretase 1,9606,,,IC50,uM,UO_0000065,,0.002
,,415726,[],CHEMBL653332,Compound was tested for its inhibitory activity against human beta-Secretase (BACE),B,,,BAO_0000190,BAO_0000357,single protein format,CSCC[C@H](NC(=O)[C@@H](NC(C)=O)C(C)C)C(=O)N[C@@H](CC(C)C)[C@@H](O)CC(=O)N[C@H](C(=O)N[C@@H](C)C(=O)N[C@@H](CCC(=O)O)C(=O)N[C@@H](Cc1ccccc1)C(=O)O)C(C)C,,,CHEMBL1144938,J Med Chem,2003,"{'bei': '7.30', 'le': '0.14', 'lle': '6.05', 'sei': '2.18'}",,CHEMBL51386,,CHEMBL51386,6.52,1,http://www.openphacts.org/units/Nanomolar,274691,=,1,1,=,,IC50,nM,,300.0,CHEMBL4822,Homo sapiens,Beta-secretase 1,9606,,,IC50,uM,UO_0000065,,0.3
,,416186,[],CHEMBL653512,Inhibition of human Beta-secretase 1,B,,,BAO_0000190,BAO_0000357,single protein format,CC(=O)N[C@@H](CCC(=O)O)C(=O)N[C@@H](Cc1ccccc1)[C@@H](O)CC(=O)N[C@@H](CC1CCCCC1)[C@@H](O)CC(=O)N[C@H](C(=O)NCc1ccc(C(=O)O)cc1)C(C)C,,,CHEMBL1147464,Bioorg Med Chem Lett,2004,"{'bei': '5.40', 'le': '0.10', 'lle': '2.18', 'sei': '1.68'}",,CHEMBL324122,,CHEMBL324122,4.38,0,http://www.openphacts.org/units/Nanomolar,219987,=,1,1,=,,IC50,nM,,42000.0,CHEMBL4822,Homo sapiens,Beta-secretase 1,9606,,,IC50,uM,UO_0000065,,42.0
,,416187,[],CHEMBL653512,Inhibition of human Beta-secretase 1,B,,,BAO_0000190,BAO_0000357,single protein format,CC(C)[C@H](NC(=O)C[C@H](O)[C@H](CC1CCCCC1)NC(=O)C[C@H](O)[C@H](Cc1ccccc1)NC(=O)[C@@H]1CCCN1)C(=O)NCc1ccc(C(=O)O)cc1,,,CHEMBL1147464,Bioorg Med Chem Lett,2004,"{'bei': '8.00', 'le': '0.15', 'lle': '3.31', 'sei': '2.85'}",,CHEMBL114169,,CHEMBL114169,5.89,0,http://www.openphacts.org/units/Nanomolar,219986,=,1,1,=,,IC50,nM,,1300.0,CHEMBL4822,Homo sapiens,Beta-secretase 1,9606,,,IC50,uM,UO_0000065,,1.3
,,416942,[],CHEMBL653332,Compound was tested for its inhibitory activity against human beta-Secretase (BACE),B,,,BAO_0000190,BAO_0000357,single protein format,COC(=O)c1cc(NC(=O)[C@@H](NC(=O)C[C@H](O)[C@H](Cc2cc(F)cc(F)c2)NC(=O)C(O)c2ccccc2-c2ccccc2)C(C)C)cc(C(=O)OC)c1,,,CHEMBL1144938,J Med Chem,2003,"{'bei': '9.28', 'le': '0.18', 'lle': '2.42', 'sei': '3.84'}",,CHEMBL143687,,CHEMBL143687,6.92,0,http://www.openphacts.org/units/Nanomolar,274695,=,1,1,=,,IC50,nM,,120.0,CHEMBL4822,Homo sapiens,Beta-secretase 1,9606,,,IC50,uM,UO_0000065,,0.12
,,416943,[],CHEMBL653331,Compound was tested for its effective concentration against human beta-Secretase (BACE),B,,,BAO_0000188,BAO_0000357,single protein format,COC(=O)c1cc(NC(=O)[C@@H](NC(=O)C[C@H](O)[C@H](Cc2cc(F)cc(F)c2)NC(=O)C(O)c2ccccc2-c2ccccc2)C(C)C)cc(C(=O)OC)c1,,,CHEMBL1144938,J Med Chem,2003,"{'bei': '7.24', 'le': '0.14', 'lle': '0.90', 'sei': '2.99'}",,CHEMBL143687,,CHEMBL143687,5.40,0,http://www.openphacts.org/units/Nanomolar,274695,=,1,1,=,,EC50,nM,,4000.0,CHEMBL4822,Homo sapiens,Beta-secretase 1,9606,,,EC50,uM,UO_0000065,,4.0
,,423880,[],CHEMBL653512,Inhibition of human Beta-secretase 1,B,,,BAO_0000190,BAO_0000357,single protein format,CCC(C)C[C@H](NC(=O)C[C@H](O)[C@H](Cc1ccccc1)NC(=O)[C@H](CC(C)C)NC(C)=O)[C@@H](O)CC(=O)N[C@H](C(=O)NCc1ccc(C(=O)O)cc1)C(C)C,,,CHEMBL1147464,Bioorg Med Chem Lett,2004,"{'bei': '8.06', 'le': '0.15', 'lle': '3.35', 'sei': '2.77'}",,CHEMBL309438,,CHEMBL309438,6.19,0,http://www.openphacts.org/units/Nanomolar,219978,=,1,1,=,,IC50,nM,,650.0,CHEMBL4822,Homo sapiens,Beta-secretase 1,9606,,,IC50,uM,UO_0000065,,0.65
,,428864,[],CHEMBL653512,Inhibition of human Beta-secretase 1,B,,,BAO_0000190,BAO_0000357,single protein format,CC(C)[C@H](NC(=O)C[C@H](O)[C@H](CC1CCCCC1)NC(=O)C[C@H](O)[C@@H](N)Cc1ccccc1)C(=O)NCc1ccc(C(=O)O)cc1,,,CHEMBL1147464,Bioorg Med Chem Lett,2004,,,CHEMBL332713,,CHEMBL332713,,0,http://www.openphacts.org/units/Nanomolar,219985,>,1,1,>,,IC50,nM,,100000.0,CHEMBL4822,Homo sapiens,Beta-secretase 1,9606,,,IC50,uM,UO_0000065,,100.0
,,473616,[],CHEMBL653509,In vitro inhibitory activity against Beta-secretase 1 in human HEK293 cells,B,,,BAO_0000190,BAO_0000219,cell-based format,CC(C)[C@H](F)C(=O)N[C@@H](C)C(=O)N[C@@H](Cc1ccccc1)[C@@H](O)C[C@@H](C)C(=O)N[C@H](C(=O)NCc1ccncc1)C(C)C,,,CHEMBL1146699,Bioorg Med Chem Lett,2004,"{'bei': '9.92', 'le': '0.19', 'lle': '3.50', 'sei': '3.98'}",,CHEMBL82270,,CHEMBL82270,5.95,0,http://www.openphacts.org/units/Nanomolar,149769,=,1,1,=,,IC50,nM,,1130.0,CHEMBL4822,Homo sapiens,Beta-secretase 1,9606,,,IC50,nM,UO_0000065,,1130.0
,,475828,[],CHEMBL653509,In vitro inhibitory activity against Beta-secretase 1 in human HEK293 cells,B,,,BAO_0000190,BAO_0000219,cell-based format,CC(C)[C@H](N)C(=O)N[C@@H](C)C(=O)N[C@@H](Cc1ccccc1)[C@@H](O)C[C@@H](C)C(=O)N[C@H](C(=O)NCc1ccncc1)C(C)C,,,CHEMBL1146699,Bioorg Med Chem Lett,2004,"{'bei': '11.26', 'le': '0.21', 'lle': '5.28', 'sei': '3.83'}",,CHEMBL138386,,CHEMBL138386,6.72,0,http://www.openphacts.org/units/Nanomolar,149767,=,1,1,=,,IC50,nM,,190.0,CHEMBL4822,Homo sapiens,Beta-secretase 1,9606,,,IC50,nM,UO_0000065,,190.0
,,478268,[],CHEMBL653509,In vitro inhibitory activity against Beta-secretase 1 in human HEK293 cells,B,,,BAO_0000190,BAO_0000219,cell-based format,CC[C@H](C)[C@H](O)C(=O)N[C@@H](CCC(F)F)C(=O)N[C@@H](Cc1ccccc1)[C@@H](O)C[C@@H](CCC(F)F)C(=O)N[C@H](C(=O)NCc1ccncc1)C(C)C,,,CHEMBL1146699,Bioorg Med Chem Lett,2004,"{'bei': '9.93', 'le': '0.19', 'lle': '3.43', 'sei': '4.33'}",,CHEMBL432560,,CHEMBL432560,7.35,0,http://www.openphacts.org/units/Nanomolar,149772,=,1,1,=,,IC50,nM,,45.0,CHEMBL4822,Homo sapiens,Beta-secretase 1,9606,,,IC50,uM,UO_0000065,,0.045
,,479509,[],CHEMBL653509,In vitro inhibitory activity against Beta-secretase 1 in human HEK293 cells,B,,,BAO_0000190,BAO_0000219,cell-based format,CC(C)CC(=O)N[C@@H](C)C(=O)N[C@@H](Cc1ccccc1)[C@@H](O)C[C@@H](C)C(=O)N[C@H](C(=O)NCc1ccncc1)C(C)C,,,CHEMBL1146699,Bioorg Med Chem Lett,2004,"{'bei': '9.90', 'le': '0.19', 'lle': '3.26', 'sei': '3.85'}",,CHEMBL84835,,CHEMBL84835,5.76,0,http://www.openphacts.org/units/Nanomolar,149785,=,1,1,=,,IC50,nM,,1740.0,CHEMBL4822,Homo sapiens,Beta-secretase 1,9606,,,IC50,nM,UO_0000065,,1740.0
,,479513,[],CHEMBL653509,In vitro inhibitory activity against Beta-secretase 1 in human HEK293 cells,B,,,BAO_0000190,BAO_0000219,cell-based format,CC(C)[C@H](O)C(=O)N[C@@H](C)C(=O)N[C@@H](Cc1ccccc1)[C@@H](O)C[C@@H](C)C(=O)N[C@H](C(=O)NCc1ccccc1)C(C)C,,,CHEMBL1146699,Bioorg Med Chem Lett,2004,"{'bei': '12.45', 'le': '0.24', 'lle': '5.35', 'sei': '4.74'}",,CHEMBL316181,,CHEMBL316181,7.43,0,http://www.openphacts.org/units/Nanomolar,149775,=,1,1,=,,IC50,nM,,37.0,CHEMBL4822,Homo sapiens,Beta-secretase 1,9606,,,IC50,uM,UO_0000065,,0.037
,,480239,[],CHEMBL653499,Inhibition of human recombinant beta-secretase,B,,,BAO_0000192,BAO_0000357,single protein format,CC(C)C[C@H](NC(=O)[C@H](CC(N)=O)NC(=O)[C@@H](NC(=O)[C@@H](N)CC(=O)O)C(C)C)C(O)C[C@@H](C)C(=O)N[C@@H](C)C(=O)N[C@@H](CCC(=O)O)C(=O)N[C@@H](Cc1ccccc1)C(=O)O,,,CHEMBL1134505,J Med Chem,2001,"{'bei': '9.10', 'le': '0.18', 'lle': '10.13', 'sei': '2.13'}",,CHEMBL66035,,CHEMBL66035,8.00,0,http://www.openphacts.org/units/Nanomolar,110683,=,1,1,=,,Ki,nM,,10.0,CHEMBL4822,Homo sapiens,Beta-secretase 1,9606,,,Ki,nM,UO_0000065,,10.0
,,484502,[],CHEMBL653509,In vitro inhibitory activity against Beta-secretase 1 in human HEK293 cells,B,,,BAO_0000190,BAO_0000219,cell-based format,CC(C)[C@H](NC(=O)[C@H](C)C[C@H](O)[C@H](Cc1ccccc1)NC(=O)[C@H](C)NC(=O)[C@@H](O)CC(F)(F)F)C(=O)NCc1ccncc1,,,CHEMBL1146699,Bioorg Med Chem Lett,2004,"{'bei': '10.44', 'le': '0.20', 'lle': '4.89', 'sei': '3.92'}",,CHEMBL84022,,CHEMBL84022,6.66,0,http://www.openphacts.org/units/Nanomolar,149778,=,1,1,=,,IC50,nM,,220.0,CHEMBL4822,Homo sapiens,Beta-secretase 1,9606,,,IC50,uM,UO_0000065,,0.22
,,484505,[],CHEMBL653509,In vitro inhibitory activity against Beta-secretase 1 in human HEK293 cells,B,,,BAO_0000190,BAO_0000219,cell-based format,CC[C@H](C)[C@H](O)C(=O)N[C@@H](CCCF)C(=O)N[C@@H](Cc1ccccc1)[C@@H](O)C[C@@H](CCCF)C(=O)N[C@H](C(=O)NCc1ccncc1)C(C)C,,,CHEMBL1146699,Bioorg Med Chem Lett,2004,"{'bei': '10.19', 'le': '0.20', 'lle': '3.85', 'sei': '4.23'}",,CHEMBL433329,,CHEMBL433329,7.17,0,http://www.openphacts.org/units/Nanomolar,149782,=,1,1,=,,IC50,nM,,67.0,CHEMBL4822,Homo sapiens,Beta-secretase 1,9606,,,IC50,uM,UO_0000065,,0.067
,,491616,[],CHEMBL653509,In vitro inhibitory activity against Beta-secretase 1 in human HEK293 cells,B,,,BAO_0000190,BAO_0000219,cell-based format,CC(C)C[C@H](O)C(=O)N[C@@H](C)C(=O)N[C@@H](Cc1ccccc1)[C@@H](O)C[C@@H](C)C(=O)N[C@H](C(=O)NCc1ccncc1)C(C)C,,,CHEMBL1146699,Bioorg Med Chem Lett,2004,"{'bei': '10.85', 'le': '0.21', 'lle': '4.78', 'sei': '3.91'}",,CHEMBL82102,,CHEMBL82102,6.64,0,http://www.openphacts.org/units/Nanomolar,149777,=,1,1,=,,IC50,nM,,230.0,CHEMBL4822,Homo sapiens,Beta-secretase 1,9606,,,IC50,uM,UO_0000065,,0.23
,,492737,[],CHEMBL653509,In vitro inhibitory activity against Beta-secretase 1 in human HEK293 cells,B,,,BAO_0000190,BAO_0000219,cell-based format,CC[C@H](C[C@H](O)[C@H](Cc1ccccc1)NC(=O)[C@H](C)NC(=O)[C@@H](O)C(C)C)C(=O)N[C@H](C(=O)N[C@@H](C)c1ccccc1)C(C)C,,,CHEMBL1146699,Bioorg Med Chem Lett,2004,"{'bei': '11.56', 'le': '0.22', 'lle': '4.19', 'sei': '4.60'}",,CHEMBL84249,,CHEMBL84249,7.22,0,http://www.openphacts.org/units/Nanomolar,149774,=,1,1,=,,IC50,nM,,60.0,CHEMBL4822,Homo sapiens,Beta-secretase 1,9606,,,IC50,uM,UO_0000065,,0.06
,,496158,[],CHEMBL653509,In vitro inhibitory activity against Beta-secretase 1 in human HEK293 cells,B,,,BAO_0000190,BAO_0000219,cell-based format,CC(C)[C@H](NC(=O)OC(C)(C)C)C(=O)N[C@@H](C)C(=O)N[C@@H](Cc1ccccc1)[C@@H](O)C[C@@H](C)C(=O)N[C@H](C(=O)NCc1ccncc1)C(C)C,,,CHEMBL1146699,Bioorg Med Chem Lett,2004,"{'bei': '10.17', 'le': '0.19', 'lle': '4.08', 'sei': '3.77'}",,CHEMBL81671,,CHEMBL81671,7.09,1,http://www.openphacts.org/units/Nanomolar,149766,=,1,1,=,,IC50,nM,,82.0,CHEMBL4822,Homo sapiens,Beta-secretase 1,9606,,,IC50,nM,UO_0000065,,82.0
,,496162,[],CHEMBL653509,In vitro inhibitory activity against Beta-secretase 1 in human HEK293 cells,B,,,BAO_0000190,BAO_0000219,cell-based format,CC(C)[C@H](O)C(=O)N[C@@H](C)C(=O)N[C@@H](Cc1ccccc1)[C@@H](O)C[C@@H](C)C(=O)N[C@H](C(=O)NCc1ccncc1)C(C)C,,,CHEMBL1146699,Bioorg Med Chem Lett,2004,"{'bei': '11.52', 'le': '0.22', 'lle': '5.42', 'sei': '4.06'}",,CHEMBL312058,,CHEMBL312058,6.89,0,http://www.openphacts.org/units/Nanomolar,149768,=,1,1,=,,IC50,nM,,130.0,CHEMBL4822,Homo sapiens,Beta-secretase 1,9606,,,IC50,nM,UO_0000065,,130.0
,,497258,[],CHEMBL653509,In vitro inhibitory activity against Beta-secretase 1 in human HEK293 cells,B,,,BAO_0000190,BAO_0000219,cell-based format,CC[C@H](C)[C@H](O)C(=O)N[C@@H](C)C(=O)N[C@@H](Cc1ccccc1)[C@@H](O)C[C@@H](C)C(=O)N[C@H](C(=O)NCc1ccncc1)C(C)C,,,CHEMBL1146699,Bioorg Med Chem Lett,2004,"{'bei': '12.19', 'le': '0.23', 'lle': '5.60', 'sei': '4.39'}",,CHEMBL1790644,,CHEMBL1790644,7.46,0,http://www.openphacts.org/units/Nanomolar,149776,=,1,1,=,,IC50,nM,,35.0,CHEMBL4822,Homo sapiens,Beta-secretase 1,9606,,,IC50,uM,UO_0000065,,0.035
,,499669,[],CHEMBL653509,In vitro inhibitory activity against Beta-secretase 1 in human HEK293 cells,B,,,BAO_0000190,BAO_0000219,cell-based format,CC(C)[C@H](O)C(=O)N[C@@H](CO)C(=O)N[C@@H](Cc1ccccc1)[C@@H](O)C[C@@H](C)C(=O)N[C@H](C(=O)NCc1ccncc1)C(C)C,,,CHEMBL1146699,Bioorg Med Chem Lett,2004,"{'bei': '10.52', 'le': '0.20', 'lle': '6.01', 'sei': '3.40'}",,CHEMBL33724,,CHEMBL33724,6.46,0,http://www.openphacts.org/units/Nanomolar,149771,=,1,1,=,,IC50,nM,,350.0,CHEMBL4822,Homo sapiens,Beta-secretase 1,9606,,,IC50,uM,UO_0000065,,0.35
,,499672,[],CHEMBL653509,In vitro inhibitory activity against Beta-secretase 1 in human HEK293 cells,B,,,BAO_0000190,BAO_0000219,cell-based format,CC(C)[C@H](O)C(=O)N[C@@H](COC(C)(C)C)C(=O)N[C@@H](Cc1ccccc1)[C@@H](O)C[C@@H](C)C(=O)N[C@H](C(=O)NCc1ccncc1)C(C)C,,,CHEMBL1146699,Bioorg Med Chem Lett,2004,"{'bei': '7.98', 'le': '0.15', 'lle': '3.08', 'sei': '2.99'}",,CHEMBL85378,,CHEMBL85378,5.35,0,http://www.openphacts.org/units/Nanomolar,149780,=,1,1,=,,IC50,nM,,4490.0,CHEMBL4822,Homo sapiens,Beta-secretase 1,9606,,,IC50,uM,UO_0000065,,4.49
,,502163,[],CHEMBL653509,In vitro inhibitory activity against Beta-secretase 1 in human HEK293 cells,B,,,BAO_0000190,BAO_0000219,cell-based format,CC(C)[C@H](O)C(=O)N[C@H](C(=O)N[C@@H](Cc1ccccc1)[C@@H](O)C[C@@H](C)C(=O)N[C@H](C(=O)NCc1ccncc1)C(C)C)C(C)C,,,CHEMBL1146699,Bioorg Med Chem Lett,2004,"{'bei': '8.52', 'le': '0.16', 'lle': '3.22', 'sei': '3.14'}",,CHEMBL312956,,CHEMBL312956,5.33,0,http://www.openphacts.org/units/Nanomolar,149779,=,1,1,=,,IC50,nM,,4640.0,CHEMBL4822,Homo sapiens,Beta-secretase 1,9606,,,IC50,uM,UO_0000065,,4.64
,,503484,[],CHEMBL653509,In vitro inhibitory activity against Beta-secretase 1 in human HEK293 cells,B,,,BAO_0000190,BAO_0000219,cell-based format,CCC[C@H](NC(=O)[C@@H](O)C(C)C)C(=O)N[C@@H](Cc1ccccc1)[C@@H](O)C[C@@H](C)C(=O)N[C@H](C(=O)NCc1ccncc1)C(C)C,,,CHEMBL1146699,Bioorg Med Chem Lett,2004,"{'bei': '10.00', 'le': '0.19', 'lle': '4.00', 'sei': '3.69'}",,CHEMBL84834,,CHEMBL84834,6.26,0,http://www.openphacts.org/units/Nanomolar,149784,=,1,1,=,,IC50,nM,,550.0,CHEMBL4822,Homo sapiens,Beta-secretase 1,9606,,,IC50,uM,UO_0000065,,0.55
,,505282,[],CHEMBL653499,Inhibition of human recombinant beta-secretase,B,,,BAO_0000192,BAO_0000357,single protein format,CC(C)C[C@H](NC(=O)[C@H](CC(N)=O)NC(=O)[C@@H](N)C(C)C)C(O)C[C@@H](C)C(=O)N[C@@H](C)C(=O)N[C@@H](CCC(=O)O)C(=O)N[C@@H](Cc1ccccc1)C(=O)O,,,CHEMBL1134505,J Med Chem,2001,"{'bei': '9.38', 'le': '0.18', 'lle': '8.26', 'sei': '2.32'}",,CHEMBL418329,,CHEMBL418329,7.17,0,http://www.openphacts.org/units/Nanomolar,110682,=,1,1,=,,Ki,nM,,68.0,CHEMBL4822,Homo sapiens,Beta-secretase 1,9606,,,Ki,nM,UO_0000065,,68.0
,,508329,[],CHEMBL653509,In vitro inhibitory activity against Beta-secretase 1 in human HEK293 cells,B,,,BAO_0000190,BAO_0000219,cell-based format,CSCC[C@H](NC(=O)[C@@H](O)C(C)C)C(=O)N[C@@H](Cc1ccccc1)[C@@H](O)C[C@@H](C)C(=O)N[C@H](C(=O)NCc1ccncc1)C(C)C,,,CHEMBL1146699,Bioorg Med Chem Lett,2004,"{'bei': '9.81', 'le': '0.19', 'lle': '4.25', 'sei': '3.80'}",,CHEMBL82352,,CHEMBL82352,6.46,0,http://www.openphacts.org/units/Nanomolar,149770,=,1,1,=,,IC50,nM,,350.0,CHEMBL4822,Homo sapiens,Beta-secretase 1,9606,,,IC50,uM,UO_0000065,,0.35
,,508332,[],CHEMBL653509,In vitro inhibitory activity against Beta-secretase 1 in human HEK293 cells,B,,,BAO_0000190,BAO_0000219,cell-based format,CC[C@H](C)[C@H](O)C(=O)N[C@@H](CC(C)C)C(=O)N[C@@H](Cc1ccccc1)[C@@H](O)C[C@@H](CC(C)C)C(=O)N[C@H](C(=O)NCc1ccncc1)C(C)C,,,CHEMBL1146699,Bioorg Med Chem Lett,2004,"{'bei': '9.71', 'le': '0.18', 'lle': '2.83', 'sei': '3.98'}",,CHEMBL280244,,CHEMBL280244,6.75,0,http://www.openphacts.org/units/Nanomolar,149783,=,1,1,=,,IC50,nM,,176.0,CHEMBL4822,Homo sapiens,Beta-secretase 1,9606,,,IC50,uM,UO_0000065,,0.176
,,509496,[],CHEMBL653509,In vitro inhibitory activity against Beta-secretase 1 in human HEK293 cells,B,,,BAO_0000190,BAO_0000219,cell-based format,CC[C@H](C[C@H](O)[C@H](Cc1ccccc1)NC(=O)[C@H](C)NC(=O)[C@@H](O)C(C)C)C(=O)N[C@H](C(=O)N[C@H](C)c1ccccc1)C(C)C,,,CHEMBL1146699,Bioorg Med Chem Lett,2004,"{'bei': '11.20', 'le': '0.21', 'lle': '3.97', 'sei': '4.46'}",,CHEMBL82504,,CHEMBL82504,7.00,0,http://www.openphacts.org/units/Nanomolar,149773,=,1,1,=,,IC50,nM,,100.0,CHEMBL4822,Homo sapiens,Beta-secretase 1,9606,,,IC50,uM,UO_0000065,,0.1
,,509499,[],CHEMBL653509,In vitro inhibitory activity against Beta-secretase 1 in human HEK293 cells,B,,,BAO_0000190,BAO_0000219,cell-based format,CC[C@H](C)[C@H](O)C(=O)N[C@@H](CC(F)F)C(=O)N[C@@H](Cc1ccccc1)[C@@H](O)C[C@@H](CC(F)F)C(=O)N[C@H](C(=O)NCc1ccncc1)C(C)C,,,CHEMBL1146699,Bioorg Med Chem Lett,2004,"{'bei': '7.72', 'le': '0.15', 'lle': '2.36', 'sei': '3.24'}",,CHEMBL85379,,CHEMBL85379,5.50,0,http://www.openphacts.org/units/Nanomolar,149781,=,1,1,=,,IC50,nM,,3180.0,CHEMBL4822,Homo sapiens,Beta-secretase 1,9606,,,IC50,uM,UO_0000065,,3.18
,,513170,[],CHEMBL653510,In vitro inhibition of Beta-secretase-1 in HEK293 (Human Embryonic Kidney) cell line.,B,,,BAO_0000190,BAO_0000219,cell-based format,CC(C)[C@H](NC(=O)OC(C)(C)C)C(=O)N[C@H](C)C(=O)N[C@@H](Cc1ccccc1)[C@@H](O)C[C@@H](C)C(=O)N[C@H](C(=O)NCc1ccncc1)C(C)C,,,CHEMBL1146698,Bioorg Med Chem Lett,2004,"{'bei': '8.57', 'le': '0.16', 'lle': '2.97', 'sei': '3.18'}",,CHEMBL2114169,,CHEMBL2114169,5.98,0,http://www.openphacts.org/units/Nanomolar,144094,=,1,1,=,,IC50,nM,,1058.0,CHEMBL4822,Homo sapiens,Beta-secretase 1,9606,,,IC50,nM,UO_0000065,,1058.0
,,513172,[],CHEMBL653510,In vitro inhibition of Beta-secretase-1 in HEK293 (Human Embryonic Kidney) cell line.,B,,,BAO_0000190,BAO_0000219,cell-based format,CCC[C@H](NC(=O)OC(C)(C)C)C(=O)N[C@@H](CCSC)C(=O)N[C@@H](Cc1ccccc1)[C@@H](O)C[C@@H](C)C(=O)N[C@H](C(=O)NCc1ccncc1)C(C)C,,,CHEMBL1146698,Bioorg Med Chem Lett,2004,"{'bei': '9.54', 'le': '0.19', 'lle': '3.34', 'sei': '3.84'}",,CHEMBL81037,,CHEMBL81037,7.22,0,http://www.openphacts.org/units/Nanomolar,144103,=,1,1,=,,IC50,nM,,60.0,CHEMBL4822,Homo sapiens,Beta-secretase 1,9606,,,IC50,nM,UO_0000065,,60.0
,,514521,[],CHEMBL653510,In vitro inhibition of Beta-secretase-1 in HEK293 (Human Embryonic Kidney) cell line.,B,,,BAO_0000190,BAO_0000219,cell-based format,CCC[C@H](NC(=O)OC(C)(C)C)C(=O)N[C@@H](C)C(=O)N[C@@H](Cc1ccccc1)[C@@H](O)C[C@@H](C)C(=O)N[C@H](C(=O)NCc1ccncc1)C(C)C,,,CHEMBL1146698,Bioorg Med Chem Lett,2004,"{'bei': '10.60', 'le': '0.20', 'lle': '4.24', 'sei': '3.93'}",,CHEMBL78781,,CHEMBL78781,7.39,0,http://www.openphacts.org/units/Nanomolar,144102,=,1,1,=,,IC50,nM,,41.0,CHEMBL4822,Homo sapiens,Beta-secretase 1,9606,,,IC50,nM,UO_0000065,,41.0
,,514523,[],CHEMBL653510,In vitro inhibition of Beta-secretase-1 in HEK293 (Human Embryonic Kidney) cell line.,B,,,BAO_0000190,BAO_0000219,cell-based format,CC(C)[C@H](NC(=O)[C@H](C)C[C@H](O)[C@H](Cc1ccccc1)NC(=O)[C@H](C)NC(=O)[C@H](CC(F)F)NC(=O)OC(C)(C)C)C(=O)NCc1ccncc1,,,CHEMBL1146698,Bioorg Med Chem Lett,2004,"{'bei': '10.22', 'le': '0.20', 'lle': '4.34', 'sei': '3.91'}",,CHEMBL81490,,CHEMBL81490,7.35,0,http://www.openphacts.org/units/Nanomolar,144106,=,1,1,=,,IC50,nM,,45.0,CHEMBL4822,Homo sapiens,Beta-secretase 1,9606,,,IC50,nM,UO_0000065,,45.0
,,519642,[],CHEMBL653514,Binding affinity towards Beta-secretase 1 expressed in HEK293 (Human Embryonic Kidney) cells,B,,,BAO_0000192,BAO_0000219,cell-based format,CC(C)C[C@H](NC(=O)[C@H](CC(N)=O)NC(=O)[C@@H](NC(=O)[C@@H](N)CCC(=O)O)C(C)C)[C@@H](O)C[C@@H](C)C(=O)N[C@@H](C)C(=O)N[C@@H](CCC(=O)O)C(=O)N[C@@H](Cc1ccccc1)C(=O)O,Potential transcription error,"Values appear to be an order of magnitude different from previously reported, so units may be incorrect",CHEMBL1146698,Bioorg Med Chem Lett,2004,,,CHEMBL78946,,CHEMBL78946,,1,http://www.openphacts.org/units/Nanomolar,144091,=,1,1,=,,Ki,nM,,1600.0,CHEMBL4822,Homo sapiens,Beta-secretase 1,9606,,,Ki,uM,UO_0000065,,1.6
,,520907,[],CHEMBL653514,Binding affinity towards Beta-secretase 1 expressed in HEK293 (Human Embryonic Kidney) cells,B,,,BAO_0000192,BAO_0000219,cell-based format,CSCC[C@H](NC(=O)[C@@H](NC(=O)OC(C)(C)C)C(C)C)C(=O)N[C@@H](CC(C)C)[C@@H](O)C[C@@H](C)C(=O)N[C@H](C(=O)NCc1ccccc1)C(C)C,,,CHEMBL1146698,Bioorg Med Chem Lett,2004,"{'bei': '11.91', 'le': '0.23', 'lle': '4.45', 'sei': '4.92'}",,CHEMBL290001,,CHEMBL290001,8.60,1,http://www.openphacts.org/units/Nanomolar,144109,=,1,1,=,,Ki,nM,,2.5,CHEMBL4822,Homo sapiens,Beta-secretase 1,9606,,,Ki,nM,UO_0000065,,2.5
,,524875,[],CHEMBL653510,In vitro inhibition of Beta-secretase-1 in HEK293 (Human Embryonic Kidney) cell line.,B,,,BAO_0000190,BAO_0000219,cell-based format,COCC[C@H](NC(=O)OC(C)(C)C)C(=O)N[C@@H](C)C(=O)N[C@@H](Cc1ccccc1)[C@@H](O)C[C@@H](C)C(=O)N[C@H](C(=O)NCc1ccncc1)C(C)C,,,CHEMBL1146698,Bioorg Med Chem Lett,2004,"{'bei': '8.63', 'le': '0.16', 'lle': '3.76', 'sei': '3.12'}",,CHEMBL82593,,CHEMBL82593,6.15,0,http://www.openphacts.org/units/Nanomolar,144095,=,1,1,=,,IC50,nM,,705.0,CHEMBL4822,Homo sapiens,Beta-secretase 1,9606,,,IC50,nM,UO_0000065,,705.0
,,526071,[],CHEMBL653510,In vitro inhibition of Beta-secretase-1 in HEK293 (Human Embryonic Kidney) cell line.,B,,,BAO_0000190,BAO_0000219,cell-based format,CC[C@H](NC(=O)OC(C)(C)C)C(=O)N[C@@H](C)C(=O)N[C@@H](Cc1ccccc1)[C@@H](O)C[C@@H](C)C(=O)N[C@H](C(=O)NCc1ccncc1)C(C)C,,,CHEMBL1146698,Bioorg Med Chem Lett,2004,"{'bei': '10.43', 'le': '0.20', 'lle': '4.36', 'sei': '3.79'}",,CHEMBL78459,,CHEMBL78459,7.12,0,http://www.openphacts.org/units/Nanomolar,144101,=,1,1,=,,IC50,nM,,75.0,CHEMBL4822,Homo sapiens,Beta-secretase 1,9606,,,IC50,nM,UO_0000065,,75.0
,,527421,[],CHEMBL653510,In vitro inhibition of Beta-secretase-1 in HEK293 (Human Embryonic Kidney) cell line.,B,,,BAO_0000190,BAO_0000219,cell-based format,CC(C)[C@H](NC(=O)OC(C)(C)C)C(=O)N[C@@H](C)C(=O)N[C@@H](Cc1ccccc1)[C@@H](O)C[C@@H](C)C(=O)N[C@H](C(=O)NCc1ccncc1)C(C)C,,,CHEMBL1146698,Bioorg Med Chem Lett,2004,"{'bei': '10.17', 'le': '0.19', 'lle': '4.08', 'sei': '3.77'}",,CHEMBL81671,,CHEMBL81671,7.09,0,http://www.openphacts.org/units/Nanomolar,144107,=,1,1,=,,IC50,nM,,82.0,CHEMBL4822,Homo sapiens,Beta-secretase 1,9606,,,IC50,nM,UO_0000065,,82.0
,,531561,[],CHEMBL653510,In vitro inhibition of Beta-secretase-1 in HEK293 (Human Embryonic Kidney) cell line.,B,,,BAO_0000190,BAO_0000219,cell-based format,CC(C)[C@H](NC(=O)[C@H](C)C[C@H](O)[C@H](Cc1ccccc1)NC(=O)[C@H](C)NC(=O)[C@H](CCN(C)C)NC(=O)OC(C)(C)C)C(=O)NCc1ccncc1,,,CHEMBL1146698,Bioorg Med Chem Lett,2004,"{'bei': '5.58', 'le': '0.11', 'lle': '1.75', 'sei': '2.12'}",,CHEMBL81518,,CHEMBL81518,4.05,0,http://www.openphacts.org/units/Nanomolar,144097,=,1,1,=,,IC50,nM,,89000.0,CHEMBL4822,Homo sapiens,Beta-secretase 1,9606,,,IC50,uM,UO_0000065,,89.0
,,535556,[],CHEMBL653510,In vitro inhibition of Beta-secretase-1 in HEK293 (Human Embryonic Kidney) cell line.,B,,,BAO_0000190,BAO_0000219,cell-based format,CC(C)C[C@H](NC(=O)OC(C)(C)C)C(=O)N[C@@H](C)C(=O)N[C@@H](Cc1ccccc1)[C@@H](O)C[C@@H](C)C(=O)N[C@H](C(=O)NCc1ccncc1)C(C)C,,,CHEMBL1146698,Bioorg Med Chem Lett,2004,"{'bei': '10.13', 'le': '0.19', 'lle': '3.80', 'sei': '3.83'}",,CHEMBL309884,,CHEMBL309884,7.20,0,http://www.openphacts.org/units/Nanomolar,144100,=,1,1,=,,IC50,nM,,63.0,CHEMBL4822,Homo sapiens,Beta-secretase 1,9606,,,IC50,nM,UO_0000065,,63.0
,,543439,[],CHEMBL653510,In vitro inhibition of Beta-secretase-1 in HEK293 (Human Embryonic Kidney) cell line.,B,,,BAO_0000190,BAO_0000219,cell-based format,CSCC[C@H](NC(=O)[C@@H](NC(=O)OC(C)(C)C)C(C)C)C(=O)N[C@@H](Cc1ccccc1)[C@@H](O)C[C@@H](C)C(=O)N[C@H](C(=O)NCc1ccncc1)C(C)C,,,CHEMBL1146698,Bioorg Med Chem Lett,2004,"{'bei': '9.45', 'le': '0.18', 'lle': '3.41', 'sei': '3.81'}",,CHEMBL310452,,CHEMBL310452,7.16,0,http://www.openphacts.org/units/Nanomolar,144108,=,1,1,=,,IC50,nM,,70.0,CHEMBL4822,Homo sapiens,Beta-secretase 1,9606,,,IC50,nM,UO_0000065,,70.0
,,544641,[],CHEMBL653510,In vitro inhibition of Beta-secretase-1 in HEK293 (Human Embryonic Kidney) cell line.,B,,,BAO_0000190,BAO_0000219,cell-based format,CC(C)[C@H](NC(=O)[C@@H](N)CCC(=O)O)C(=O)N[C@@H](CC(N)=O)C(=O)N[C@@H](CC1CCCCC1)[C@@H](O)C[C@H](C(=O)N[C@H](C)C(=O)N[C@H](CCC(=O)O)C(=O)N[C@H](Cc1ccccc1)C(=O)O)C(C)(C)O,,,CHEMBL1146698,Bioorg Med Chem Lett,2004,"{'bei': '7.48', 'le': '0.14', 'lle': '8.37', 'sei': '1.85'}",,CHEMBL311262,,CHEMBL311262,7.31,0,http://www.openphacts.org/units/Nanomolar,144110,=,1,1,=,,IC50,nM,,49.0,CHEMBL4822,Homo sapiens,Beta-secretase 1,9606,,,IC50,nM,UO_0000065,,49.0
,,544642,[],CHEMBL653510,In vitro inhibition of Beta-secretase-1 in HEK293 (Human Embryonic Kidney) cell line.,B,,,BAO_0000190,BAO_0000219,cell-based format,COCC[C@H](NC(=O)[C@@H](NC(=O)OC(C)(C)C)C(C)C)C(=O)N[C@@H](Cc1ccccc1)[C@@H](O)C[C@@H](C)C(=O)N[C@H](C(=O)NCc1ccncc1)C(C)C,,,CHEMBL1146698,Bioorg Med Chem Lett,2004,"{'bei': '9.31', 'le': '0.18', 'lle': '3.88', 'sei': '3.50'}",,CHEMBL314014,,CHEMBL314014,6.90,0,http://www.openphacts.org/units/Nanomolar,144093,=,1,1,=,,IC50,nM,,127.0,CHEMBL4822,Homo sapiens,Beta-secretase 1,9606,,,IC50,nM,UO_0000065,,127.0
,,544644,[],CHEMBL653510,In vitro inhibition of Beta-secretase-1 in HEK293 (Human Embryonic Kidney) cell line.,B,,,BAO_0000190,BAO_0000219,cell-based format,CC[C@@H](C)[C@H](NC(=O)OC(C)(C)C)C(=O)N[C@@H](C)C(=O)N[C@@H](Cc1ccccc1)[C@@H](O)C[C@@H](C)C(=O)N[C@H](C(=O)NCc1ccncc1)C(C)C,,,CHEMBL1146698,Bioorg Med Chem Lett,2004,"{'bei': '10.38', 'le': '0.20', 'lle': '3.98', 'sei': '3.93'}",,CHEMBL1790594,,CHEMBL1790594,7.38,0,http://www.openphacts.org/units/Nanomolar,144099,=,1,1,=,,IC50,nM,,42.0,CHEMBL4822,Homo sapiens,Beta-secretase 1,9606,,,IC50,nM,UO_0000065,,42.0
,,544646,[],CHEMBL653510,In vitro inhibition of Beta-secretase-1 in HEK293 (Human Embryonic Kidney) cell line.,B,,,BAO_0000190,BAO_0000219,cell-based format,CC(C)[C@H](NC(=O)[C@H](C)C[C@H](O)[C@H](Cc1ccccc1)NC(=O)[C@H](C)NC(=O)[C@H](CC(F)(F)C(F)F)NC(=O)OC(C)(C)C)C(=O)NCc1ccncc1,,,CHEMBL1146698,Bioorg Med Chem Lett,2004,"{'bei': '8.52', 'le': '0.17', 'lle': '2.91', 'sei': '3.49'}",,CHEMBL82607,,CHEMBL82607,6.55,0,http://www.openphacts.org/units/Nanomolar,144105,=,1,1,=,,IC50,nM,,281.0,CHEMBL4822,Homo sapiens,Beta-secretase 1,9606,,,IC50,nM,UO_0000065,,281.0
,,545981,[],CHEMBL653510,In vitro inhibition of Beta-secretase-1 in HEK293 (Human Embryonic Kidney) cell line.,B,,,BAO_0000190,BAO_0000219,cell-based format,CC(C)[C@H](NC(=O)[C@H](C)C[C@H](O)[C@H](Cc1ccccc1)NC(=O)[C@H](C)NC(=O)[C@H](CCCC(F)(F)F)NC(=O)OC(C)(C)C)C(=O)NCc1ccncc1,,,CHEMBL1146698,Bioorg Med Chem Lett,2004,"{'bei': '8.34', 'le': '0.16', 'lle': '2.30', 'sei': '3.40'}",,CHEMBL309296,,CHEMBL309296,6.38,0,http://www.openphacts.org/units/Nanomolar,144104,=,1,1,=,,IC50,nM,,419.0,CHEMBL4822,Homo sapiens,Beta-secretase 1,9606,,,IC50,nM,UO_0000065,,419.0
,,547401,[],CHEMBL653510,In vitro inhibition of Beta-secretase-1 in HEK293 (Human Embryonic Kidney) cell line.,B,,,BAO_0000190,BAO_0000219,cell-based format,CSCC[C@H](NC(=O)[C@@H](NC(=O)OC(C)(C)C)C(C)C)C(=O)N[C@@H](Cc1ccccc1)[C@@H](O)C[C@@H](C)C(=O)N[C@H](C(=O)NCc1ccccc1)C(C)C,,,CHEMBL1146698,Bioorg Med Chem Lett,2004,"{'bei': '9.99', 'le': '0.19', 'lle': '3.20', 'sei': '4.32'}",,CHEMBL312277,,CHEMBL312277,7.55,0,http://www.openphacts.org/units/Nanomolar,144092,=,1,1,=,,IC50,nM,,28.0,CHEMBL4822,Homo sapiens,Beta-secretase 1,9606,,,IC50,nM,UO_0000065,,28.0
,,547403,[],CHEMBL653510,In vitro inhibition of Beta-secretase-1 in HEK293 (Human Embryonic Kidney) cell line.,B,,,BAO_0000190,BAO_0000219,cell-based format,COC[C@H](NC(=O)OC(C)(C)C)C(=O)N[C@@H](C)C(=O)N[C@@H](Cc1ccccc1)[C@@H](O)C[C@@H](C)C(=O)N[C@H](C(=O)NCc1ccncc1)C(C)C,,,CHEMBL1146698,Bioorg Med Chem Lett,2004,"{'bei': '9.91', 'le': '0.19', 'lle': '4.93', 'sei': '3.52'}",,CHEMBL82594,,CHEMBL82594,6.93,0,http://www.openphacts.org/units/Nanomolar,144096,=,1,1,=,,IC50,nM,,118.0,CHEMBL4822,Homo sapiens,Beta-secretase 1,9606,,,IC50,nM,UO_0000065,,118.0
,,548659,[],CHEMBL653510,In vitro inhibition of Beta-secretase-1 in HEK293 (Human Embryonic Kidney) cell line.,B,,,BAO_0000190,BAO_0000219,cell-based format,CC(C)[C@H](NC(=O)[C@H](C)C[C@H](O)[C@H](Cc1ccccc1)NC(=O)[C@H](C)NC(=O)[C@H](CN(C)C)NC(=O)OC(C)(C)C)C(=O)NCc1ccncc1,,,CHEMBL1146698,Bioorg Med Chem Lett,2004,"{'bei': '7.86', 'le': '0.15', 'lle': '3.69', 'sei': '2.93'}",,CHEMBL81218,,CHEMBL81218,5.60,0,http://www.openphacts.org/units/Nanomolar,144098,=,1,1,=,,IC50,nM,,2530.0,CHEMBL4822,Homo sapiens,Beta-secretase 1,9606,,,IC50,uM,UO_0000065,,2.53
,,755032,[],CHEMBL653496,"Inhibition of human brain beta-secretase, using MBPC125Swe (maltose-binding-protein C-125 Swedish) assay",B,,,BAO_0000190,BAO_0000219,cell-based format,CC(C)C[C@H](NC(=O)[C@H](CC(N)=O)NC(=O)[C@@H](NC(=O)[C@@H](N)CCC(=O)O)C(C)C)C(O)CC(=O)N[C@H](C(=O)N[C@@H](C)C(=O)N[C@@H](CCC(=O)O)C(=O)N[C@@H](Cc1ccccc1)C(=O)O)C(C)C,,,CHEMBL1135590,J Med Chem,2002,"{'bei': '7.67', 'le': '0.15', 'lle': '9.63', 'sei': '1.83'}",,CHEMBL2370116,,CHEMBL2370116,7.40,0,http://www.openphacts.org/units/Nanomolar,160145,=,1,1,=,,IC50,nM,,40.0,CHEMBL4822,Homo sapiens,Beta-secretase 1,9606,,,IC50,uM,UO_0000065,,0.04
,,755033,[],CHEMBL653496,"Inhibition of human brain beta-secretase, using MBPC125Swe (maltose-binding-protein C-125 Swedish) assay",B,,,BAO_0000190,BAO_0000219,cell-based format,CSCC[C@H](NC(=O)[C@@H](NC(C)=O)C(C)C)C(=O)N[C@@H](CC(C)C)C(O)CC(=O)N[C@H](C(=O)N[C@@H](C)C(=O)N[C@@H](CCC(=O)O)C(=O)N[C@@H](C)C(=O)O)C(C)C,,,CHEMBL1135590,J Med Chem,2002,"{'bei': '7.24', 'le': '0.14', 'lle': '6.67', 'sei': '1.98'}",,CHEMBL2370107,,CHEMBL2370107,5.92,0,http://www.openphacts.org/units/Nanomolar,160149,=,1,1,=,,IC50,nM,,1200.0,CHEMBL4822,Homo sapiens,Beta-secretase 1,9606,,,IC50,uM,UO_0000065,,1.2
,,755034,[],CHEMBL653496,"Inhibition of human brain beta-secretase, using MBPC125Swe (maltose-binding-protein C-125 Swedish) assay",B,,,BAO_0000190,BAO_0000219,cell-based format,CSCC[C@H](NC(=O)[C@@H](NC(C)=O)C(C)C)C(=O)N[C@@H](CC(C)C)C(O)CC(=O)N[C@H](C(=O)N[C@@H](C)C(=O)N[C@@H](CCC(=O)O)C(=O)N[C@@H](C)C(=O)O)C(C)(C)C,,,CHEMBL1135590,J Med Chem,2002,"{'bei': '5.65', 'le': '0.11', 'lle': '5.06', 'sei': '1.57'}",,CHEMBL2370115,,CHEMBL2370115,4.70,0,http://www.openphacts.org/units/Nanomolar,160150,=,1,1,=,,IC50,nM,,20000.0,CHEMBL4822,Homo sapiens,Beta-secretase 1,9606,,,IC50,uM,UO_0000065,,20.0
,,755035,[],CHEMBL653496,"Inhibition of human brain beta-secretase, using MBPC125Swe (maltose-binding-protein C-125 Swedish) assay",B,,,BAO_0000190,BAO_0000219,cell-based format,CSCC[C@H](NC(=O)[C@@H](NC(C)=O)C(C)C)C(=O)NC(CC(C)C)C(O)CC(=O)N[C@H](C(=O)N[C@@H](C)C(=O)N[C@@H](CCC(=O)O)C(=O)O)C(C)C,,,CHEMBL1135590,J Med Chem,2002,"{'bei': '8.03', 'le': '0.16', 'lle': '6.25', 'sei': '2.23'}",,CHEMBL327386,,CHEMBL327386,6.00,0,http://www.openphacts.org/units/Nanomolar,160156,=,1,1,=,,IC50,nM,,1000.0,CHEMBL4822,Homo sapiens,Beta-secretase 1,9606,,,IC50,uM,UO_0000065,,1.0
,,755047,[],CHEMBL653496,"Inhibition of human brain beta-secretase, using MBPC125Swe (maltose-binding-protein C-125 Swedish) assay",B,,,BAO_0000190,BAO_0000219,cell-based format,CC[C@H](C)[C@H](NC(=O)[C@H](CCC(=O)O)NC(=O)[C@H](CCC(=O)O)NC(=O)[C@@H](NC(=O)[C@@H](N)CCCCN)[C@@H](C)O)C(=O)N[C@@H](CO)C(=O)N[C@@H](CCC(=O)O)C(=O)N[C@H](C(=O)N[C@@H](CC(N)=O)C(=O)N[C@@H](CC(C)C)[C@H](CC(=O)N[C@@H](CC(=O)O)C(=O)N[C@@H](C)C(=O)N[C@@H](CCC(=O)O)C(=O)N[C@@H](Cc1ccccc1)C(=O)O)OC(C)=O)C(C)C,Outside typical range,"Values for this activity type are unusually large/small, so may not be accurate",CHEMBL1135590,J Med Chem,2002,,,CHEMBL2370123,,CHEMBL2370123,,0,http://www.openphacts.org/units/Nanomolar,160183,>,1,1,>,,IC50,nM,,200000.0,CHEMBL4822,Homo sapiens,Beta-secretase 1,9606,,,IC50,uM,UO_0000065,,200.0
,,757244,[],CHEMBL653496,"Inhibition of human brain beta-secretase, using MBPC125Swe (maltose-binding-protein C-125 Swedish) assay",B,,,BAO_0000190,BAO_0000219,cell-based format,CSCC[C@H](NC(=O)[C@@H](NC(C)=O)C(C)C)C(=O)N[C@@H](CC1CCCCC1)C(O)CC(=O)N[C@H](C(=O)N[C@@H](C)C(=O)N[C@@H](CCC(=O)O)C(=O)N[C@@H](Cc1ccccc1)C(=O)O)C(C)C,,,CHEMBL1135590,J Med Chem,2002,"{'bei': '5.67', 'le': '0.11', 'lle': '3.90', 'sei': '1.78'}",,CHEMBL89118,,CHEMBL89118,5.30,0,http://www.openphacts.org/units/Nanomolar,160152,=,1,1,=,,IC50,nM,,5000.0,CHEMBL4822,Homo sapiens,Beta-secretase 1,9606,,,IC50,uM,UO_0000065,,5.0
,,757264,[],CHEMBL653496,"Inhibition of human brain beta-secretase, using MBPC125Swe (maltose-binding-protein C-125 Swedish) assay",B,,,BAO_0000190,BAO_0000219,cell-based format,CC[C@H](C)[C@H](NC(=O)[C@H](CCC(=O)O)NC(=O)[C@H](CCC(=O)O)NC(=O)[C@@H](NC(=O)[C@H](CCCCN)NC(=O)[C@@H](NC(=O)[C@H](CC(N)=O)NC(=O)[C@@H](N)[C@@H](C)O)[C@@H](C)CC)[C@@H](C)O)C(=O)N[C@@H](CO)C(=O)N[C@@H](CCC(=O)O)C(=O)N[C@H](C(=O)N[C@@H](CC(N)=O)C(=O)N[C@H](C(=O)N[C@@H](CC(=O)O)C(=O)N[C@@H](C)C(=O)N[C@@H](CCC(=O)O)C(=O)N[C@@H](Cc1ccccc1)C(=O)N[C@@H](CCCN=C(N)N)C(=O)O)C(C)C)C(C)C,Outside typical range,"Values for this activity type are unusually large/small, so may not be accurate",CHEMBL1135590,J Med Chem,2002,,,CHEMBL405443,,CHEMBL405443,,0,http://www.openphacts.org/units/Nanomolar,160161,>,1,1,>,,IC50,nM,,200000.0,CHEMBL4822,Homo sapiens,Beta-secretase 1,9606,,,IC50,uM,UO_0000065,,200.0
,,757265,[],CHEMBL653496,"Inhibition of human brain beta-secretase, using MBPC125Swe (maltose-binding-protein C-125 Swedish) assay",B,,,BAO_0000190,BAO_0000219,cell-based format,CC[C@H](C)[C@H](NC(=O)[C@H](CCC(=O)O)NC(=O)[C@H](CCC(=O)O)NC(=O)[C@@H](NC(=O)[C@H](CCCCN)NC(=O)[C@@H](NC(=O)[C@H](CC(N)=O)NC(=O)[C@@H](N)[C@@H](C)O)[C@@H](C)CC)[C@@H](C)O)C(=O)N[C@@H](CO)C(=O)N[C@@H](CCC(=O)O)C(=O)N[C@H](C(=O)N[C@@H](CC(N)=O)C(=O)N[C@@H](CC(C)C)C(=O)N[C@@H](CCCCN)C(=O)N[C@@H](C)C(=O)N[C@@H](CCC(=O)O)C(=O)N[C@@H](Cc1ccccc1)C(=O)N[C@@H](CCCN=C(N)N)C(=O)O)C(C)C,,,CHEMBL1135590,J Med Chem,2002,"{'bei': '2.07', 'le': None, 'lle': None, 'sei': None}",,CHEMBL406089,,CHEMBL406089,4.40,0,http://www.openphacts.org/units/Nanomolar,160173,=,1,1,=,,IC50,nM,,40000.0,CHEMBL4822,Homo sapiens,Beta-secretase 1,9606,,,IC50,uM,UO_0000065,,40.0
,,757266,[],CHEMBL653496,"Inhibition of human brain beta-secretase, using MBPC125Swe (maltose-binding-protein C-125 Swedish) assay",B,,,BAO_0000190,BAO_0000219,cell-based format,CC[C@H](C)[C@H](NC(=O)[C@H](CCC(=O)O)NC(=O)[C@H](CCC(=O)O)NC(=O)[C@@H](NC(=O)[C@H](CCCCN)NC(=O)[C@@H](NC(=O)[C@H](CC(N)=O)NC(=O)[C@@H](N)[C@@H](C)O)[C@@H](C)CC)[C@@H](C)O)C(=O)N[C@@H](CO)C(=O)N[C@@H](CCC(=O)O)C(=O)N[C@H](C(=O)N[C@@H](CC(N)=O)C(=O)N[C@@H](CC(C)C)C(=O)N[C@@H](Cc1ccccc1)C(=O)N[C@@H](C)C(=O)N[C@@H](CCC(=O)O)C(=O)N[C@@H](Cc1ccccc1)C(=O)N[C@@H](CCCN=C(N)N)C(=O)O)C(C)C,,,CHEMBL1135590,J Med Chem,2002,"{'bei': '2.05', 'le': None, 'lle': None, 'sei': None}",,CHEMBL263333,,CHEMBL263333,4.40,0,http://www.openphacts.org/units/Nanomolar,160172,=,1,1,=,,IC50,nM,,40000.0,CHEMBL4822,Homo sapiens,Beta-secretase 1,9606,,,IC50,uM,UO_0000065,,40.0
,,758511,[],CHEMBL653496,"Inhibition of human brain beta-secretase, using MBPC125Swe (maltose-binding-protein C-125 Swedish) assay",B,,,BAO_0000190,BAO_0000219,cell-based format,CC(C)C[C@H](NC(=O)[C@H](CC(N)=O)NC(=O)[C@H](C)NC(=O)[C@@H](N)CCC(=O)O)C(O)CC(=O)N[C@H](C(=O)N[C@@H](C)C(=O)N[C@@H](CCC(=O)O)C(=O)N[C@@H](Cc1ccccc1)C(=O)O)C(C)C,,,CHEMBL1135590,J Med Chem,2002,"{'bei': '5.98', 'le': '0.12', 'lle': '8.47', 'sei': '1.38'}",,CHEMBL2370117,,CHEMBL2370117,5.60,0,http://www.openphacts.org/units/Nanomolar,160146,=,1,1,=,,IC50,nM,,2500.0,CHEMBL4822,Homo sapiens,Beta-secretase 1,9606,,,IC50,uM,UO_0000065,,2.5
,,758525,[],CHEMBL653496,"Inhibition of human brain beta-secretase, using MBPC125Swe (maltose-binding-protein C-125 Swedish) assay",B,,,BAO_0000190,BAO_0000219,cell-based format,CC[C@H](C)[C@H](NC(=O)[C@H](CCC(=O)O)NC(=O)[C@H](CCC(=O)O)NC(=O)[C@@H](NC(=O)[C@@H](N)CCCCN)[C@@H](C)O)C(=O)N[C@@H](CO)C(=O)N[C@@H](CCC(=O)O)C(=O)N[C@H](C(=O)N[C@@H](CC(N)=O)C(=O)N[C@@H](CC(C)C)[C@H](O)CC(=O)N[C@@H](CC(=O)O)C(=O)N[C@@H](C)C(=O)N[C@@H](CCC(=O)O)C(=O)N[C@@H](Cc1ccccc1)C(=O)O)C(C)C,Outside typical range,"Values for this activity type are unusually large/small, so may not be accurate",CHEMBL1135590,J Med Chem,2002,,,CHEMBL2370095,,CHEMBL2370095,,0,http://www.openphacts.org/units/Nanomolar,160184,>,1,1,>,,IC50,nM,,200000.0,CHEMBL4822,Homo sapiens,Beta-secretase 1,9606,,,IC50,uM,UO_0000065,,200.0
,,758526,[],CHEMBL653496,"Inhibition of human brain beta-secretase, using MBPC125Swe (maltose-binding-protein C-125 Swedish) assay",B,,,BAO_0000190,BAO_0000219,cell-based format,CC(C)C[C@H](NC(=O)[C@H](CC(N)=O)NC(=O)[C@@H](N)C(C)C)C(O)CC(=O)N[C@H](C(=O)N[C@@H](C)C(=O)N[C@@H](CCC(=O)O)C(=O)N[C@@H](Cc1ccccc1)C(=O)O)C(C)C,,,CHEMBL1135590,J Med Chem,2002,"{'bei': '6.04', 'le': '0.12', 'lle': '6.63', 'sei': '1.49'}",,CHEMBL2370094,,CHEMBL2370094,5.05,0,http://www.openphacts.org/units/Nanomolar,160180,=,1,1,=,,IC50,nM,,9000.0,CHEMBL4822,Homo sapiens,Beta-secretase 1,9606,,,IC50,uM,UO_0000065,,9.0
,,759518,[],CHEMBL653496,"Inhibition of human brain beta-secretase, using MBPC125Swe (maltose-binding-protein C-125 Swedish) assay",B,,,BAO_0000190,BAO_0000219,cell-based format,CC[C@H](C)[C@H](NC(=O)[C@H](CCC(=O)O)NC(=O)[C@H](CCC(=O)O)NC(=O)[C@@H](NC(=O)[C@H](CCCCN)NC(=O)[C@@H](NC(=O)[C@H](CC(N)=O)NC(=O)[C@@H](N)[C@@H](C)O)[C@@H](C)CC)[C@@H](C)O)C(=O)N[C@@H](CO)C(=O)N[C@@H](CCC(=O)O)C(=O)N[C@H](C(=O)N[C@@H](CC(N)=O)C(=O)N[C@@H](C)C(=O)N[C@@H](CC(=O)O)C(=O)N[C@@H](C)C(=O)N[C@@H](CCC(=O)O)C(=O)N[C@@H](Cc1ccccc1)C(=O)N[C@@H](CCCN=C(N)N)C(=O)O)C(C)C,Outside typical range,"Values for this activity type are unusually large/small, so may not be accurate",CHEMBL1135590,J Med Chem,2002,,,CHEMBL413728,,CHEMBL413728,,0,http://www.openphacts.org/units/Nanomolar,160167,>,1,1,>,,IC50,nM,,200000.0,CHEMBL4822,Homo sapiens,Beta-secretase 1,9606,,,IC50,uM,UO_0000065,,200.0
,,761726,[],CHEMBL653496,"Inhibition of human brain beta-secretase, using MBPC125Swe (maltose-binding-protein C-125 Swedish) assay",B,,,BAO_0000190,BAO_0000219,cell-based format,CC[C@H](C)[C@H](NC(=O)[C@H](CCC(=O)O)NC(=O)[C@H](CCC(=O)O)NC(=O)[C@@H](NC(=O)[C@H](CCCCN)NC(=O)[C@@H](NC(=O)[C@H](CC(N)=O)NC(=O)[C@@H](N)[C@@H](C)O)[C@@H](C)CC)[C@@H](C)O)C(=O)N[C@@H](CO)C(=O)N[C@@H](CCC(=O)O)C(=O)N[C@H](C(=O)N[C@@H](CC(N)=O)C(=O)N[C@@H](Cc1ccccc1)C(=O)N[C@@H](CC(=O)O)C(=O)N[C@@H](C)C(=O)N[C@@H](CCC(=O)O)C(=O)N[C@@H](Cc1ccccc1)C(=O)N[C@@H](CCCN=C(N)N)C(=O)O)C(C)C,Outside typical range,"Values for this activity type are unusually large/small, so may not be accurate",CHEMBL1135590,J Med Chem,2002,,,CHEMBL266203,,CHEMBL266203,,0,http://www.openphacts.org/units/Nanomolar,160164,>,1,1,>,,IC50,nM,,200000.0,CHEMBL4822,Homo sapiens,Beta-secretase 1,9606,,,IC50,uM,UO_0000065,,200.0
,,761727,[],CHEMBL653496,"Inhibition of human brain beta-secretase, using MBPC125Swe (maltose-binding-protein C-125 Swedish) assay",B,,,BAO_0000190,BAO_0000219,cell-based format,CC[C@H](C)[C@H](NC(=O)[C@H](CCC(=O)O)NC(=O)[C@H](CCC(=O)O)NC(=O)[C@@H](NC(=O)[C@H](CCCCN)NC(=O)[C@@H](NC(=O)[C@H](CC(N)=O)NC(=O)[C@@H](N)[C@@H](C)O)[C@@H](C)CC)[C@@H](C)O)C(=O)N[C@@H](CO)C(=O)N[C@@H](CCC(=O)O)C(=O)N[C@H](C(=O)N[C@@H](CC(N)=O)C(=O)N[C@@H](Cc1c[nH]cn1)C(=O)N[C@@H](CC(=O)O)C(=O)N[C@@H](C)C(=O)N[C@@H](CCC(=O)O)C(=O)N[C@@H](Cc1ccccc1)C(=O)N[C@@H](CCCN=C(N)N)C(=O)O)C(C)C,Outside typical range,"Values for this activity type are unusually large/small, so may not be accurate",CHEMBL1135590,J Med Chem,2002,,,CHEMBL426153,,CHEMBL426153,,0,http://www.openphacts.org/units/Nanomolar,160177,>,1,1,>,,IC50,nM,,200000.0,CHEMBL4822,Homo sapiens,Beta-secretase 1,9606,,,IC50,uM,UO_0000065,,200.0
,,762684,[],CHEMBL653496,"Inhibition of human brain beta-secretase, using MBPC125Swe (maltose-binding-protein C-125 Swedish) assay",B,,,BAO_0000190,BAO_0000219,cell-based format,CC[C@H](C)[C@H](NC(=O)[C@H](CCC(=O)O)NC(=O)[C@H](CCC(=O)O)NC(=O)[C@@H](NC(=O)[C@H](CCCCN)NC(=O)[C@@H](NC(=O)[C@H](CC(N)=O)NC(=O)[C@@H](N)[C@@H](C)O)[C@@H](C)CC)[C@@H](C)O)C(=O)N[C@@H](CO)C(=O)N[C@@H](CCC(=O)O)C(=O)N[C@H](C(=O)N[C@@H](CC(N)=O)C(=O)N[C@@H](CCSC)C(=O)N[C@@H](CC(=O)O)C(=O)N[C@@H](C)C(=O)N[C@@H](CCC(=O)O)C(=O)N[C@@H](Cc1ccccc1)C(=O)N[C@@H](CCCN=C(N)N)C(=O)O)C(C)C,Outside typical range,"Values for this activity type are unusually large/small, so may not be accurate",CHEMBL1135590,J Med Chem,2002,,,CHEMBL405808,,CHEMBL405808,,0,http://www.openphacts.org/units/Nanomolar,160165,>,1,1,>,,IC50,nM,,200000.0,CHEMBL4822,Homo sapiens,Beta-secretase 1,9606,,,IC50,uM,UO_0000065,,200.0
,,763811,[],CHEMBL653496,"Inhibition of human brain beta-secretase, using MBPC125Swe (maltose-binding-protein C-125 Swedish) assay",B,,,BAO_0000190,BAO_0000219,cell-based format,CC[C@H](C)[C@H](NC(=O)[C@H](CCC(=O)O)NC(=O)[C@H](CCC(=O)O)NC(=O)[C@@H](NC(=O)[C@@H](N)CCCCN)[C@@H](C)O)C(=O)N[C@@H](CO)C(=O)N[C@@H](CCC(=O)O)C(=O)N[C@H](C(=O)N[C@@H](CC(N)=O)C(=O)N[C@@H](CC(C)C)[C@@H](O)CC(=O)N[C@@H](C)C(=O)N[C@@H](C)C(=O)N[C@@H](CCC(=O)O)C(=O)N[C@@H](Cc1ccccc1)C(=O)O)C(C)C,,,CHEMBL1135590,J Med Chem,2002,"{'bei': '3.88', 'le': None, 'lle': None, 'sei': None}",,CHEMBL2370121,,CHEMBL2370121,6.30,0,http://www.openphacts.org/units/Nanomolar,160182,=,1,1,=,,IC50,nM,,500.0,CHEMBL4822,Homo sapiens,Beta-secretase 1,9606,,,IC50,uM,UO_0000065,,0.5
,,764960,[],CHEMBL653496,"Inhibition of human brain beta-secretase, using MBPC125Swe (maltose-binding-protein C-125 Swedish) assay",B,,,BAO_0000190,BAO_0000219,cell-based format,CC[C@H](C)[C@H](NC(=O)[C@H](CCC(=O)O)NC(=O)[C@H](CCC(=O)O)NC(=O)[C@@H](NC(=O)[C@H](CCCCN)NC(=O)[C@@H](NC(=O)[C@H](CC(N)=O)NC(=O)[C@@H](N)[C@@H](C)O)[C@@H](C)CC)[C@@H](C)O)C(=O)N[C@@H](CO)C(=O)N[C@@H](CCC(=O)O)C(=O)N[C@H](C(=O)N[C@@H](CC(N)=O)C(=O)N[C@@H](CC(C)C)C(=O)N[C@@H](CC(=O)O)C(=O)N[C@@H](C)C(=O)N[C@@H](CCC(=O)O)C(=O)N[C@@H](Cc1ccccc1)C(=O)N[C@@H](CCCN=C(N)N)C(=O)O)C(C)C,Outside typical range,"Values for this activity type are unusually large/small, so may not be accurate",CHEMBL1135590,J Med Chem,2002,,,CHEMBL437425,,CHEMBL437425,,0,http://www.openphacts.org/units/Nanomolar,160168,>,1,1,>,,IC50,nM,,200000.0,CHEMBL4822,Homo sapiens,Beta-secretase 1,9606,,,IC50,uM,UO_0000065,,200.0
,,765986,[],CHEMBL653496,"Inhibition of human brain beta-secretase, using MBPC125Swe (maltose-binding-protein C-125 Swedish) assay",B,,,BAO_0000190,BAO_0000219,cell-based format,CSCC[C@H](NC(=O)[C@@H](NC(C)=O)C(C)C)C(=O)NC(CC(C)C)C(O)CC(=O)N1CCC[C@@H]1C(=O)N[C@@H](C)C(=O)N[C@@H](CCC(=O)O)C(=O)N[C@@H](Cc1ccccc1)C(=O)O,Outside typical range,"Values for this activity type are unusually large/small, so may not be accurate",CHEMBL1135590,J Med Chem,2002,,,CHEMBL420418,,CHEMBL420418,,0,http://www.openphacts.org/units/Nanomolar,160157,>,1,1,>,,IC50,nM,,200000.0,CHEMBL4822,Homo sapiens,Beta-secretase 1,9606,,,IC50,uM,UO_0000065,,200.0
,,765987,[],CHEMBL653496,"Inhibition of human brain beta-secretase, using MBPC125Swe (maltose-binding-protein C-125 Swedish) assay",B,,,BAO_0000190,BAO_0000219,cell-based format,CSCC[C@H](NC(=O)[C@@H](NC(C)=O)C(C)C)C(=O)N[C@@H](CC(C)C)C(O)C[C@H](C(=O)N[C@@H](C)C(=O)N[C@@H](CCC(=O)O)C(=O)N[C@@H](Cc1ccccc1)C(=O)O)C(C)C,,,CHEMBL1135590,J Med Chem,2002,"{'bei': '9.05', 'le': '0.18', 'lle': '6.09', 'sei': '2.86'}",,CHEMBL90043,,CHEMBL90043,7.70,0,http://www.openphacts.org/units/Nanomolar,160151,=,1,1,=,,IC50,nM,,20.0,CHEMBL4822,Homo sapiens,Beta-secretase 1,9606,,,IC50,uM,UO_0000065,,0.02
,,766014,[],CHEMBL653496,"Inhibition of human brain beta-secretase, using MBPC125Swe (maltose-binding-protein C-125 Swedish) assay",B,,,BAO_0000190,BAO_0000219,cell-based format,CC[C@H](C)[C@H](NC(=O)[C@H](CCC(=O)O)NC(=O)[C@H](CCC(=O)O)NC(=O)[C@@H](NC(=O)[C@H](CCCCN)NC(=O)[C@@H](NC(=O)[C@H](CC(N)=O)NC(=O)[C@@H](N)[C@@H](C)O)[C@@H](C)CC)[C@@H](C)O)C(=O)N[C@@H](CO)C(=O)N[C@@H](CCC(=O)O)C(=O)N[C@H](C(=O)N[C@@H](CC(N)=O)C(=O)N[C@@H](CCC(=O)O)C(=O)N[C@@H](CC(=O)O)C(=O)N[C@@H](C)C(=O)N[C@@H](CCC(=O)O)C(=O)N[C@@H](Cc1ccccc1)C(=O)N[C@@H](CCCN=C(N)N)C(=O)O)C(C)C,Outside typical range,"Values for this activity type are unusually large/small, so may not be accurate",CHEMBL1135590,J Med Chem,2002,,,CHEMBL410405,,CHEMBL410405,,0,http://www.openphacts.org/units/Nanomolar,160162,>,1,1,>,,IC50,nM,,200000.0,CHEMBL4822,Homo sapiens,Beta-secretase 1,9606,,,IC50,uM,UO_0000065,,200.0
,,767050,[],CHEMBL653496,"Inhibition of human brain beta-secretase, using MBPC125Swe (maltose-binding-protein C-125 Swedish) assay",B,,,BAO_0000190,BAO_0000219,cell-based format,CSCC[C@H](NC(=O)[C@@H](NC(C)=O)C(C)C)C(=O)NC(CC(C)C)C(O)CC(=O)N[C@@H](Cc1ccccc1)C(=O)N[C@@H](C)C(=O)N[C@@H](CCC(=O)O)C(=O)N[C@@H](Cc1ccccc1)C(=O)O,,,CHEMBL1135590,J Med Chem,2002,"{'bei': '5.12', 'le': '0.10', 'lle': '3.76', 'sei': '1.62'}",,CHEMBL89703,,CHEMBL89703,4.82,0,http://www.openphacts.org/units/Nanomolar,160159,=,1,1,=,,IC50,nM,,15000.0,CHEMBL4822,Homo sapiens,Beta-secretase 1,9606,,,IC50,uM,UO_0000065,,15.0
,,767051,[],CHEMBL653496,"Inhibition of human brain beta-secretase, using MBPC125Swe (maltose-binding-protein C-125 Swedish) assay",B,,,BAO_0000190,BAO_0000219,cell-based format,CSCC[C@H](NC(=O)[C@@H](NC(C)=O)C(C)C)C(=O)NC(CC(C)C)C(O)CC(=O)N[C@H](C(=O)N[C@@H](C)C(=O)O)C(C)C,,,CHEMBL1135590,J Med Chem,2002,,,CHEMBL327545,,CHEMBL327545,,0,http://www.openphacts.org/units/Nanomolar,160155,>,1,1,>,,IC50,nM,,100000.0,CHEMBL4822,Homo sapiens,Beta-secretase 1,9606,,,IC50,uM,UO_0000065,,100.0
,,767066,[],CHEMBL653496,"Inhibition of human brain beta-secretase, using MBPC125Swe (maltose-binding-protein C-125 Swedish) assay",B,,,BAO_0000190,BAO_0000219,cell-based format,CC[C@H](C)[C@H](NC(=O)[C@H](CCC(=O)O)NC(=O)[C@H](CCC(=O)O)NC(=O)[C@@H](NC(=O)[C@H](CCCCN)NC(=O)[C@@H](NC(=O)[C@H](CC(N)=O)NC(=O)[C@@H](N)[C@@H](C)O)[C@@H](C)CC)[C@@H](C)O)C(=O)N[C@@H](CO)C(=O)N[C@@H](CCC(=O)O)C(=O)N[C@H](C(=O)N[C@@H](CC(N)=O)C(=O)NCC(=O)N[C@@H](CC(=O)O)C(=O)N[C@@H](C)C(=O)N[C@@H](CCC(=O)O)C(=O)N[C@@H](Cc1ccccc1)C(=O)N[C@@H](CCCN=C(N)N)C(=O)O)C(C)C,Outside typical range,"Values for this activity type are unusually large/small, so may not be accurate",CHEMBL1135590,J Med Chem,2002,,,CHEMBL440612,,CHEMBL440612,,0,http://www.openphacts.org/units/Nanomolar,160166,>,1,1,>,,IC50,nM,,200000.0,CHEMBL4822,Homo sapiens,Beta-secretase 1,9606,,,IC50,uM,UO_0000065,,200.0
,,768125,[],CHEMBL653496,"Inhibition of human brain beta-secretase, using MBPC125Swe (maltose-binding-protein C-125 Swedish) assay",B,,,BAO_0000190,BAO_0000219,cell-based format,CSCC[C@H](NC(=O)[C@@H](NC(C)=O)C(C)C)C(=O)NC(CC(C)C)C(O)CC(=O)N[C@H](C(=O)N[C@@H](C)C(=O)N[C@@H](CCC(=O)O)C(=O)N[C@@H](Cc1ccccc1)C(=O)O)[C@H](C)O,,,CHEMBL1135590,J Med Chem,2002,"{'bei': '4.46', 'le': '0.09', 'lle': '4.80', 'sei': '1.25'}",,CHEMBL1790741,,CHEMBL1790741,4.00,0,http://www.openphacts.org/units/Nanomolar,160158,=,1,1,=,,IC50,nM,,100000.0,CHEMBL4822,Homo sapiens,Beta-secretase 1,9606,,,IC50,uM,UO_0000065,,100.0
,,768158,[],CHEMBL653496,"Inhibition of human brain beta-secretase, using MBPC125Swe (maltose-binding-protein C-125 Swedish) assay",B,,,BAO_0000190,BAO_0000219,cell-based format,CC(C)CC(NC(=O)[C@@H](N)CC(N)=O)C(O)CC(=O)N[C@H](C(=O)N[C@@H](C)C(=O)N[C@@H](CCC(=O)O)C(=O)N[C@@H](Cc1ccccc1)C(=O)O)C(C)C,Outside typical range,"Values for this activity type are unusually large/small, so may not be accurate",CHEMBL1135590,J Med Chem,2002,,,CHEMBL89773,,CHEMBL89773,,0,http://www.openphacts.org/units/Nanomolar,160179,>,1,1,>,,IC50,nM,,150000.0,CHEMBL4822,Homo sapiens,Beta-secretase 1,9606,,,IC50,uM,UO_0000065,,150.0
,,769327,[],CHEMBL653496,"Inhibition of human brain beta-secretase, using MBPC125Swe (maltose-binding-protein C-125 Swedish) assay",B,,,BAO_0000190,BAO_0000219,cell-based format,CSCC[C@H](NC(=O)[C@@H](NC(C)=O)C(C)C)C(=O)N[C@@H](Cc1ccccc1)C(O)CC(=O)N[C@H](C(=O)N[C@@H](C)C(=O)N[C@@H](CCC(=O)O)C(=O)N[C@@H](Cc1ccccc1)C(=O)O)C(C)C,,,CHEMBL1135590,J Med Chem,2002,"{'bei': '6.79', 'le': '0.13', 'lle': '5.63', 'sei': '2.11'}",,CHEMBL89530,,CHEMBL89530,6.30,0,http://www.openphacts.org/units/Nanomolar,160153,=,1,1,=,,IC50,nM,,500.0,CHEMBL4822,Homo sapiens,Beta-secretase 1,9606,,,IC50,uM,UO_0000065,,0.5
,,769334,[],CHEMBL653496,"Inhibition of human brain beta-secretase, using MBPC125Swe (maltose-binding-protein C-125 Swedish) assay",B,,,BAO_0000190,BAO_0000219,cell-based format,CC[C@H](C)[C@H](NC(=O)[C@H](CCC(=O)O)NC(=O)[C@H](CCC(=O)O)NC(=O)[C@@H](NC(=O)[C@@H](N)CCCCN)[C@@H](C)O)C(=O)N[C@@H](CO)C(=O)N[C@@H](CCC(=O)O)C(=O)N[C@H](C(=O)N[C@@H](CC(N)=O)C(=O)N[C@@H](CC(C)C)[C@@H](O)CC(=O)N[C@@H](CC(=O)O)C(=O)N[C@@H](C)C(=O)N[C@@H](CCC(=O)O)C(=O)N[C@@H](Cc1ccccc1)C(=O)O)C(C)C,,,CHEMBL1135590,J Med Chem,2002,"{'bei': '2.64', 'le': None, 'lle': None, 'sei': None}",,CHEMBL2370074,,CHEMBL2370074,4.40,0,http://www.openphacts.org/units/Nanomolar,160169,=,1,1,=,,IC50,nM,,40000.0,CHEMBL4822,Homo sapiens,Beta-secretase 1,9606,,,IC50,uM,UO_0000065,,40.0
,,770323,[],CHEMBL653496,"Inhibition of human brain beta-secretase, using MBPC125Swe (maltose-binding-protein C-125 Swedish) assay",B,,,BAO_0000190,BAO_0000219,cell-based format,CC[C@H](C)[C@H](NC(=O)[C@H](CCC(=O)O)NC(=O)[C@H](CCC(=O)O)NC(=O)[C@@H](NC(=O)[C@H](CCCCN)NC(=O)[C@@H](NC(=O)[C@H](CC(N)=O)NC(=O)[C@@H](N)[C@@H](C)O)[C@@H](C)CC)[C@@H](C)O)C(=O)N[C@@H](CO)C(=O)N[C@@H](CCC(=O)O)C(=O)N[C@H](C(=O)N[C@@H](CC(N)=O)C(=O)N[C@@H](CC(C)C)C(=O)NCC(=O)N[C@@H](C)C(=O)N[C@@H](CCC(=O)O)C(=O)N[C@@H](Cc1ccccc1)C(=O)N[C@@H](CCCN=C(N)N)C(=O)O)C(C)C,Outside typical range,"Values for this activity type are unusually large/small, so may not be accurate",CHEMBL1135590,J Med Chem,2002,,,CHEMBL437918,,CHEMBL437918,,0,http://www.openphacts.org/units/Nanomolar,160176,=,1,1,=,,IC50,nM,,119000.0,CHEMBL4822,Homo sapiens,Beta-secretase 1,9606,,,IC50,uM,UO_0000065,,119.0
,,771535,[],CHEMBL653496,"Inhibition of human brain beta-secretase, using MBPC125Swe (maltose-binding-protein C-125 Swedish) assay",B,,,BAO_0000190,BAO_0000219,cell-based format,CSCC[C@H](NC(=O)[C@@H](NC(C)=O)C(C)C)C(=O)NC(CC(C)C)C(O)CC(=O)N[C@@H](C)C(=O)N[C@@H](C)C(=O)N[C@@H](CCC(=O)O)C(=O)N[C@@H](Cc1ccccc1)C(=O)O,,,CHEMBL1135590,J Med Chem,2002,"{'bei': '6.12', 'le': '0.12', 'lle': '5.46', 'sei': '1.78'}",,CHEMBL90615,,CHEMBL90615,5.30,0,http://www.openphacts.org/units/Nanomolar,160148,=,1,1,=,,IC50,nM,,5000.0,CHEMBL4822,Homo sapiens,Beta-secretase 1,9606,,,IC50,uM,UO_0000065,,5.0
,,771536,[],CHEMBL653496,"Inhibition of human brain beta-secretase, using MBPC125Swe (maltose-binding-protein C-125 Swedish) assay",B,,,BAO_0000190,BAO_0000219,cell-based format,CSCC[C@H](NC(=O)[C@@H](NC(C)=O)C(C)C)C(=O)NC(CC(C)C)C(O)CC(=O)N[C@H](C(=O)O)C(C)C,,,CHEMBL1135590,J Med Chem,2002,,,CHEMBL89438,,CHEMBL89438,,0,http://www.openphacts.org/units/Nanomolar,160154,>,1,1,>,,IC50,nM,,100000.0,CHEMBL4822,Homo sapiens,Beta-secretase 1,9606,,,IC50,uM,UO_0000065,,100.0
,,772726,[],CHEMBL653496,"Inhibition of human brain beta-secretase, using MBPC125Swe (maltose-binding-protein C-125 Swedish) assay",B,,,BAO_0000190,BAO_0000219,cell-based format,CSCC[C@H](NC(=O)[C@@H](NC(C)=O)C(C)C)C(=O)N[C@@H](CC(C)C)C(O)CC(=O)N[C@@H](CC(=O)O)C(=O)N[C@@H](C)C(=O)N[C@@H](CCC(=O)O)C(=O)N[C@@H](C)C(=O)O,,,CHEMBL1135590,J Med Chem,2002,,,CHEMBL2370096,,CHEMBL2370096,,0,http://www.openphacts.org/units/Nanomolar,160185,>,1,1,>,,IC50,nM,,100000.0,CHEMBL4822,Homo sapiens,Beta-secretase 1,9606,,,IC50,uM,UO_0000065,,100.0
,,772754,[],CHEMBL653496,"Inhibition of human brain beta-secretase, using MBPC125Swe (maltose-binding-protein C-125 Swedish) assay",B,,,BAO_0000190,BAO_0000219,cell-based format,CC[C@H](C)[C@H](NC(=O)[C@H](CCC(=O)O)NC(=O)[C@H](CCC(=O)O)NC(=O)[C@@H](NC(=O)[C@H](CCCCN)NC(=O)[C@@H](NC(=O)[C@H](CC(N)=O)NC(=O)[C@@H](N)[C@@H](C)O)[C@@H](C)CC)[C@@H](C)O)C(=O)N[C@@H](CO)C(=O)N[C@@H](CCC(=O)O)C(=O)N[C@H](C(=O)N[C@@H](CC(N)=O)C(=O)N[C@@H](CCCN=C(N)N)C(=O)N[C@@H](CC(=O)O)C(=O)N[C@@H](C)C(=O)N[C@@H](CCC(=O)O)C(=O)N[C@@H](Cc1ccccc1)C(=O)N[C@@H](CCCN=C(N)N)C(=O)O)C(C)C,Outside typical range,"Values for this activity type are unusually large/small, so may not be accurate",CHEMBL1135590,J Med Chem,2002,,,CHEMBL411367,,CHEMBL411367,,0,http://www.openphacts.org/units/Nanomolar,160163,>,1,1,>,,IC50,nM,,200000.0,CHEMBL4822,Homo sapiens,Beta-secretase 1,9606,,,IC50,uM,UO_0000065,,200.0
,,772755,[],CHEMBL653496,"Inhibition of human brain beta-secretase, using MBPC125Swe (maltose-binding-protein C-125 Swedish) assay",B,,,BAO_0000190,BAO_0000219,cell-based format,CC(=O)N[C@H](C(=O)N[C@@H](CC(N)=O)C(=O)NC(CC(C)C)C(O)CC(=O)N[C@H](C(=O)N[C@@H](C)C(=O)N[C@@H](CCC(=O)O)C(=O)N[C@@H](Cc1ccccc1)C(=O)O)C(C)C)C(C)C,,,CHEMBL1135590,J Med Chem,2002,"{'bei': '7.18', 'le': '0.14', 'lle': '7.70', 'sei': '1.84'}",,CHEMBL315706,,CHEMBL315706,6.30,0,http://www.openphacts.org/units/Nanomolar,160178,=,1,1,=,,IC50,nM,,500.0,CHEMBL4822,Homo sapiens,Beta-secretase 1,9606,,,IC50,uM,UO_0000065,,0.5
,,775060,[],CHEMBL653496,"Inhibition of human brain beta-secretase, using MBPC125Swe (maltose-binding-protein C-125 Swedish) assay",B,,,BAO_0000190,BAO_0000219,cell-based format,CC[C@H](C)[C@H](NC(=O)[C@H](CCC(=O)O)NC(=O)[C@H](CCC(=O)O)NC(=O)[C@@H](NC(=O)[C@@H](N)CCCCN)[C@@H](C)O)C(=O)N[C@@H](CO)C(=O)N[C@@H](CCC(=O)O)C(=O)N[C@H](C(=O)N[C@@H](CC(N)=O)C(=O)N[C@@H](CC(C)C)[C@@H](O)CC(=O)N[C@H](C(=O)N[C@@H](C)C(=O)N[C@@H](CCC(=O)O)C(=O)N[C@@H](Cc1ccccc1)C(=O)O)C(C)C)C(C)C,,,CHEMBL1135590,J Med Chem,2002,"{'bei': '4.55', 'le': None, 'lle': None, 'sei': None}",,CHEMBL412768,,CHEMBL412768,7.52,0,http://www.openphacts.org/units/Nanomolar,160181,=,1,1,=,,IC50,nM,,30.0,CHEMBL4822,Homo sapiens,Beta-secretase 1,9606,,,IC50,uM,UO_0000065,,0.03
,,776193,[],CHEMBL653496,"Inhibition of human brain beta-secretase, using MBPC125Swe (maltose-binding-protein C-125 Swedish) assay",B,,,BAO_0000190,BAO_0000219,cell-based format,CC[C@H](C)[C@H](NC(=O)[C@H](CCC(=O)O)NC(=O)[C@H](CCC(=O)O)NC(=O)[C@@H](NC(=O)[C@H](CCCCN)NC(=O)[C@@H](NC(=O)[C@H](CC(N)=O)NC(=O)[C@@H](N)[C@@H](C)O)[C@@H](C)CC)[C@@H](C)O)C(=O)N[C@@H](CO)C(=O)N[C@@H](CCC(=O)O)C(=O)N[C@H](C(=O)N[C@@H](CC(N)=O)C(=O)N[C@@H](CC(C)C)C(=O)N[C@H](C(=O)N[C@@H](C)C(=O)N[C@@H](CCC(=O)O)C(=O)N[C@@H](Cc1ccccc1)C(=O)N[C@@H](CCCN=C(N)N)C(=O)O)C(C)C)C(C)C,,,CHEMBL1135590,J Med Chem,2002,"{'bei': '2.64', 'le': None, 'lle': None, 'sei': None}",,CHEMBL441187,,CHEMBL441187,5.52,0,http://www.openphacts.org/units/Nanomolar,160174,=,1,1,=,,IC50,nM,,3000.0,CHEMBL4822,Homo sapiens,Beta-secretase 1,9606,,,IC50,uM,UO_0000065,,3.0
,,779473,[],CHEMBL653496,"Inhibition of human brain beta-secretase, using MBPC125Swe (maltose-binding-protein C-125 Swedish) assay",B,,,BAO_0000190,BAO_0000219,cell-based format,CSCC[C@H](NC(=O)[C@@H](NC(C)=O)C(C)C)C(=O)NC(CC(C)C)C(O)CC(=O)N[C@H](C(=O)N[C@@H](C)C(=O)N[C@@H](CCC(=O)O)C(=O)N[C@@H](Cc1ccccc1)C(=O)O)C(C)C,,,CHEMBL1135590,J Med Chem,2002,"{'bei': '7.30', 'le': '0.14', 'lle': '6.05', 'sei': '2.18'}",,CHEMBL265041,,CHEMBL265041,6.52,0,http://www.openphacts.org/units/Nanomolar,160147,=,1,1,=,,IC50,nM,,300.0,CHEMBL4822,Homo sapiens,Beta-secretase 1,9606,,,IC50,uM,UO_0000065,,0.3
,,779479,[],CHEMBL653496,"Inhibition of human brain beta-secretase, using MBPC125Swe (maltose-binding-protein C-125 Swedish) assay",B,,,BAO_0000190,BAO_0000219,cell-based format,CC[C@H](C)[C@H](NC(=O)[C@H](CCC(=O)O)NC(=O)[C@H](CCC(=O)O)NC(=O)[C@@H](NC(=O)[C@H](CCCCN)NC(=O)[C@@H](NC(=O)[C@H](CC(N)=O)NC(=O)[C@@H](N)[C@@H](C)O)[C@@H](C)CC)[C@@H](C)O)C(=O)N[C@@H](CO)C(=O)N[C@@H](CCC(=O)O)C(=O)N[C@H](C(=O)N[C@@H](CC(N)=O)C(=O)N[C@H](C(=O)N[C@@H](CC(=O)O)C(=O)N[C@@H](C)C(=O)N[C@@H](CCC(=O)O)C(=O)N[C@@H](Cc1ccccc1)C(=O)N[C@@H](CCCN=C(N)N)C(=O)O)[C@@H](C)O)C(C)C,Outside typical range,"Values for this activity type are unusually large/small, so may not be accurate",CHEMBL1135590,J Med Chem,2002,,,CHEMBL2370091,,CHEMBL2370091,,0,http://www.openphacts.org/units/Nanomolar,160160,>,1,1,>,,IC50,nM,,200000.0,CHEMBL4822,Homo sapiens,Beta-secretase 1,9606,,,IC50,uM,UO_0000065,,200.0
,,780706,[],CHEMBL653496,"Inhibition of human brain beta-secretase, using MBPC125Swe (maltose-binding-protein C-125 Swedish) assay",B,,,BAO_0000190,BAO_0000219,cell-based format,CSCC[C@H](NC(=O)[C@@H](NC(C)=O)C(C)C)C(=O)N[C@@H](CC(C)C)C(O)CC(=O)N[C@H](C(=O)N[C@@H](C)C(=O)N[C@@H](C)C(=O)N[C@@H](Cc1ccccc1)C(=O)O)C(C)C,,,CHEMBL1135590,J Med Chem,2002,"{'bei': '6.82', 'le': '0.13', 'lle': '5.07', 'sei': '2.18'}",,CHEMBL2370097,,CHEMBL2370097,5.70,0,http://www.openphacts.org/units/Nanomolar,160186,=,1,1,=,,IC50,nM,,2000.0,CHEMBL4822,Homo sapiens,Beta-secretase 1,9606,,,IC50,uM,UO_0000065,,2.0
,,785069,[],CHEMBL653496,"Inhibition of human brain beta-secretase, using MBPC125Swe (maltose-binding-protein C-125 Swedish) assay",B,,,BAO_0000190,BAO_0000219,cell-based format,CC[C@H](C)[C@H](NC(=O)[C@H](CCC(=O)O)NC(=O)[C@H](CCC(=O)O)NC(=O)[C@@H](NC(=O)[C@H](CCCCN)NC(=O)[C@@H](NC(=O)[C@H](CC(N)=O)NC(=O)[C@@H](N)[C@@H](C)O)[C@@H](C)CC)[C@@H](C)O)C(=O)N[C@@H](CO)C(=O)N[C@@H](CCC(=O)O)C(=O)N[C@H](C(=O)N[C@@H](CC(N)=O)C(=O)N[C@@H](CC(C)C)C(=O)N[C@@H](CC(C)C)C(=O)N[C@@H](C)C(=O)N[C@@H](CCC(=O)O)C(=O)N[C@@H](Cc1ccccc1)C(=O)N[C@@H](CCCN=C(N)N)C(=O)O)C(C)C,,,CHEMBL1135590,J Med Chem,2002,"{'bei': '2.06', 'le': None, 'lle': None, 'sei': None}",,CHEMBL265158,,CHEMBL265158,4.35,0,http://www.openphacts.org/units/Nanomolar,160175,=,1,1,=,,IC50,nM,,45000.0,CHEMBL4822,Homo sapiens,Beta-secretase 1,9606,,,IC50,uM,UO_0000065,,45.0
,,785070,[],CHEMBL653496,"Inhibition of human brain beta-secretase, using MBPC125Swe (maltose-binding-protein C-125 Swedish) assay",B,,,BAO_0000190,BAO_0000219,cell-based format,CC[C@H](C)[C@H](NC(=O)[C@H](CCC(=O)O)NC(=O)[C@H](CCC(=O)O)NC(=O)[C@@H](NC(=O)[C@H](CCCCN)NC(=O)[C@@H](NC(=O)[C@H](CC(N)=O)NC(=O)[C@@H](N)[C@@H](C)O)[C@@H](C)CC)[C@@H](C)O)C(=O)N[C@@H](CO)C(=O)N[C@@H](CCC(=O)O)C(=O)N[C@H](C(=O)N[C@@H](CC(N)=O)C(=O)N[C@@H](CC(C)C)C(=O)N[C@@H](C)C(=O)N[C@@H](C)C(=O)N[C@@H](CCC(=O)O)C(=O)N[C@@H](Cc1ccccc1)C(=O)N[C@@H](CCCN=C(N)N)C(=O)O)C(C)C,Outside typical range,"Values for this activity type are unusually large/small, so may not be accurate",CHEMBL1135590,J Med Chem,2002,,,CHEMBL427580,,CHEMBL427580,,0,http://www.openphacts.org/units/Nanomolar,160171,>,1,1,>,,IC50,nM,,200000.0,CHEMBL4822,Homo sapiens,Beta-secretase 1,9606,,,IC50,uM,UO_0000065,,200.0
,,788432,[],CHEMBL653496,"Inhibition of human brain beta-secretase, using MBPC125Swe (maltose-binding-protein C-125 Swedish) assay",B,,,BAO_0000190,BAO_0000219,cell-based format,CC[C@H](C)[C@H](NC(=O)[C@H](CCC(=O)O)NC(=O)[C@H](CCC(=O)O)NC(=O)[C@@H](NC(=O)[C@@H](N)CCCCN)[C@@H](C)O)C(=O)N[C@@H](CO)C(=O)N[C@@H](CCC(=O)O)C(=O)N[C@H](C(=O)N[C@@H](CC(N)=O)C(=O)N[C@@H](CC(C)C)[C@@H](O)CC(=O)N[C@@H](CC(=O)O)C(=O)N[C@@H](C)C(=O)N[C@@H](CCC(=O)O)C(=O)N[C@@H](Cc1ccccc1)C(=O)N[C@@H](CCCN=C(N)N)C(=O)O)C(C)C,,,CHEMBL1135590,J Med Chem,2002,"{'bei': '2.31', 'le': None, 'lle': None, 'sei': None}",,CHEMBL2370075,,CHEMBL2370075,4.22,0,http://www.openphacts.org/units/Nanomolar,160170,=,1,1,=,,IC50,nM,,60000.0,CHEMBL4822,Homo sapiens,Beta-secretase 1,9606,,,IC50,uM,UO_0000065,,60.0
,,1027835,[],CHEMBL653497,Inhibition of human beta-secretase (BACE) in MBP-C125 assay,B,,,BAO_0000190,BAO_0000357,single protein format,CO[C@](C)(C(=O)NC(CC(C)C)[C@@H](O)CC(=O)N[C@@H](C(=O)N[C@H](C)C(=O)N[C@H](CCC(=O)O)C(=O)N[C@H](Cc1ccccc1)C(=O)O)C(C)C)c1ccccc1,,,CHEMBL1145027,J Med Chem,2003,"{'bei': '5.60', 'le': '0.11', 'lle': '2.75', 'sei': '1.76'}",,CHEMBL52961,,CHEMBL52961,4.39,0,http://www.openphacts.org/units/Nanomolar,86640,=,1,1,=,,IC50,nM,,41000.0,CHEMBL4822,Homo sapiens,Beta-secretase 1,9606,,,IC50,uM,UO_0000065,,41.0
,,1027836,[],CHEMBL653497,Inhibition of human beta-secretase (BACE) in MBP-C125 assay,B,,,BAO_0000190,BAO_0000357,single protein format,CSCC[C@H](NC(=O)[C@@H](NC(=O)OC(C)(C)C)C(C)C)C(=O)NC(CC(C)C)[C@@H](O)CC(=O)N[C@@H](C(=O)NCc1ccccc1)C(C)C,Outside typical range,"Values for this activity type are unusually large/small, so may not be accurate",CHEMBL1145027,J Med Chem,2003,,,CHEMBL49711,,CHEMBL49711,,0,http://www.openphacts.org/units/Nanomolar,86659,>,1,1,>,,IC50,nM,,200000.0,CHEMBL4822,Homo sapiens,Beta-secretase 1,9606,,,IC50,uM,UO_0000065,,200.0
,,1027837,[],CHEMBL653497,Inhibition of human beta-secretase (BACE) in MBP-C125 assay,B,,,BAO_0000190,BAO_0000357,single protein format,COC(=O)CCCNC(=O)[C@H](NC(=O)C[C@H](O)C(CC(C)C)NC(=O)[C@H](CCSC)NC(=O)[C@@H](NC(=O)OC(C)(C)C)C(C)C)C(C)C,,,CHEMBL1145027,J Med Chem,2003,"{'bei': '6.15', 'le': '0.12', 'lle': '2.06', 'sei': '2.15'}",,CHEMBL52174,,CHEMBL52174,4.33,0,http://www.openphacts.org/units/Nanomolar,86656,=,1,1,=,,IC50,nM,,47000.0,CHEMBL4822,Homo sapiens,Beta-secretase 1,9606,,,IC50,uM,UO_0000065,,47.0
,,1032799,[],CHEMBL653497,Inhibition of human beta-secretase (BACE) in MBP-C125 assay,B,,,BAO_0000190,BAO_0000357,single protein format,CC(C)CC(NC(=O)C(O)c1cccc(Oc2ccccc2)c1)[C@@H](O)CC(=O)N[C@@H](C(=O)N[C@H](C)C(=O)N[C@H](CCC(=O)O)C(=O)N[C@H](Cc1ccccc1)C(=O)O)C(C)C,,,CHEMBL1145027,J Med Chem,2003,"{'bei': '6.16', 'le': '0.12', 'lle': '2.62', 'sei': '1.94'}",,CHEMBL298147,,CHEMBL298147,5.22,0,http://www.openphacts.org/units/Nanomolar,86638,=,1,1,=,,IC50,nM,,6000.0,CHEMBL4822,Homo sapiens,Beta-secretase 1,9606,,,IC50,uM,UO_0000065,,6.0
,,1035319,[],CHEMBL653497,Inhibition of human beta-secretase (BACE) in MBP-C125 assay,B,,,BAO_0000190,BAO_0000357,single protein format,CC(C)CC(NC(=O)C(O)c1ccccc1Br)[C@@H](O)CC(=O)N[C@@H](C(=O)N[C@H](C)C(=O)N[C@H](CCC(=O)O)C(=O)N[C@H](Cc1ccccc1)C(=O)O)C(C)C,,,CHEMBL1145027,J Med Chem,2003,"{'bei': '6.62', 'le': '0.14', 'lle': '3.95', 'sei': '2.12'}",,CHEMBL51304,,CHEMBL51304,5.52,0,http://www.openphacts.org/units/Nanomolar,86662,=,1,1,=,,IC50,nM,,3000.0,CHEMBL4822,Homo sapiens,Beta-secretase 1,9606,,,IC50,uM,UO_0000065,,3.0
,,1038835,[],CHEMBL653497,Inhibition of human beta-secretase (BACE) in MBP-C125 assay,B,,,BAO_0000190,BAO_0000357,single protein format,CC(C)CC(NC(=O)CCCOc1ccccc1)[C@@H](O)CC(=O)N[C@@H](C(=O)N[C@H](C)C(=O)N[C@H](CCC(=O)O)C(=O)N[C@H](Cc1ccccc1)C(=O)O)C(C)C,,,CHEMBL1145027,J Med Chem,2003,"{'bei': '5.87', 'le': '0.11', 'lle': '2.67', 'sei': '1.84'}",,CHEMBL51003,,CHEMBL51003,4.60,0,http://www.openphacts.org/units/Nanomolar,86645,=,1,1,=,,IC50,nM,,25000.0,CHEMBL4822,Homo sapiens,Beta-secretase 1,9606,,,IC50,uM,UO_0000065,,25.0
,,1038836,[],CHEMBL653497,Inhibition of human beta-secretase (BACE) in MBP-C125 assay,B,,,BAO_0000190,BAO_0000357,single protein format,CSCC[C@H](NC(=O)[C@@H](NC(=O)OC(C)(C)C)C(C)C)C(=O)NC(CC(C)C)[C@@H](O)CC(=O)N[C@@H](C(=O)NO)C(C)C,,,CHEMBL1145027,J Med Chem,2003,"{'bei': '6.50', 'le': '0.13', 'lle': '2.33', 'sei': '2.06'}",,CHEMBL50827,,CHEMBL50827,4.03,0,http://www.openphacts.org/units/Nanomolar,86657,=,1,1,=,,IC50,nM,,94000.0,CHEMBL4822,Homo sapiens,Beta-secretase 1,9606,,,IC50,uM,UO_0000065,,94.0
,,1039991,[],CHEMBL653497,Inhibition of human beta-secretase (BACE) in MBP-C125 assay,B,,,BAO_0000190,BAO_0000357,single protein format,CC(C)CC(NC(=O)C(O)c1ccccc1Oc1ccccc1)[C@@H](O)CC(=O)N[C@@H](C(=O)N[C@H](C)C(=O)N[C@H](CCC(=O)O)C(=O)N[C@H](Cc1ccccc1)C(=O)O)C(C)C,,,CHEMBL1145027,J Med Chem,2003,"{'bei': '5.72', 'le': '0.11', 'lle': '2.25', 'sei': '1.80'}",,CHEMBL51779,,CHEMBL51779,4.85,0,http://www.openphacts.org/units/Nanomolar,86639,=,1,1,=,,IC50,nM,,14000.0,CHEMBL4822,Homo sapiens,Beta-secretase 1,9606,,,IC50,uM,UO_0000065,,14.0
,,1042335,[],CHEMBL653497,Inhibition of human beta-secretase (BACE) in MBP-C125 assay,B,,,BAO_0000190,BAO_0000357,single protein format,CC(C)CC(NC(=O)[C@@H](O)c1ccccc1)[C@@H](O)CC(=O)N[C@@H](C(=O)N[C@H](C)C(=O)N[C@H](CCC(=O)O)C(=O)N[C@H](Cc1ccccc1)C(=O)O)C(C)C,,,CHEMBL1145027,J Med Chem,2003,"{'bei': '6.31', 'le': '0.12', 'lle': '3.96', 'sei': '1.83'}",,CHEMBL52545,,CHEMBL52545,4.77,0,http://www.openphacts.org/units/Nanomolar,86631,=,1,1,=,,IC50,nM,,17000.0,CHEMBL4822,Homo sapiens,Beta-secretase 1,9606,,,IC50,uM,UO_0000065,,17.0
,,1042336,[],CHEMBL653497,Inhibition of human beta-secretase (BACE) in MBP-C125 assay,B,,,BAO_0000190,BAO_0000357,single protein format,COc1cc(CC(=O)NC(CC(C)C)[C@@H](O)CC(=O)N[C@@H](C(=O)N[C@H](C)C(=O)N[C@H](CCC(=O)O)C(=O)N[C@H](Cc2ccccc2)C(=O)O)C(C)C)cc(OC)c1OC,,,CHEMBL1145027,J Med Chem,2003,"{'bei': '4.85', 'le': '0.09', 'lle': '2.69', 'sei': '1.50'}",,CHEMBL301944,,CHEMBL301944,4.03,0,http://www.openphacts.org/units/Nanomolar,86668,=,1,1,=,,IC50,nM,,94000.0,CHEMBL4822,Homo sapiens,Beta-secretase 1,9606,,,IC50,uM,UO_0000065,,94.0
,,1045099,[],CHEMBL653497,Inhibition of human beta-secretase (BACE) in MBP-C125 assay,B,,,BAO_0000190,BAO_0000357,single protein format,CC(C)CC(NC(=O)C(O)c1cccc2ccccc12)[C@@H](O)CC(=O)N[C@@H](C(=O)N[C@H](C)C(=O)N[C@H](CCC(=O)O)C(=O)N[C@H](Cc1ccccc1)C(=O)O)C(C)C,,,CHEMBL1145027,J Med Chem,2003,"{'bei': '6.70', 'le': '0.13', 'lle': '3.44', 'sei': '2.07'}",,CHEMBL297910,,CHEMBL297910,5.40,0,http://www.openphacts.org/units/Nanomolar,86661,=,1,1,=,,IC50,nM,,4000.0,CHEMBL4822,Homo sapiens,Beta-secretase 1,9606,,,IC50,uM,UO_0000065,,4.0
,,1045100,[],CHEMBL653497,Inhibition of human beta-secretase (BACE) in MBP-C125 assay,B,,,BAO_0000190,BAO_0000357,single protein format,CCCCNC(=O)[C@H](NC(=O)C[C@H](O)C(CC(C)C)NC(=O)[C@H](CCSC)NC(=O)[C@@H](NC(=O)OC(C)(C)C)C(C)C)C(C)C,Outside typical range,"Values for this activity type are unusually large/small, so may not be accurate",CHEMBL1145027,J Med Chem,2003,,,CHEMBL52225,,CHEMBL52225,,0,http://www.openphacts.org/units/Nanomolar,86658,>,1,1,>,,IC50,nM,,200000.0,CHEMBL4822,Homo sapiens,Beta-secretase 1,9606,,,IC50,uM,UO_0000065,,200.0
,,1045101,[],CHEMBL653497,Inhibition of human beta-secretase (BACE) in MBP-C125 assay,B,,,BAO_0000190,BAO_0000357,single protein format,CSCC[C@H](NC(=O)[C@@H](NC(=O)OC(C)(C)C)C(C)C)C(=O)NC(CC(C)C)[C@@H](O)CC(=O)N[C@@H](C(=O)NC1C[C@@H](C(=O)O)C[C@@H](C(=O)O)C1)C(C)C,,,CHEMBL1145027,J Med Chem,2003,"{'bei': '8.43', 'le': '0.17', 'lle': '4.25', 'sei': '2.61'}",,CHEMBL50930,,CHEMBL50930,6.52,0,http://www.openphacts.org/units/Nanomolar,86648,=,1,1,=,,IC50,nM,,300.0,CHEMBL4822,Homo sapiens,Beta-secretase 1,9606,,,IC50,uM,UO_0000065,,0.3
,,1046319,[],CHEMBL653497,Inhibition of human beta-secretase (BACE) in MBP-C125 assay,B,,,BAO_0000190,BAO_0000357,single protein format,CC(C)CC(NC(=O)Cc1ccc(-c2ccccc2)cc1)[C@@H](O)CC(=O)N[C@@H](C(=O)N[C@H](C)C(=O)N[C@H](CCC(=O)O)C(=O)N[C@H](Cc1ccccc1)C(=O)O)C(C)C,,,CHEMBL1145027,J Med Chem,2003,"{'bei': '5.21', 'le': '0.10', 'lle': '1.26', 'sei': '1.77'}",,CHEMBL300665,,CHEMBL300665,4.25,0,http://www.openphacts.org/units/Nanomolar,86632,=,1,1,=,,IC50,nM,,56000.0,CHEMBL4822,Homo sapiens,Beta-secretase 1,9606,,,IC50,uM,UO_0000065,,56.0
,,1046320,[],CHEMBL653497,Inhibition of human beta-secretase (BACE) in MBP-C125 assay,B,,,BAO_0000190,BAO_0000357,single protein format,CC(C)CC(NC(=O)c1ccc2ccccc2c1)[C@@H](O)CC(=O)N[C@@H](C(=O)N[C@H](C)C(=O)N[C@H](CCC(=O)O)C(=O)N[C@H](Cc1ccccc1)C(=O)O)C(C)C,,,CHEMBL1145027,J Med Chem,2003,"{'bei': '5.57', 'le': '0.11', 'lle': '1.78', 'sei': '1.80'}",,CHEMBL297739,,CHEMBL297739,4.32,0,http://www.openphacts.org/units/Nanomolar,86644,=,1,1,=,,IC50,nM,,48000.0,CHEMBL4822,Homo sapiens,Beta-secretase 1,9606,,,IC50,uM,UO_0000065,,48.0
,,1048717,[],CHEMBL653497,Inhibition of human beta-secretase (BACE) in MBP-C125 assay,B,,,BAO_0000190,BAO_0000357,single protein format,CSCC[C@H](NC(=O)[C@@H](NC(C)=O)C(C)C)C(=O)N[C@@H](CC(C)C)[C@@H](O)CC(=O)N[C@H](C(=O)N[C@@H](C)C(=O)N[C@@H](CCC(=O)O)C(=O)N[C@@H](Cc1ccccc1)C(=O)O)C(C)C,,,CHEMBL1145027,J Med Chem,2003,"{'bei': '7.30', 'le': '0.14', 'lle': '6.05', 'sei': '2.18'}",,CHEMBL51386,,CHEMBL51386,6.52,0,http://www.openphacts.org/units/Nanomolar,86630,=,1,1,=,,IC50,nM,,300.0,CHEMBL4822,Homo sapiens,Beta-secretase 1,9606,,,IC50,uM,UO_0000065,,0.3
,,1048718,[],CHEMBL653497,Inhibition of human beta-secretase (BACE) in MBP-C125 assay,B,,,BAO_0000190,BAO_0000357,single protein format,CSCC[C@H](NC(=O)[C@@H](NC(=O)OC(C)(C)C)C(C)C)C(=O)NC(CC(C)C)[C@@H](O)CC(=O)N[C@@H](C(=O)NCc1ccncc1)C(C)C,,,CHEMBL1145027,J Med Chem,2003,,,CHEMBL299351,,CHEMBL299351,,0,http://www.openphacts.org/units/Nanomolar,86650,>,1,1,>,,IC50,nM,,100000.0,CHEMBL4822,Homo sapiens,Beta-secretase 1,9606,,,IC50,uM,UO_0000065,,100.0
,,1048719,[],CHEMBL653497,Inhibition of human beta-secretase (BACE) in MBP-C125 assay,B,,,BAO_0000190,BAO_0000357,single protein format,CSCC[C@H](NC(=O)[C@@H](NC(=O)OC(C)(C)C)C(C)C)C(=O)NC(CC(C)C)[C@@H](O)CC(=O)N[C@@H](C(=O)NCc1cccc(OCC(=O)O)c1)C(C)C,,,CHEMBL1145027,J Med Chem,2003,"{'bei': '6.90', 'le': '0.14', 'lle': '2.32', 'sei': '2.39'}",,CHEMBL51188,,CHEMBL51188,5.30,0,http://www.openphacts.org/units/Nanomolar,86649,=,1,1,=,,IC50,nM,,5000.0,CHEMBL4822,Homo sapiens,Beta-secretase 1,9606,,,IC50,uM,UO_0000065,,5.0
,,1049875,[],CHEMBL653497,Inhibition of human beta-secretase (BACE) in MBP-C125 assay,B,,,BAO_0000190,BAO_0000357,single protein format,CC(C)CC(NC(=O)Cc1cccc2ccccc12)[C@@H](O)CC(=O)N[C@@H](C(=O)N[C@H](C)C(=O)N[C@H](CCC(=O)O)C(=O)N[C@H](Cc1ccccc1)C(=O)O)C(C)C,,,CHEMBL1145027,J Med Chem,2003,"{'bei': '5.54', 'le': '0.10', 'lle': '1.91', 'sei': '1.82'}",,CHEMBL53919,,CHEMBL53919,4.38,0,http://www.openphacts.org/units/Nanomolar,86635,=,1,1,=,,IC50,nM,,42000.0,CHEMBL4822,Homo sapiens,Beta-secretase 1,9606,,,IC50,uM,UO_0000065,,42.0
,,1049876,[],CHEMBL653497,Inhibition of human beta-secretase (BACE) in MBP-C125 assay,B,,,BAO_0000190,BAO_0000357,single protein format,CC(C)CC(NC(=O)C(O)c1ccccc1OCc1ccccc1)[C@@H](O)CC(=O)N[C@@H](C(=O)N[C@H](C)C(=O)N[C@H](CCC(=O)O)C(=O)N[C@H](Cc1ccccc1)C(=O)O)C(C)C,,,CHEMBL1145027,J Med Chem,2003,"{'bei': '5.75', 'le': '0.11', 'lle': '2.57', 'sei': '1.84'}",,CHEMBL54083,,CHEMBL54083,4.96,0,http://www.openphacts.org/units/Nanomolar,86637,=,1,1,=,,IC50,nM,,11000.0,CHEMBL4822,Homo sapiens,Beta-secretase 1,9606,,,IC50,uM,UO_0000065,,11.0
,,1049877,[],CHEMBL653497,Inhibition of human beta-secretase (BACE) in MBP-C125 assay,B,,,BAO_0000190,BAO_0000357,single protein format,CSCC[C@H](NC(=O)[C@@H](NC(=O)OC(C)(C)C)C(C)C)C(=O)NC(CC(C)C)[C@@H](O)CC(=O)N[C@@H](C(=O)NCc1cccc(C(=O)O)c1)C(C)C,,,CHEMBL1145027,J Med Chem,2003,"{'bei': '7.31', 'le': '0.14', 'lle': '2.19', 'sei': '2.54'}",,CHEMBL300657,,CHEMBL300657,5.40,0,http://www.openphacts.org/units/Nanomolar,86652,=,1,1,=,,IC50,nM,,4000.0,CHEMBL4822,Homo sapiens,Beta-secretase 1,9606,,,IC50,uM,UO_0000065,,4.0
,,1049878,[],CHEMBL653497,Inhibition of human beta-secretase (BACE) in MBP-C125 assay,B,,,BAO_0000190,BAO_0000357,single protein format,CC(C)C[C@H](NC(=O)C(O)c1cccc2ccccc12)[C@@H](O)CC(=O)N[C@H](C(=O)NC1C[C@@H](C(=O)O)C[C@@H](C(=O)O)C1)C(C)C,,,CHEMBL1145027,J Med Chem,2003,"{'bei': '8.80', 'le': '0.17', 'lle': '3.15', 'sei': '2.73'}",,CHEMBL297486,,CHEMBL297486,5.52,0,http://www.openphacts.org/units/Nanomolar,86666,=,1,1,=,,IC50,nM,,3000.0,CHEMBL4822,Homo sapiens,Beta-secretase 1,9606,,,IC50,uM,UO_0000065,,3.0
,,1051076,[],CHEMBL653497,Inhibition of human beta-secretase (BACE) in MBP-C125 assay,B,,,BAO_0000190,BAO_0000357,single protein format,COC(=O)CCCCC(=O)NC(CC(C)C)[C@@H](O)CC(=O)N[C@@H](C(=O)N[C@H](C)C(=O)N[C@H](CCC(=O)O)C(=O)N[C@H](Cc1ccccc1)C(=O)O)C(C)C,,,CHEMBL1145027,J Med Chem,2003,"{'bei': '5.63', 'le': '0.11', 'lle': '3.49', 'sei': '1.61'}",,CHEMBL48843,,CHEMBL48843,4.30,0,http://www.openphacts.org/units/Nanomolar,86636,=,1,1,=,,IC50,nM,,50000.0,CHEMBL4822,Homo sapiens,Beta-secretase 1,9606,,,IC50,uM,UO_0000065,,50.0
,,1051077,[],CHEMBL653497,Inhibition of human beta-secretase (BACE) in MBP-C125 assay,B,,,BAO_0000190,BAO_0000357,single protein format,CC(C)Cc1ccc(C(=O)NC(CC(C)C)[C@@H](O)CC(=O)N[C@@H](C(=O)N[C@H](C)C(=O)N[C@H](CCC(=O)O)C(=O)N[C@H](Cc2ccccc2)C(=O)O)C(C)C)cc1,,,CHEMBL1145027,J Med Chem,2003,"{'bei': '5.82', 'le': '0.11', 'lle': '1.96', 'sei': '1.89'}",,CHEMBL49989,,CHEMBL49989,4.55,0,http://www.openphacts.org/units/Nanomolar,86643,=,1,1,=,,IC50,nM,,28000.0,CHEMBL4822,Homo sapiens,Beta-secretase 1,9606,,,IC50,uM,UO_0000065,,28.0
,,1051078,[],CHEMBL653497,Inhibition of human beta-secretase (BACE) in MBP-C125 assay,B,,,BAO_0000190,BAO_0000357,single protein format,COC(=O)[C@@H]1CC(NC(=O)[C@H](NC(=O)C[C@H](O)C(CC(C)C)NC(=O)[C@H](CCSC)NC(=O)[C@@H](NC(=O)OC(C)(C)C)C(C)C)C(C)C)C[C@H](C(=O)OC)C1,,,CHEMBL1145027,J Med Chem,2003,"{'bei': '6.23', 'le': '0.12', 'lle': '2.56', 'sei': '2.20'}",,CHEMBL33417,,CHEMBL33417,5.00,0,http://www.openphacts.org/units/Nanomolar,86647,=,1,1,=,,IC50,nM,,10000.0,CHEMBL4822,Homo sapiens,Beta-secretase 1,9606,,,IC50,uM,UO_0000065,,10.0
,,1052295,[],CHEMBL653497,Inhibition of human beta-secretase (BACE) in MBP-C125 assay,B,,,BAO_0000190,BAO_0000357,single protein format,CSCC[C@H](NC(=O)[C@@H](NC(=O)OC(C)(C)C)C(C)C)C(=O)NC(CC(C)C)[C@@H](O)CC(=O)N[C@@H](C(=O)NCCCC(=O)O)C(C)C,,,CHEMBL1145027,J Med Chem,2003,"{'bei': '6.27', 'le': '0.13', 'lle': '2.15', 'sei': '2.04'}",,CHEMBL53648,,CHEMBL53648,4.33,0,http://www.openphacts.org/units/Nanomolar,86655,=,1,1,=,,IC50,nM,,47000.0,CHEMBL4822,Homo sapiens,Beta-secretase 1,9606,,,IC50,uM,UO_0000065,,47.0
,,1053429,[],CHEMBL653497,Inhibition of human beta-secretase (BACE) in MBP-C125 assay,B,,,BAO_0000190,BAO_0000357,single protein format,CSCC[C@H](NC(=O)[C@@H](NC(=O)OC(C)(C)C)C(C)C)C(=O)NC(CC(C)C)[C@@H](O)CC(=O)N[C@@H](C(=O)NC1CCCCC1)C(C)C,Outside typical range,"Values for this activity type are unusually large/small, so may not be accurate",CHEMBL1145027,J Med Chem,2003,,,CHEMBL298141,,CHEMBL298141,,0,http://www.openphacts.org/units/Nanomolar,86660,>,1,1,>,,IC50,nM,,200000.0,CHEMBL4822,Homo sapiens,Beta-secretase 1,9606,,,IC50,uM,UO_0000065,,200.0
,,1054746,[],CHEMBL653497,Inhibition of human beta-secretase (BACE) in MBP-C125 assay,B,,,BAO_0000190,BAO_0000357,single protein format,CSCC[C@H](NC(=O)[C@@H](NC(=O)OC(C)(C)C)C(C)C)C(=O)NC(CC(C)C)[C@@H](O)CC(=O)N[C@@H](C(=O)NCc1ccc2c(c1)OCO2)C(C)C,,,CHEMBL1145027,J Med Chem,2003,,,CHEMBL50313,,CHEMBL50313,,0,http://www.openphacts.org/units/Nanomolar,86651,>,1,1,>,,IC50,nM,,100000.0,CHEMBL4822,Homo sapiens,Beta-secretase 1,9606,,,IC50,uM,UO_0000065,,100.0
,,1054747,[],CHEMBL653497,Inhibition of human beta-secretase (BACE) in MBP-C125 assay,B,,,BAO_0000190,BAO_0000357,single protein format,CC(C)C[C@H](NC(=O)C(O)c1cccc2ccccc12)[C@@H](O)CC(=O)N[C@H](C(=O)NCc1ccc(C(=O)O)cc1)C(C)C,,,CHEMBL1145027,J Med Chem,2003,"{'bei': '7.27', 'le': '0.14', 'lle': '0.99', 'sei': '2.61'}",,CHEMBL53024,,CHEMBL53024,4.30,0,http://www.openphacts.org/units/Nanomolar,86667,=,1,1,=,,IC50,nM,,50000.0,CHEMBL4822,Homo sapiens,Beta-secretase 1,9606,,,IC50,uM,UO_0000065,,50.0
,,1056000,[],CHEMBL653497,Inhibition of human beta-secretase (BACE) in MBP-C125 assay,B,,,BAO_0000190,BAO_0000357,single protein format,CC(C)CC(NC(=O)Cc1ccccc1)[C@@H](O)CC(=O)N[C@@H](C(=O)N[C@H](C)C(=O)N[C@H](CCC(=O)O)C(=O)N[C@H](Cc1ccccc1)C(=O)O)C(C)C,Outside typical range,"Values for this activity type are unusually large/small, so may not be accurate",CHEMBL1145027,J Med Chem,2003,,,CHEMBL298126,,CHEMBL298126,,0,http://www.openphacts.org/units/Nanomolar,86634,=,1,1,=,,IC50,nM,,130000.0,CHEMBL4822,Homo sapiens,Beta-secretase 1,9606,,,IC50,uM,UO_0000065,,130.0
,,1058588,[],CHEMBL653497,Inhibition of human beta-secretase (BACE) in MBP-C125 assay,B,,,BAO_0000190,BAO_0000357,single protein format,CCCCOc1ccc(C(=O)NC(CC(C)C)[C@@H](O)CC(=O)N[C@@H](C(=O)N[C@H](C)C(=O)N[C@H](CCC(=O)O)C(=O)N[C@H](Cc2ccccc2)C(=O)O)C(C)C)cc1,,,CHEMBL1145027,J Med Chem,2003,"{'bei': '5.73', 'le': '0.11', 'lle': '2.00', 'sei': '1.83'}",,CHEMBL52317,,CHEMBL52317,4.57,0,http://www.openphacts.org/units/Nanomolar,86642,=,1,1,=,,IC50,nM,,27000.0,CHEMBL4822,Homo sapiens,Beta-secretase 1,9606,,,IC50,uM,UO_0000065,,27.0
,,1058589,[],CHEMBL653497,Inhibition of human beta-secretase (BACE) in MBP-C125 assay,B,,,BAO_0000190,BAO_0000357,single protein format,CSCC[C@H](NC(=O)[C@@H](NC(=O)OC(C)(C)C)C(C)C)C(=O)NC(CC(C)C)[C@@H](O)CC(=O)N[C@@H](C(=O)NCc1ccc(C(=O)O)cc1)C(C)C,,,CHEMBL1145027,J Med Chem,2003,"{'bei': '7.31', 'le': '0.14', 'lle': '2.19', 'sei': '2.54'}",,CHEMBL297913,,CHEMBL297913,5.40,0,http://www.openphacts.org/units/Nanomolar,86653,=,1,1,=,,IC50,nM,,4000.0,CHEMBL4822,Homo sapiens,Beta-secretase 1,9606,,,IC50,uM,UO_0000065,,4.0
,,1058590,[],CHEMBL653497,Inhibition of human beta-secretase (BACE) in MBP-C125 assay,B,,,BAO_0000190,BAO_0000357,single protein format,COC(=O)[C@@H]1CC(NC(=O)[C@H](NC(=O)C[C@H](O)[C@@H](Cc2cc(F)cc(F)c2)NC(=O)C(O)c2ccccc2-c2ccccc2)C(C)C)C[C@H](C(=O)OC)C1,,,CHEMBL1145027,J Med Chem,2003,"{'bei': '9.21', 'le': '0.18', 'lle': '3.39', 'sei': '3.84'}",,CHEMBL296166,,CHEMBL296166,6.92,0,http://www.openphacts.org/units/Nanomolar,86664,=,1,1,=,,IC50,nM,,120.0,CHEMBL4822,Homo sapiens,Beta-secretase 1,9606,,,IC50,uM,UO_0000065,,0.12
,,1059695,[],CHEMBL653497,Inhibition of human beta-secretase (BACE) in MBP-C125 assay,B,,,BAO_0000190,BAO_0000357,single protein format,CC(C)CC(NC(=O)Cc1ccc(F)cc1F)[C@@H](O)CC(=O)N[C@@H](C(=O)N[C@H](C)C(=O)N[C@H](CCC(=O)O)C(=O)N[C@H](Cc1ccccc1)C(=O)O)C(C)C,Outside typical range,"Values for this activity type are unusually large/small, so may not be accurate",CHEMBL1145027,J Med Chem,2003,,,CHEMBL433080,,CHEMBL433080,,0,http://www.openphacts.org/units/Nanomolar,86633,=,1,1,=,,IC50,nM,,140000.0,CHEMBL4822,Homo sapiens,Beta-secretase 1,9606,,,IC50,uM,UO_0000065,,140.0
,,1059696,[],CHEMBL653497,Inhibition of human beta-secretase (BACE) in MBP-C125 assay,B,,,BAO_0000190,BAO_0000357,single protein format,CO[C@H](C(=O)NC(CC(C)C)[C@@H](O)CC(=O)N[C@@H](C(=O)N[C@H](C)C(=O)N[C@H](CCC(=O)O)C(=O)N[C@H](Cc1ccccc1)C(=O)O)C(C)C)c1ccccc1,,,CHEMBL1145027,J Med Chem,2003,"{'bei': '5.91', 'le': '0.11', 'lle': '3.09', 'sei': '1.82'}",,CHEMBL301153,,CHEMBL301153,4.55,0,http://www.openphacts.org/units/Nanomolar,86641,=,1,1,=,,IC50,nM,,28000.0,CHEMBL4822,Homo sapiens,Beta-secretase 1,9606,,,IC50,uM,UO_0000065,,28.0
,,1059697,[],CHEMBL653497,Inhibition of human beta-secretase (BACE) in MBP-C125 assay,B,,,BAO_0000190,BAO_0000357,single protein format,COC(=O)[C@@H]1CC(NC(=O)[C@H](NC(=O)C[C@H](O)[C@@H](Cc2cc(F)cc(F)c2)NC(=O)C(O)c2ccccc2-c2ccccc2)C(C)C)C[C@H](C(=O)OC)C1,,,CHEMBL1145027,J Med Chem,2003,"{'bei': '6.65', 'le': '0.13', 'lle': '1.47', 'sei': '2.77'}",,CHEMBL296166,,CHEMBL296166,5.00,0,http://www.openphacts.org/units/Nanomolar,86663,=,1,1,=,,IC50,nM,,10000.0,CHEMBL4822,Homo sapiens,Beta-secretase 1,9606,,,IC50,uM,UO_0000065,,10.0
,,1060914,[],CHEMBL653497,Inhibition of human beta-secretase (BACE) in MBP-C125 assay,B,,,BAO_0000190,BAO_0000357,single protein format,CSCC[C@H](NC(=O)[C@@H](NC(=O)OC(C)(C)C)C(C)C)C(=O)NC(CC(C)C)[C@@H](O)CC(=O)N[C@@H](C(=O)NCCC(=O)O)C(C)C,,,CHEMBL1145027,J Med Chem,2003,"{'bei': '6.69', 'le': '0.13', 'lle': '2.73', 'sei': '2.13'}",,CHEMBL54022,,CHEMBL54022,4.52,0,http://www.openphacts.org/units/Nanomolar,86654,=,1,1,=,,IC50,nM,,30000.0,CHEMBL4822,Homo sapiens,Beta-secretase 1,9606,,,IC50,uM,UO_0000065,,30.0
,,1063680,[],CHEMBL653497,Inhibition of human beta-secretase (BACE) in MBP-C125 assay,B,,,BAO_0000190,BAO_0000357,single protein format,CC(C)C[C@H](NC(=O)C(O)c1ccccc1Br)[C@@H](O)CC(=O)N[C@H](C(=O)NCc1ccc(C(=O)O)cc1)C(C)C,,,CHEMBL1145027,J Med Chem,2003,"{'bei': '7.09', 'le': '0.15', 'lle': '1.48', 'sei': '2.66'}",,CHEMBL49971,,CHEMBL49971,4.40,0,http://www.openphacts.org/units/Nanomolar,86646,=,1,1,=,,IC50,nM,,40000.0,CHEMBL4822,Homo sapiens,Beta-secretase 1,9606,,,IC50,uM,UO_0000065,,40.0
,,1063681,[],CHEMBL653497,Inhibition of human beta-secretase (BACE) in MBP-C125 assay,B,,,BAO_0000190,BAO_0000357,single protein format,COC(=O)[C@@H]1CC(NC(=O)[C@@H](NC(=O)C[C@H](O)[C@H](CC(C)C)NC(=O)C(O)c2cccc3ccccc23)C(C)C)C[C@H](C(=O)OC)C1,Outside typical range,"Values for this activity type are unusually large/small, so may not be accurate",CHEMBL1145027,J Med Chem,2003,,,CHEMBL53668,,CHEMBL53668,,0,http://www.openphacts.org/units/Nanomolar,86665,=,1,1,=,,IC50,nM,,140000.0,CHEMBL4822,Homo sapiens,Beta-secretase 1,9606,,,IC50,uM,UO_0000065,,140.0
,,1077704,[],CHEMBL653502,"Tested for the inhibitory activity against human aspartyl protease (Beta-secretase), gastricin at 10 uM concentration",B,,,BAO_0000201,BAO_0000357,single protein format,CCC(Cc1ccccc1)c1cc(O)c(C(CC)c2ccccc2)c(=O)o1,,,CHEMBL1127342,J Med Chem,1994,,,CHEMBL22164,,CHEMBL22164,,0,http://qudt.org/vocab/unit#Percent,204829,=,1,1,=,,Inhibition,%,,0.0,CHEMBL4822,Homo sapiens,Beta-secretase 1,9606,,,Inhibition,%,UO_0000187,,0.0
,,1145009,[],CHEMBL711471,Binding affinity for human brain memapsin 2,B,,,BAO_0000192,BAO_0000019,assay format,CC(C)C[C@H](NC(=O)[C@H](CC(N)=O)NC(=O)OC(C)(C)C)[C@@H](O)C[C@@H](C)C(=O)N[C@H](C(=O)NCc1ccccc1)C(C)C,,,CHEMBL1134775,J Med Chem,2001,"{'bei': '9.09', 'le': '0.17', 'lle': '3.37', 'sei': '2.91'}",,CHEMBL95429,,CHEMBL95429,5.50,0,http://www.openphacts.org/units/Nanomolar,180115,=,1,1,=,,Ki,nM,,3134.0,CHEMBL4822,Homo sapiens,Beta-secretase 1,9606,,,Ki,nM,UO_0000065,,3134.0
,,1146580,[],CHEMBL711471,Binding affinity for human brain memapsin 2,B,,,BAO_0000192,BAO_0000019,assay format,CSCC[C@H](NC(=O)[C@@H](NC(=O)OC(C)(C)C)C(C)C)C(=O)N[C@@H](CC(C)C)[C@@H](O)C[C@@H](C)C(=O)N[C@H](C(=O)NCc1ccccc1)C(C)C,,,CHEMBL1134775,J Med Chem,2001,"{'bei': '11.91', 'le': '0.23', 'lle': '4.45', 'sei': '4.92'}",,CHEMBL290001,,CHEMBL290001,8.60,0,http://www.openphacts.org/units/Nanomolar,180127,=,1,1,=,,Ki,nM,,2.5,CHEMBL4822,Homo sapiens,Beta-secretase 1,9606,,,Ki,nM,UO_0000065,,2.5
,,1153911,[],CHEMBL711471,Binding affinity for human brain memapsin 2,B,,,BAO_0000192,BAO_0000019,assay format,CC(C)C[C@H](NC(=O)[C@H](CC(N)=O)NC(=O)[C@@H](NC(=O)OC(C)(C)C)C(C)C)[C@@H](O)C[C@@H](C)C(=O)N[C@@H](C)C(=O)NCc1ccccc1,,,CHEMBL1134775,J Med Chem,2001,"{'bei': '10.65', 'le': '0.21', 'lle': '5.57', 'sei': '3.31'}",,CHEMBL95424,,CHEMBL95424,7.21,0,http://www.openphacts.org/units/Nanomolar,180116,=,1,1,=,,Ki,nM,,61.4,CHEMBL4822,Homo sapiens,Beta-secretase 1,9606,,,Ki,nM,UO_0000065,,61.4
,,1159345,[],CHEMBL711471,Binding affinity for human brain memapsin 2,B,,,BAO_0000192,BAO_0000019,assay format,CC(C)C[C@H](NC(=O)[C@H](CC(N)=O)NC(=O)OC(C)(C)C)[C@@H](O)C[C@@H](C)C(=O)N[C@@H](C)C(=O)NCc1ccccc1,,,CHEMBL1134775,J Med Chem,2001,"{'bei': '8.05', 'le': '0.15', 'lle': '3.16', 'sei': '2.46'}",,CHEMBL97631,,CHEMBL97631,4.65,0,http://www.openphacts.org/units/Nanomolar,180119,=,1,1,=,,Ki,nM,,22423.0,CHEMBL4822,Homo sapiens,Beta-secretase 1,9606,,,Ki,nM,UO_0000065,,22423.0
,,1160451,[],CHEMBL711471,Binding affinity for human brain memapsin 2,B,,,BAO_0000192,BAO_0000019,assay format,CC(C)C[C@H](NC(=O)[C@H](CS(C)(=O)=O)NC(=O)[C@@H](NC(=O)OC(C)(C)C)C(C)C)[C@@H](O)C[C@@H](C)C(=O)N[C@H](C(=O)NCc1ccccc1)C(C)C,,,CHEMBL1134775,J Med Chem,2001,"{'bei': '10.85', 'le': '0.21', 'lle': '5.59', 'sei': '3.84'}",,CHEMBL95430,,CHEMBL95430,8.03,0,http://www.openphacts.org/units/Nanomolar,180117,=,1,1,=,,Ki,nM,,9.4,CHEMBL4822,Homo sapiens,Beta-secretase 1,9606,,,Ki,nM,UO_0000065,,9.4
,,1164772,[],CHEMBL711471,Binding affinity for human brain memapsin 2,B,,,BAO_0000192,BAO_0000019,assay format,CC(C)C[C@H](NC(=O)[C@H](CC(N)=O)NC(=O)C(NC(=O)[C@H](N)CCC(=O)O)C(C)C)[C@@H](O)C[C@@H](C)C(=O)N[C@@H](C)C(=O)N[C@H](CCC(=O)O)C(=O)NC(Cc1ccccc1)C(=O)O,,,CHEMBL1134775,J Med Chem,2001,"{'bei': '9.85', 'le': '0.19', 'lle': '10.54', 'sei': '2.34'}",,CHEMBL262295,,CHEMBL262295,8.80,0,http://www.openphacts.org/units/Nanomolar,180120,=,1,1,=,,Ki,nM,,1.6,CHEMBL4822,Homo sapiens,Beta-secretase 1,9606,,,Ki,nM,UO_0000065,,1.6
,,1166047,[],CHEMBL711471,Binding affinity for human brain memapsin 2,B,,,BAO_0000192,BAO_0000019,assay format,CC(C)C[C@H](NC(=O)[C@H](CCS(C)(=O)=O)NC(=O)[C@@H](NC(=O)OC(C)(C)C)C(C)C)[C@@H](O)C[C@@H](C)C(=O)N[C@H](C(=O)NCc1ccccc1)C(C)C,,,CHEMBL1134775,J Med Chem,2001,"{'bei': '10.74', 'le': '0.21', 'lle': '5.27', 'sei': '3.87'}",,CHEMBL318115,,CHEMBL318115,8.10,0,http://www.openphacts.org/units/Nanomolar,180118,=,1,1,=,,Ki,nM,,8.0,CHEMBL4822,Homo sapiens,Beta-secretase 1,9606,,,Ki,nM,UO_0000065,,8.0
,,1168850,[],CHEMBL711471,Binding affinity for human brain memapsin 2,B,,,BAO_0000192,BAO_0000019,assay format,CSC[C@H](NC(=O)[C@@H](NC(=O)OC(C)(C)C)C(C)C)C(=O)N[C@@H](CC(C)C)[C@@H](O)C[C@@H](C)C(=O)N[C@H](C(=O)NCc1ccccc1)C(C)C,,,CHEMBL1134775,J Med Chem,2001,"{'bei': '10.31', 'le': '0.20', 'lle': '3.54', 'sei': '4.17'}",,CHEMBL98239,,CHEMBL98239,7.30,0,http://www.openphacts.org/units/Nanomolar,180126,=,1,1,=,,Ki,nM,,50.1,CHEMBL4822,Homo sapiens,Beta-secretase 1,9606,,,Ki,nM,UO_0000065,,50.1
,,1171181,[],CHEMBL711471,Binding affinity for human brain memapsin 2,B,,,BAO_0000192,BAO_0000019,assay format,CSCC[C@H](NC(=O)OC(C)(C)C)C(=O)N[C@@H](CC(C)C)[C@@H](O)C[C@@H](C)C(=O)N[C@H](C(=O)NCc1ccccc1)C(C)C,,,CHEMBL1134775,J Med Chem,2001,"{'bei': '8.41', 'le': '0.17', 'lle': '1.23', 'sei': '3.59'}",,CHEMBL319881,,CHEMBL319881,5.24,0,http://www.openphacts.org/units/Nanomolar,180123,=,1,1,=,,Ki,nM,,5808.0,CHEMBL4822,Homo sapiens,Beta-secretase 1,9606,,,Ki,nM,UO_0000065,,5808.0
,,1175147,[],CHEMBL711471,Binding affinity for human brain memapsin 2,B,,,BAO_0000192,BAO_0000019,assay format,CSCC[C@H](NC(=O)[C@@H](NC(=O)OC(C)(C)C)C(C)C)C(=O)N[C@@H](CC(C)C)[C@@H](O)C[C@@H](CC(C)C)C(=O)N[C@H](C(=O)NCc1ccccc1)C(C)C,,,CHEMBL1134775,J Med Chem,2001,"{'bei': '6.52', 'le': '0.13', 'lle': '-0.20', 'sei': '2.85'}",,CHEMBL97603,,CHEMBL97603,4.98,0,http://www.openphacts.org/units/Nanomolar,180122,=,1,1,=,,Ki,nM,,10491.0,CHEMBL4822,Homo sapiens,Beta-secretase 1,9606,,,Ki,nM,UO_0000065,,10491.0
,,1175148,[],CHEMBL711471,Binding affinity for human brain memapsin 2,B,,,BAO_0000192,BAO_0000019,assay format,CC(C)C[C@H](NC(=O)[C@H](CC(N)=O)NC(=O)C(N)C(C)C)[C@@H](O)C[C@@H](C)C(=O)N[C@@H](C)C(=O)N[C@H](CCC(=O)O)C(=O)NC(Cc1ccccc1)C(=O)O,,,CHEMBL1134775,J Med Chem,2001,"{'bei': '9.74', 'le': '0.19', 'lle': '8.53', 'sei': '2.41'}",,CHEMBL317001,,CHEMBL317001,7.44,0,http://www.openphacts.org/units/Nanomolar,180121,=,1,1,=,,Ki,nM,,36.0,CHEMBL4822,Homo sapiens,Beta-secretase 1,9606,,,Ki,nM,UO_0000065,,36.0
,,1178944,[],CHEMBL711471,Binding affinity for human brain memapsin 2,B,,,BAO_0000192,BAO_0000019,assay format,CC(C)C[C@H](NC(=O)[C@H](CS(C)(=O)=O)NC(=O)OC(C)(C)C)[C@@H](O)C[C@@H](C)C(=O)N[C@H](C(=O)NCc1ccccc1)C(C)C,,,CHEMBL1134775,J Med Chem,2001,"{'bei': '9.28', 'le': '0.18', 'lle': '3.65', 'sei': '3.30'}",,CHEMBL273916,,CHEMBL273916,5.95,0,http://www.openphacts.org/units/Nanomolar,180125,=,1,1,=,,Ki,nM,,1129.0,CHEMBL4822,Homo sapiens,Beta-secretase 1,9606,,,Ki,nM,UO_0000065,,1129.0
,,1178945,[],CHEMBL711471,Binding affinity for human brain memapsin 2,B,,,BAO_0000192,BAO_0000019,assay format,CC(C)C[C@H](NC(=O)[C@H](CC(N)=O)NC(=O)[C@@H](NC(=O)OC(C)(C)C)C(C)C)[C@@H](O)C[C@@H](C)C(=O)N[C@H](C(=O)NCc1ccccc1)C(C)C,,,CHEMBL1134775,J Med Chem,2001,"{'bei': '11.67', 'le': '0.22', 'lle': '5.96', 'sei': '3.77'}",,CHEMBL98238,,CHEMBL98238,8.23,0,http://www.openphacts.org/units/Nanomolar,180124,=,1,1,=,,Ki,nM,,5.9,CHEMBL4822,Homo sapiens,Beta-secretase 1,9606,,,Ki,nM,UO_0000065,,5.9
,,1183958,[],CHEMBL653498,Inhibition of human beta-secretase,B,,,BAO_0000190,BAO_0000357,single protein format,CC(C)C[C@H](NC(=O)[C@H](CC(N)=O)NC(=O)[C@@H](NC(=O)[C@@H](N)CCC(=O)O)C(C)C)[C@@H](O)CC(=O)N[C@H](C(N)=O)C(C)C,,,CHEMBL1145754,Bioorg Med Chem Lett,2003,"{'bei': '8.16', 'le': '0.16', 'lle': '7.44', 'sei': '1.76'}",,CHEMBL137547,,CHEMBL137547,5.03,0,http://www.openphacts.org/units/Nanomolar,262845,=,1,1,=,,IC50,nM,,9400.0,CHEMBL4822,Homo sapiens,Beta-secretase 1,9606,,,IC50,uM,UO_0000065,,9.4
,,1183959,[],CHEMBL653498,Inhibition of human beta-secretase,B,,,BAO_0000190,BAO_0000357,single protein format,CC(C)C[C@H](NC(=O)[C@H](CC(N)=O)NC(=O)[C@@H](NC(=O)[C@@H](N)CCC(=O)O)C(C)C)[C@@H](O)CC(N)=O,,,CHEMBL1145754,Bioorg Med Chem Lett,2003,,,CHEMBL341944,,CHEMBL341944,,0,http://www.openphacts.org/units/Nanomolar,262824,>,1,1,>,,IC50,nM,,91000.0,CHEMBL4822,Homo sapiens,Beta-secretase 1,9606,,,IC50,uM,UO_0000065,,91.0
,,1184919,[],CHEMBL653517,Tested for inhibition of Beta-secretase 1 (BACE 1) expressed in insect cell using baculovirus,B,,,BAO_0000192,BAO_0000019,assay format,CCC[C@H](C[C@H](O)[C@H](Cc1ccccc1)NC(=O)C[C@H](NC(=O)CC(C)C)C(=O)O)C(=O)NCC(C)C,,,CHEMBL1147418,Bioorg Med Chem Lett,2004,"{'bei': '8.00', 'le': '0.15', 'lle': '1.50', 'sei': '2.87'}",,CHEMBL158203,,CHEMBL158203,4.16,0,http://www.openphacts.org/units/Nanomolar,305272,=,1,1,=,,Ki,nM,,69500.0,CHEMBL4822,Homo sapiens,Beta-secretase 1,9606,,,Ki,uM,UO_0000065,,69.5
,,1185330,[],CHEMBL653498,Inhibition of human beta-secretase,B,,,BAO_0000190,BAO_0000357,single protein format,CC(=O)N[C@@H](CC(C)C)C(=O)N[C@@H](C)C(=O)N[C@@H](CC(C)C)[C@@H](O)CC(=O)N[C@H](C(=O)NCc1cccc(C(=O)O)c1)C(C)C,,,CHEMBL1145754,Bioorg Med Chem Lett,2003,"{'bei': '9.91', 'le': '0.19', 'lle': '4.80', 'sei': '3.10'}",,CHEMBL137101,,CHEMBL137101,6.28,0,http://www.openphacts.org/units/Nanomolar,262842,=,1,1,=,,IC50,nM,,520.0,CHEMBL4822,Homo sapiens,Beta-secretase 1,9606,,,IC50,uM,UO_0000065,,0.52
,,1186794,[],CHEMBL653498,Inhibition of human beta-secretase,B,,,BAO_0000190,BAO_0000357,single protein format,CC(C)C[C@H](NC(=O)[C@H](CC(N)=O)NC(=O)[C@@H](NC(=O)[C@@H](N)CCC(=O)O)C(C)C)[C@@H](O)CC(=O)N[C@H](C(=O)N[C@@H](C)C(=O)N[C@@H](CCC(=O)O)C(=O)N[C@@H](Cc1ccccc1)C(=O)O)C(C)C,,,CHEMBL1145754,Bioorg Med Chem Lett,2003,"{'bei': '7.61', 'le': '0.15', 'lle': '9.57', 'sei': '1.81'}",,CHEMBL137755,,CHEMBL137755,7.34,0,http://www.openphacts.org/units/Nanomolar,262821,=,1,1,=,,IC50,nM,,46.0,CHEMBL4822,Homo sapiens,Beta-secretase 1,9606,,,IC50,uM,UO_0000065,,0.046
,,1189057,[],CHEMBL653517,Tested for inhibition of Beta-secretase 1 (BACE 1) expressed in insect cell using baculovirus,B,,,BAO_0000192,BAO_0000019,assay format,CC(=O)OCC[C@H](C[C@H](O)[C@H](Cc1ccccc1)NC(=O)C[C@H](NC(=O)CC(C)C)C(=O)O)C(=O)NCC(C)C,,,CHEMBL1147418,Bioorg Med Chem Lett,2004,"{'bei': '9.88', 'le': '0.19', 'lle': '3.76', 'sei': '3.25'}",,CHEMBL154897,,CHEMBL154897,5.57,0,http://www.openphacts.org/units/Nanomolar,305274,=,1,1,=,,Ki,nM,,2700.0,CHEMBL4822,Homo sapiens,Beta-secretase 1,9606,,,Ki,uM,UO_0000065,,2.7
,,1190759,[],CHEMBL653498,Inhibition of human beta-secretase,B,,,BAO_0000190,BAO_0000357,single protein format,CC[C@H](C)[C@H](NC(C)=O)C(=O)N[C@@H](CCSC)C(=O)N[C@@H](CC(C)C)[C@@H](O)CC(=O)N[C@@H](Cc1ccccc1)C(=O)NCc1cccc(C(=O)O)c1,,,CHEMBL1145754,Bioorg Med Chem Lett,2003,"{'bei': '9.24', 'le': '0.18', 'lle': '4.05', 'sei': '3.38'}",,CHEMBL1791011,,CHEMBL1791011,6.85,0,http://www.openphacts.org/units/Nanomolar,262832,=,1,1,=,,IC50,nM,,140.0,CHEMBL4822,Homo sapiens,Beta-secretase 1,9606,,,IC50,uM,UO_0000065,,0.14
,,1192037,[],CHEMBL653498,Inhibition of human beta-secretase,B,,,BAO_0000190,BAO_0000357,single protein format,CSCC[C@H](NC(=O)[C@H](CC(C)C)NC(C)=O)C(=O)N[C@@H](CC(C)C)[C@@H](O)CC(=O)N[C@@H](C(=O)NCc1cccc(C(=O)O)c1)C(C)C,,,CHEMBL1145754,Bioorg Med Chem Lett,2003,,,CHEMBL343563,,CHEMBL343563,,0,http://www.openphacts.org/units/Nanomolar,262826,>,1,1,>,,IC50,nM,,91000.0,CHEMBL4822,Homo sapiens,Beta-secretase 1,9606,,,IC50,uM,UO_0000065,,91.0
,,1193276,[],CHEMBL653498,Inhibition of human beta-secretase,B,,,BAO_0000190,BAO_0000357,single protein format,CC[C@H](C)[C@H](NC(=O)C1CCCCO1)C(=O)N[C@@H](C)C(=O)N[C@@H](CC(C)C)[C@@H](O)CC(=O)N[C@H](C(=O)NCc1cccc(C(=O)O)c1)C(C)C,,,CHEMBL1145754,Bioorg Med Chem Lett,2003,"{'bei': '10.17', 'le': '0.20', 'lle': '5.13', 'sei': '3.37'}",,CHEMBL1791017,,CHEMBL1791017,7.16,0,http://www.openphacts.org/units/Nanomolar,262839,=,1,1,=,,IC50,nM,,69.0,CHEMBL4822,Homo sapiens,Beta-secretase 1,9606,,,IC50,uM,UO_0000065,,0.069
,,1193277,[],CHEMBL653498,Inhibition of human beta-secretase,B,,,BAO_0000190,BAO_0000357,single protein format,CCCC[C@H](NC(=O)C[C@H](O)[C@H](CC(C)C)NC(=O)[C@H](C)NC(=O)[C@@H](NC(C)=O)[C@@H](C)CC)C(=O)NCc1cccc(C(=O)O)c1,,,CHEMBL1145754,Bioorg Med Chem Lett,2003,"{'bei': '10.41', 'le': '0.20', 'lle': '4.73', 'sei': '3.32'}",,CHEMBL1791009,,CHEMBL1791009,6.75,0,http://www.openphacts.org/units/Nanomolar,262830,=,1,1,=,,IC50,nM,,180.0,CHEMBL4822,Homo sapiens,Beta-secretase 1,9606,,,IC50,uM,UO_0000065,,0.18
,,1194599,[],CHEMBL653498,Inhibition of human beta-secretase,B,,,BAO_0000190,BAO_0000357,single protein format,CC(=O)N[C@H](C(=O)N[C@@H](C)C(=O)N[C@@H](CC(C)C)[C@@H](O)CC(=O)N[C@H](C(=O)NCc1cccc(C(=O)O)c1)C(C)C)C(C)C,,,CHEMBL1145754,Bioorg Med Chem Lett,2003,"{'bei': '8.75', 'le': '0.17', 'lle': '4.33', 'sei': '2.67'}",,CHEMBL344932,,CHEMBL344932,5.42,0,http://www.openphacts.org/units/Nanomolar,262843,=,1,1,=,,IC50,nM,,3800.0,CHEMBL4822,Homo sapiens,Beta-secretase 1,9606,,,IC50,uM,UO_0000065,,3.8
,,1195794,[],CHEMBL653498,Inhibition of human beta-secretase,B,,,BAO_0000190,BAO_0000357,single protein format,CSCC[C@H](NC(=O)[C@H](CC(C)C)NC(C)=O)C(=O)N[C@@H](CC(C)C)[C@@H](O)CC(=O)N[C@H](C(=O)NCc1cccc(C(=O)O)c1)C(C)C,,,CHEMBL1145754,Bioorg Med Chem Lett,2003,"{'bei': '8.72', 'le': '0.17', 'lle': '3.84', 'sei': '2.98'}",,CHEMBL138002,,CHEMBL138002,6.05,0,http://www.openphacts.org/units/Nanomolar,262838,=,1,1,=,,IC50,nM,,890.0,CHEMBL4822,Homo sapiens,Beta-secretase 1,9606,,,IC50,uM,UO_0000065,,0.89
,,1198339,[],CHEMBL653498,Inhibition of human beta-secretase,B,,,BAO_0000190,BAO_0000357,single protein format,CCC[C@H](NC(=O)C[C@H](O)[C@H](CC(C)C)NC(=O)[C@H](CCSC)NC(=O)[C@@H](NC(C)=O)[C@@H](C)CC)C(=O)NCc1cccc(C(=O)O)c1,,,CHEMBL1145754,Bioorg Med Chem Lett,2003,"{'bei': '9.92', 'le': '0.20', 'lle': '4.53', 'sei': '3.39'}",,CHEMBL1791016,,CHEMBL1791016,6.89,0,http://www.openphacts.org/units/Nanomolar,262834,=,1,1,=,,IC50,nM,,130.0,CHEMBL4822,Homo sapiens,Beta-secretase 1,9606,,,IC50,uM,UO_0000065,,0.13
,,1199217,[],CHEMBL653515,Compound (>1 mM ) was tested for inhibition of Beta-secretase 1 (BACE 1) expressed in insect cell using baculovirus; Not inhibited,B,,,BAO_0000375,BAO_0000019,assay format,CC(C)CC(=O)N[C@H](C(=O)N[C@H](C(=O)N[C@@H](CC(C)C)[C@@H](O)CC(=O)N[C@@H](C)C(=O)N[C@@H](CC(C)C)[C@@H](O)CC(=O)O)C(C)C)C(C)C,,,CHEMBL1147418,Bioorg Med Chem Lett,2004,,,CHEMBL296588,PEPSTATIN,CHEMBL296588,,0,,305275,,1,0,,No inhibition,Activity,,,,CHEMBL4822,Homo sapiens,Beta-secretase 1,9606,No inhibition,,Activity,,,,
,,1199764,[],CHEMBL653498,Inhibition of human beta-secretase,B,,,BAO_0000190,BAO_0000357,single protein format,CC[C@H](C)[C@H](NC(=O)C[C@H](O)[C@H](CC(C)C)NC(=O)[C@H](CCSC)NC(=O)[C@@H](NC(=O)[C@@H](N)CCC(=O)O)C(C)C)C(=O)N[C@@H](C)C(=O)N[C@@H](CCC(=O)O)C(=O)N[C@@H](Cc1ccccc1)C(=O)O,,,CHEMBL1145754,Bioorg Med Chem Lett,2003,"{'bei': '6.69', 'le': '0.13', 'lle': '6.62', 'sei': '1.84'}",,CHEMBL1791021,,CHEMBL1791021,6.66,0,http://www.openphacts.org/units/Nanomolar,262848,=,1,1,=,,IC50,nM,,220.0,CHEMBL4822,Homo sapiens,Beta-secretase 1,9606,,,IC50,uM,UO_0000065,,0.22
,,1201063,[],CHEMBL653498,Inhibition of human beta-secretase,B,,,BAO_0000190,BAO_0000357,single protein format,CC[C@H](C)[C@H](NC(C)=O)C(=O)N[C@@H](C)C(=O)N[C@@H](CC(C)C)[C@@H](O)CC(=O)N[C@@H](CC(C)C)C(=O)NCc1cccc(C(=O)O)c1,,,CHEMBL1145754,Bioorg Med Chem Lett,2003,"{'bei': '10.17', 'le': '0.20', 'lle': '4.72', 'sei': '3.24'}",,CHEMBL1791014,,CHEMBL1791014,6.58,0,http://www.openphacts.org/units/Nanomolar,262829,=,1,1,=,,IC50,nM,,260.0,CHEMBL4822,Homo sapiens,Beta-secretase 1,9606,,,IC50,uM,UO_0000065,,0.26
,,1201064,[],CHEMBL653500,Inhibitory activity against human brain beta-APP (amyloid precursor protein) cleaving enzyme Beta-secretase,B,,,BAO_0000192,BAO_0000019,assay format,CC(C)C[C@H](NC(=O)[C@H](CC(N)=O)NC(=O)[C@@H](NC(=O)[C@@H](N)CCC(=O)O)C(C)C)[C@@H](O)C[C@@H](C)C(=O)N[C@@H](C)C(=O)N[C@@H](CCC(=O)O)C(=O)N[C@@H](Cc1ccccc1)C(=O)O,,,CHEMBL1145754,Bioorg Med Chem Lett,2003,"{'bei': '9.85', 'le': '0.19', 'lle': '10.54', 'sei': '2.34'}",,CHEMBL78946,,CHEMBL78946,8.80,1,http://www.openphacts.org/units/Nanomolar,262835,=,1,1,=,,Ki,nM,,1.6,CHEMBL4822,Homo sapiens,Beta-secretase 1,9606,,,Ki,nM,UO_0000065,,1.6
,,1203818,[],CHEMBL653498,Inhibition of human beta-secretase,B,,,BAO_0000190,BAO_0000357,single protein format,CSCC[C@H](NC(=O)[C@@H](NC(=O)[C@@H](N)CCC(=O)O)C(C)C)C(=O)N[C@@H](CC(C)C)[C@@H](O)CC(=O)N[C@@H](CC(C)C)C(=O)N[C@@H](C)C(=O)N[C@@H](CCC(=O)O)C(=O)N[C@@H](Cc1ccccc1)C(=O)O,,,CHEMBL1145754,Bioorg Med Chem Lett,2003,"{'bei': '6.89', 'le': '0.14', 'lle': '6.81', 'sei': '1.89'}",,CHEMBL134730,,CHEMBL134730,6.85,0,http://www.openphacts.org/units/Nanomolar,262820,=,1,1,=,,IC50,nM,,140.0,CHEMBL4822,Homo sapiens,Beta-secretase 1,9606,,,IC50,uM,UO_0000065,,0.14
,,1203819,[],CHEMBL653498,Inhibition of human beta-secretase,B,,,BAO_0000190,BAO_0000357,single protein format,CCCC[C@H](NC(=O)C[C@H](O)[C@H](CC(C)C)NC(=O)[C@H](CCSC)NC(=O)[C@@H](NC(C)=O)[C@@H](C)CC)C(=O)NCc1cccc(C(=O)O)c1,,,CHEMBL1145754,Bioorg Med Chem Lett,2003,"{'bei': '9.98', 'le': '0.20', 'lle': '4.32', 'sei': '3.48'}",,CHEMBL1791018,,CHEMBL1791018,7.07,0,http://www.openphacts.org/units/Nanomolar,262833,=,1,1,=,,IC50,nM,,86.0,CHEMBL4822,Homo sapiens,Beta-secretase 1,9606,,,IC50,uM,UO_0000065,,0.086
,,1206095,[],CHEMBL653517,Tested for inhibition of Beta-secretase 1 (BACE 1) expressed in insect cell using baculovirus,B,,,BAO_0000192,BAO_0000019,assay format,CC(C)CNC(=O)[C@H](CCO)C[C@H](O)[C@H](Cc1ccccc1)NC(=O)C[C@H](NC(=O)CC(C)C)C(=O)O,,,CHEMBL1147418,Bioorg Med Chem Lett,2004,"{'bei': '10.97', 'le': '0.21', 'lle': '4.48', 'sei': '3.47'}",,CHEMBL347901,,CHEMBL347901,5.72,0,http://www.openphacts.org/units/Nanomolar,305273,=,1,1,=,,Ki,nM,,1900.0,CHEMBL4822,Homo sapiens,Beta-secretase 1,9606,,,Ki,uM,UO_0000065,,1.9
,,1206501,[],CHEMBL653498,Inhibition of human beta-secretase,B,,,BAO_0000190,BAO_0000357,single protein format,CC(C)C[C@H](NC(=O)[C@H](CC(N)=O)NC(=O)[C@@H](NC(=O)[C@@H](N)CCC(=O)O)C(C)C)[C@@H](O)CC(=O)N[C@H](C(=O)N[C@@H](C)C(=O)N[C@@H](CCC(=O)O)C(N)=O)C(C)C,,,CHEMBL1145754,Bioorg Med Chem Lett,2003,"{'bei': '8.53', 'le': '0.17', 'lle': '10.52', 'sei': '1.82'}",,CHEMBL343757,,CHEMBL343757,6.96,0,http://www.openphacts.org/units/Nanomolar,262846,=,1,1,=,,IC50,nM,,110.0,CHEMBL4822,Homo sapiens,Beta-secretase 1,9606,,,IC50,uM,UO_0000065,,0.11
,,1206502,[],CHEMBL653498,Inhibition of human beta-secretase,B,,,BAO_0000190,BAO_0000357,single protein format,CCC[C@H](NC(C)=O)C(=O)N[C@@H](C)C(=O)N[C@@H](CC(C)C)[C@@H](O)CC(=O)N[C@H](C(=O)NCc1cccc(C(=O)O)c1)C(C)C,,,CHEMBL1145754,Bioorg Med Chem Lett,2003,"{'bei': '9.81', 'le': '0.19', 'lle': '4.85', 'sei': '3.00'}",,CHEMBL136868,,CHEMBL136868,6.08,0,http://www.openphacts.org/units/Nanomolar,262844,=,1,1,=,,IC50,nM,,830.0,CHEMBL4822,Homo sapiens,Beta-secretase 1,9606,,,IC50,uM,UO_0000065,,0.83
,,1206503,[],CHEMBL653498,Inhibition of human beta-secretase,B,,,BAO_0000190,BAO_0000357,single protein format,CC(=O)N[C@@H](CC(C)C)C(=O)N[C@H](C)C(=O)N[C@@H](CC(C)C)[C@@H](O)CC(=O)N[C@H](C(=O)NCc1cccc(C(=O)O)c1)C(C)C,,,CHEMBL1145754,Bioorg Med Chem Lett,2003,,,CHEMBL334591,,CHEMBL334591,,0,http://www.openphacts.org/units/Nanomolar,262836,>,1,1,>,,IC50,nM,,91000.0,CHEMBL4822,Homo sapiens,Beta-secretase 1,9606,,,IC50,uM,UO_0000065,,91.0
,,1206504,[],CHEMBL653498,Inhibition of human beta-secretase,B,,,BAO_0000190,BAO_0000357,single protein format,CC[C@H](C)[C@H](NC(C)=O)C(=O)N[C@@H](CCSC)C(=O)N[C@@H](CC(C)C)[C@@H](O)CC(=O)N[C@@H](Cc1ccc(O)cc1)C(=O)NCc1cccc(C(=O)O)c1,,,CHEMBL1145754,Bioorg Med Chem Lett,2003,"{'bei': '9.29', 'le': '0.18', 'lle': '4.54', 'sei': '3.15'}",,CHEMBL1791010,,CHEMBL1791010,7.04,0,http://www.openphacts.org/units/Nanomolar,262831,=,1,1,=,,IC50,nM,,91.0,CHEMBL4822,Homo sapiens,Beta-secretase 1,9606,,,IC50,uM,UO_0000065,,0.091
,,1207800,[],CHEMBL653498,Inhibition of human beta-secretase,B,,,BAO_0000190,BAO_0000357,single protein format,CC(C)C[C@H](NC(=O)[C@H](CC(N)=O)NC(=O)[C@@H](N)C(C)C)[C@@H](O)CC(=O)N[C@H](C(=O)N[C@@H](C)C(=O)N[C@@H](CCC(=O)O)C(=O)N[C@@H](Cc1ccccc1)C(=O)O)C(C)C,,,CHEMBL1145754,Bioorg Med Chem Lett,2003,"{'bei': '6.83', 'le': '0.13', 'lle': '7.28', 'sei': '1.68'}",,CHEMBL137614,,CHEMBL137614,5.70,0,http://www.openphacts.org/units/Nanomolar,262847,=,1,1,=,,IC50,nM,,2000.0,CHEMBL4822,Homo sapiens,Beta-secretase 1,9606,,,IC50,uM,UO_0000065,,2.0
,,1210371,[],CHEMBL653498,Inhibition of human beta-secretase,B,,,BAO_0000190,BAO_0000357,single protein format,CC(C)C[C@H](NC(=O)[C@@H](N)CC(N)=O)[C@@H](O)CC(=O)N[C@H](C(=O)N[C@@H](C)C(=O)N[C@@H](CCC(=O)O)C(=O)N[C@@H](Cc1ccccc1)C(=O)O)C(C)C,,,CHEMBL1145754,Bioorg Med Chem Lett,2003,,,CHEMBL137131,,CHEMBL137131,,0,http://www.openphacts.org/units/Nanomolar,262822,>,1,1,>,,IC50,nM,,91000.0,CHEMBL4822,Homo sapiens,Beta-secretase 1,9606,,,IC50,uM,UO_0000065,,91.0
,,1210372,[],CHEMBL653498,Inhibition of human beta-secretase,B,,,BAO_0000190,BAO_0000357,single protein format,CC[C@@H](C)[C@@H](NC(C)=O)C(=O)N[C@@H](C)C(=O)N[C@@H](CC(C)C)[C@@H](O)CC(=O)N[C@H](C(=O)NCc1cccc(C(=O)O)c1)C(C)C,,,CHEMBL1145754,Bioorg Med Chem Lett,2003,,,CHEMBL1791019,,CHEMBL1791019,,0,http://www.openphacts.org/units/Nanomolar,262840,>,1,1,>,,IC50,nM,,91000.0,CHEMBL4822,Homo sapiens,Beta-secretase 1,9606,,,IC50,uM,UO_0000065,,91.0
,,1214232,[],CHEMBL653498,Inhibition of human beta-secretase,B,,,BAO_0000190,BAO_0000357,single protein format,CC[C@H](C)[C@H](NC(C)=O)C(=O)N[C@@H](C)C(=O)N[C@@H](CC(C)C)[C@@H](O)CC(=O)N[C@H](C(=O)NCc1cccc(C(=O)O)c1)C(C)C,,,CHEMBL1145754,Bioorg Med Chem Lett,2003,"{'bei': '10.42', 'le': '0.20', 'lle': '5.12', 'sei': '3.25'}",,CHEMBL1791020,,CHEMBL1791020,6.60,0,http://www.openphacts.org/units/Nanomolar,262841,=,1,1,=,,IC50,nM,,250.0,CHEMBL4822,Homo sapiens,Beta-secretase 1,9606,,,IC50,uM,UO_0000065,,0.25
,,1215175,[],CHEMBL653517,Tested for inhibition of Beta-secretase 1 (BACE 1) expressed in insect cell using baculovirus,B,,,BAO_0000192,BAO_0000019,assay format,CC(C)CNC(=O)[C@H](CCC(=O)O)C[C@H](O)[C@H](Cc1ccccc1)NC(=O)C[C@H](NC(=O)CC(C)C)C(=O)O,,,CHEMBL1147418,Bioorg Med Chem Lett,2004,"{'bei': '10.50', 'le': '0.20', 'lle': '4.05', 'sei': '3.17'}",,CHEMBL157575,,CHEMBL157575,5.77,0,http://www.openphacts.org/units/Nanomolar,305276,=,1,1,=,,Ki,nM,,1700.0,CHEMBL4822,Homo sapiens,Beta-secretase 1,9606,,,Ki,uM,UO_0000065,,1.7
,,1215592,[],CHEMBL653498,Inhibition of human beta-secretase,B,,,BAO_0000190,BAO_0000357,single protein format,CSCC[C@@H](NC(=O)[C@H](CC(C)C)NC(C)=O)C(=O)N[C@@H](CC(C)C)[C@@H](O)CC(=O)N[C@H](C(=O)NCc1cccc(C(=O)O)c1)C(C)C,,,CHEMBL1145754,Bioorg Med Chem Lett,2003,,,CHEMBL185920,,CHEMBL185920,,0,http://www.openphacts.org/units/Nanomolar,262837,>,1,1,>,,IC50,nM,,91000.0,CHEMBL4822,Homo sapiens,Beta-secretase 1,9606,,,IC50,uM,UO_0000065,,91.0
,,1220883,[],CHEMBL653498,Inhibition of human beta-secretase,B,,,BAO_0000190,BAO_0000357,single protein format,CC[C@H](C)[C@H](NC(C)=O)C(=O)N[C@@H](C)C(=O)N[C@@H](CC(C)C)[C@@H](O)CC(=O)N[C@@H](Cc1ccccc1)C(=O)NCc1cccc(C(=O)O)c1,,,CHEMBL1145754,Bioorg Med Chem Lett,2003,"{'bei': '9.68', 'le': '0.18', 'lle': '4.53', 'sei': '3.25'}",,CHEMBL1791013,,CHEMBL1791013,6.60,0,http://www.openphacts.org/units/Nanomolar,262828,=,1,1,=,,IC50,nM,,250.0,CHEMBL4822,Homo sapiens,Beta-secretase 1,9606,,,IC50,uM,UO_0000065,,0.25
,,1223473,[],CHEMBL653498,Inhibition of human beta-secretase,B,,,BAO_0000190,BAO_0000357,single protein format,CC(C)C[C@H](NC(=O)[C@H](C)NC(=O)[C@@H](NC(=O)[C@@H](N)CCC(=O)O)C(C)C)[C@@H](O)CC(=O)N[C@H](C(=O)N[C@@H](C)C(=O)N[C@@H](CCC(=O)O)C(=O)N[C@@H](Cc1ccccc1)C(=O)O)C(C)C,,,CHEMBL1145754,Bioorg Med Chem Lett,2003,"{'bei': '7.55', 'le': '0.15', 'lle': '8.05', 'sei': '1.92'}",,CHEMBL335277,,CHEMBL335277,6.96,0,http://www.openphacts.org/units/Nanomolar,262819,=,1,1,=,,IC50,nM,,110.0,CHEMBL4822,Homo sapiens,Beta-secretase 1,9606,,,IC50,uM,UO_0000065,,0.11
,,1223474,[],CHEMBL653498,Inhibition of human beta-secretase,B,,,BAO_0000190,BAO_0000357,single protein format,CC[C@H](C)[C@H](NC(C)=O)C(=O)N[C@@H](C)C(=O)N[C@@H](CC(C)C)[C@@H](O)CC(=O)N[C@@H](Cc1ccc(O)cc1)C(=O)NCc1cccc(C(=O)O)c1,,,CHEMBL1145754,Bioorg Med Chem Lett,2003,"{'bei': '9.97', 'le': '0.19', 'lle': '5.19', 'sei': '3.12'}",,CHEMBL1791012,,CHEMBL1791012,6.96,0,http://www.openphacts.org/units/Nanomolar,262827,=,1,1,=,,IC50,nM,,110.0,CHEMBL4822,Homo sapiens,Beta-secretase 1,9606,,,IC50,uM,UO_0000065,,0.11
,,1224808,[],CHEMBL653498,Inhibition of human beta-secretase,B,,,BAO_0000190,BAO_0000357,single protein format,CSCC[C@H](NC(=O)[C@@H](NC(=O)[C@@H](N)CCC(=O)O)C(C)C)C(=O)N[C@@H](CC(C)C)[C@@H](O)CC(=O)N[C@H](C(=O)N[C@@H](C)C(=O)N[C@@H](CCC(=O)O)C(=O)N[C@@H](Cc1ccccc1)C(=O)O)C(C)C,,,CHEMBL1145754,Bioorg Med Chem Lett,2003,"{'bei': '7.38', 'le': '0.15', 'lle': '7.59', 'sei': '2.00'}",,CHEMBL335837,,CHEMBL335837,7.24,0,http://www.openphacts.org/units/Nanomolar,262849,=,1,1,=,,IC50,nM,,58.0,CHEMBL4822,Homo sapiens,Beta-secretase 1,9606,,,IC50,uM,UO_0000065,,0.058
,,1224809,[],CHEMBL653498,Inhibition of human beta-secretase,B,,,BAO_0000190,BAO_0000357,single protein format,CC(C)C[C@H](NC(=O)[C@H](CC(N)=O)NC(=O)[C@@H](NC(=O)[C@@H](N)CCC(=O)O)C(C)C)[C@@H](O)CC(=O)N[C@H](C(=O)N[C@@H](C)C(N)=O)C(C)C,,,CHEMBL1145754,Bioorg Med Chem Lett,2003,"{'bei': '9.14', 'le': '0.18', 'lle': '9.19', 'sei': '1.99'}",,CHEMBL137756,,CHEMBL137756,6.28,0,http://www.openphacts.org/units/Nanomolar,262823,=,1,1,=,,IC50,nM,,530.0,CHEMBL4822,Homo sapiens,Beta-secretase 1,9606,,,IC50,uM,UO_0000065,,0.53
,,1224810,[],CHEMBL653498,Inhibition of human beta-secretase,B,,,BAO_0000190,BAO_0000357,single protein format,CCCC[C@H](NC(C)=O)C(=O)N[C@@H](C)C(=O)N[C@@H](CC(C)C)[C@@H](O)CC(=O)N[C@H](C(=O)NCc1cccc(C(=O)O)c1)C(C)C,,,CHEMBL1145754,Bioorg Med Chem Lett,2003,"{'bei': '9.24', 'le': '0.18', 'lle': '4.23', 'sei': '2.88'}",,CHEMBL137319,,CHEMBL137319,5.85,0,http://www.openphacts.org/units/Nanomolar,262825,=,1,1,=,,IC50,nM,,1400.0,CHEMBL4822,Homo sapiens,Beta-secretase 1,9606,,,IC50,uM,UO_0000065,,1.4
,,1266096,[],CHEMBL874665,Inhibition of Beta-secretase 1 at 2 uM concentration,B,,,BAO_0000201,BAO_0000357,single protein format,CC(C)C[C@H](NC(=O)[C@@H](NC(=O)[C@@H](N)CCC(=O)O)C(C)C)C(=O)N[C@@H](Cc1ccccc1)[C@@H](O)C(=O)N[C@@H](CC(=O)O)C(=O)N[C@@H](C)C(=O)O,,,CHEMBL1147635,Bioorg Med Chem Lett,2004,,,CHEMBL37694,,CHEMBL37694,,0,http://qudt.org/vocab/unit#Percent,60449,=,1,1,=,,Inhibition,%,,46.0,CHEMBL4822,Homo sapiens,Beta-secretase 1,9606,,,Inhibition,%,UO_0000187,,46.0
,,1267521,[],CHEMBL874665,Inhibition of Beta-secretase 1 at 2 uM concentration,B,,,BAO_0000201,BAO_0000357,single protein format,CC(C)C[C@H](N)C(=O)N[C@@H](Cc1ccccc1)[C@@H](O)C(=O)N[C@@H](CC(=O)O)C(=O)N[C@@H](C)C(=O)N[C@@H](CCC(=O)O)C(=O)N[C@@H](Cc1ccccc1)C(=O)O,,,CHEMBL1147635,Bioorg Med Chem Lett,2004,,,CHEMBL290127,,CHEMBL290127,,0,http://qudt.org/vocab/unit#Percent,60425,<,1,1,<,,Inhibition,%,,20.0,CHEMBL4822,Homo sapiens,Beta-secretase 1,9606,,,Inhibition,%,UO_0000187,,20.0
,,1267976,[],CHEMBL653507,Inhibition of human Beta-secretase 1,B,,,BAO_0000190,BAO_0000357,single protein format,O=C(O[C@H]1Cc2c(O)cc(O)cc2O[C@H]1c1cc(O)c(O)c(O)c1)c1cc(O)c(O)c(O)c1,,,CHEMBL1136344,Bioorg Med Chem Lett,2003,"{'bei': '12.64', 'le': '0.24', 'lle': '3.57', 'sei': '2.94'}",,CHEMBL338988,,CHEMBL338988,5.80,0,http://www.openphacts.org/units/Nanomolar,243176,=,1,1,=,,IC50,nM,,1600.0,CHEMBL4822,Homo sapiens,Beta-secretase 1,9606,,,IC50,M,UO_0000065,,0.0000016
,,1267977,[],CHEMBL653508,Inhibitory activity against recombinant human Beta-secretase 1,B,,,BAO_0000192,BAO_0000357,single protein format,O=C(O[C@H]1Cc2c(O)cc(O)cc2O[C@H]1c1cc(O)c(O)c(O)c1)c1cc(O)c(O)c(O)c1,,,CHEMBL1136344,Bioorg Med Chem Lett,2003,"{'bei': '14.57', 'le': '0.28', 'lle': '4.45', 'sei': '3.38'}",,CHEMBL338988,,CHEMBL338988,6.68,0,http://www.openphacts.org/units/Nanomolar,243176,=,1,1,=,,Ki,nM,,210.0,CHEMBL4822,Homo sapiens,Beta-secretase 1,9606,,,Ki,M,UO_0000065,,2.1E-7
,,1267978,[],CHEMBL653507,Inhibition of human Beta-secretase 1,B,,,BAO_0000190,BAO_0000357,single protein format,Oc1cc(O)c2c(c1)O[C@H](c1ccc(O)c(O)c1)[C@@H](O)C2,,,CHEMBL1136344,Bioorg Med Chem Lett,2003,"{'bei': '15.35', 'le': '0.29', 'lle': '2.91', 'sei': '4.04'}",,CHEMBL311498,CIANIDANOL,CHEMBL311498,4.46,0,http://www.openphacts.org/units/Nanomolar,243168,=,1,1,=,,IC50,nM,,35000.0,CHEMBL4822,Homo sapiens,Beta-secretase 1,9606,,,IC50,M,UO_0000065,,0.000035
,,1268934,[],CHEMBL874665,Inhibition of Beta-secretase 1 at 2 uM concentration,B,,,BAO_0000201,BAO_0000357,single protein format,CC(C)C[C@H](NC(=O)[C@@H](NC(=O)[C@@H](N)CCC(=O)O)C(C)C)C(=O)N[C@@H](Cc1ccccc1)[C@@H](O)C(=O)N[C@@H](CC(=O)O)C(=O)N[C@@H](C)C(=O)N[C@@H](CCC(=O)O)C(=O)N[C@@H](Cc1ccccc1)C(=O)O,,,CHEMBL1147635,Bioorg Med Chem Lett,2004,,,CHEMBL406146,HGLUVALLEUPNSASPALAGLUPHEOH,CHEMBL406146,,0,http://qudt.org/vocab/unit#Percent,60423,<,1,1,<,,Inhibition,%,,90.0,CHEMBL4822,Homo sapiens,Beta-secretase 1,9606,,,Inhibition,%,UO_0000187,,90.0
,,1268935,[],CHEMBL874665,Inhibition of Beta-secretase 1 at 2 uM concentration,B,,,BAO_0000201,BAO_0000357,single protein format,CC(C)C[C@H](NC(=O)[C@@H](NC(=O)[C@@H](N)CCC(=O)O)C(C)C)C(=O)N[C@@H](Cc1ccccc1)[C@@H](O)C(=O)N[C@@H](CC(=O)O)C(=O)O,,,CHEMBL1147635,Bioorg Med Chem Lett,2004,,,CHEMBL287127,,CHEMBL287127,,0,http://qudt.org/vocab/unit#Percent,60427,=,1,1,=,,Inhibition,%,,61.0,CHEMBL4822,Homo sapiens,Beta-secretase 1,9606,,,Inhibition,%,UO_0000187,,61.0
,,1271630,[],CHEMBL874665,Inhibition of Beta-secretase 1 at 2 uM concentration,B,,,BAO_0000201,BAO_0000357,single protein format,CC(C)C[C@H](NC(=O)[C@@H](NC(=O)[C@@H](N)CCC(=O)O)C(C)C)C(=O)N[C@@H](Cc1ccccc1)[C@@H](O)C(=O)NCc1ccc(C(=O)O)cc1,,,CHEMBL1147635,Bioorg Med Chem Lett,2004,,,CHEMBL287789,,CHEMBL287789,,0,http://qudt.org/vocab/unit#Percent,60433,=,1,1,=,,Inhibition,%,,52.0,CHEMBL4822,Homo sapiens,Beta-secretase 1,9606,,,Inhibition,%,UO_0000187,,52.0
,,1272801,[],CHEMBL874665,Inhibition of Beta-secretase 1 at 2 uM concentration,B,,,BAO_0000201,BAO_0000357,single protein format,CC(C)C[C@H](NC(=O)[C@@H](NC(=O)CCCC(=O)O)C(C)C)C(=O)N[C@@H](Cc1ccccc1)[C@@H](O)C(=O)N[C@@H](CC(=O)O)C(=O)N[C@@H](C)C(=O)N[C@@H](CCC(=O)O)C(=O)O,,,CHEMBL1147635,Bioorg Med Chem Lett,2004,,,CHEMBL432288,,CHEMBL432288,,0,http://qudt.org/vocab/unit#Percent,60446,<,1,1,<,,Inhibition,%,,20.0,CHEMBL4822,Homo sapiens,Beta-secretase 1,9606,,,Inhibition,%,UO_0000187,,20.0
,,1274158,[],CHEMBL874665,Inhibition of Beta-secretase 1 at 2 uM concentration,B,,,BAO_0000201,BAO_0000357,single protein format,C[C@H](NC(=O)[C@H](CC(=O)O)NC(=O)[C@H](O)[C@@H](N)Cc1ccccc1)C(=O)N[C@@H](CCC(=O)O)C(=O)N[C@@H](Cc1ccccc1)C(=O)O,,,CHEMBL1147635,Bioorg Med Chem Lett,2004,,,CHEMBL287598,,CHEMBL287598,,0,http://qudt.org/vocab/unit#Percent,60450,<,1,1,<,,Inhibition,%,,20.0,CHEMBL4822,Homo sapiens,Beta-secretase 1,9606,,,Inhibition,%,UO_0000187,,20.0
,,1274159,[],CHEMBL874665,Inhibition of Beta-secretase 1 at 2 uM concentration,B,,,BAO_0000201,BAO_0000357,single protein format,CC(C)C[C@H](NC(=O)[C@@H](NC(=O)[C@@H](N)CCC(N)=O)C(C)C)C(=O)N[C@@H](Cc1ccccc1)[C@@H](O)C(=O)N[C@@H](CC(=O)O)C(=O)N[C@@H](C)C(=O)N[C@@H](CCC(=O)O)C(=O)O,,,CHEMBL1147635,Bioorg Med Chem Lett,2004,,,CHEMBL289471,,CHEMBL289471,,0,http://qudt.org/vocab/unit#Percent,60445,<,1,1,<,,Inhibition,%,,20.0,CHEMBL4822,Homo sapiens,Beta-secretase 1,9606,,,Inhibition,%,UO_0000187,,20.0
,,1274160,[],CHEMBL874665,Inhibition of Beta-secretase 1 at 2 uM concentration,B,,,BAO_0000201,BAO_0000357,single protein format,CC(C)C[C@H](NC(=O)[C@@H](NC(=O)[C@@H](N)CNC(=O)O)C(C)C)C(=O)N[C@@H](Cc1ccccc1)[C@@H](O)C(=O)N[C@@H](CC(=O)O)C(=O)N[C@@H](C)C(=O)N[C@@H](CCC(=O)O)C(=O)O,,,CHEMBL1147635,Bioorg Med Chem Lett,2004,,,CHEMBL39360,,CHEMBL39360,,0,http://qudt.org/vocab/unit#Percent,60442,>,1,1,>,,Inhibition,%,,90.0,CHEMBL4822,Homo sapiens,Beta-secretase 1,9606,,,Inhibition,%,UO_0000187,,90.0
,,1274161,[],CHEMBL653516,Inhibitory concentration of compound against Beta-secretase 1 was evaluated,B,,,BAO_0000190,BAO_0000357,single protein format,CC(C)C[C@H](NC(=O)[C@@H](NC(=O)[C@@H](N)CNC(=O)O)C(C)C)C(=O)N[C@@H](Cc1ccccc1)[C@@H](O)C(=O)N[C@@H](CC(=O)O)C(=O)N[C@@H](C)C(=O)N[C@@H](CCC(=O)O)C(=O)O,,,CHEMBL1147635,Bioorg Med Chem Lett,2004,"{'bei': '8.30', 'le': '0.16', 'lle': '9.84', 'sei': '1.85'}",,CHEMBL39360,,CHEMBL39360,7.08,0,http://www.openphacts.org/units/Nanomolar,60442,=,1,1,=,,IC50,nM,,84.0,CHEMBL4822,Homo sapiens,Beta-secretase 1,9606,,,IC50,nM,UO_0000065,,84.0
,,1276801,[],CHEMBL874665,Inhibition of Beta-secretase 1 at 2 uM concentration,B,,,BAO_0000201,BAO_0000357,single protein format,CC(C)C[C@H](NC(=O)[C@@H](NC(=O)[C@@H](N)CCC(=O)O)C(C)C)C(=O)N[C@@H](Cc1ccccc1)[C@@H](O)C(=O)N[C@@H](CC(=O)O)C(=O)N[C@@H](C)C(=O)NCC(=O)N[C@@H](Cc1ccccc1)C(=O)O,,,CHEMBL1147635,Bioorg Med Chem Lett,2004,,,CHEMBL291048,,CHEMBL291048,,0,http://qudt.org/vocab/unit#Percent,60436,=,1,1,=,,Inhibition,%,,56.0,CHEMBL4822,Homo sapiens,Beta-secretase 1,9606,,,Inhibition,%,UO_0000187,,56.0
,,1279318,[],CHEMBL874665,Inhibition of Beta-secretase 1 at 2 uM concentration,B,,,BAO_0000201,BAO_0000357,single protein format,CC(C)C[C@H](NC(=O)[C@@H](N)C(C)C)C(=O)N[C@@H](Cc1ccccc1)[C@@H](O)C(=O)N[C@@H](CC(=O)O)C(=O)N[C@@H](C)C(=O)N[C@@H](CCC(=O)O)C(=O)N[C@@H](Cc1ccccc1)C(=O)O,,,CHEMBL1147635,Bioorg Med Chem Lett,2004,,,CHEMBL291000,,CHEMBL291000,,0,http://qudt.org/vocab/unit#Percent,60424,<,1,1,<,,Inhibition,%,,20.0,CHEMBL4822,Homo sapiens,Beta-secretase 1,9606,,,Inhibition,%,UO_0000187,,20.0
,,1279319,[],CHEMBL874665,Inhibition of Beta-secretase 1 at 2 uM concentration,B,,,BAO_0000201,BAO_0000357,single protein format,CC(C)C[C@H](NC(=O)[C@@H](NC(=O)[C@@H](N)CCC(=O)O)C(C)C)C(=O)N[C@@H](Cc1ccccc1)[C@@H](O)C(=O)NCc1cccc(C(=O)O)c1,,,CHEMBL1147635,Bioorg Med Chem Lett,2004,,,CHEMBL40505,,CHEMBL40505,,0,http://qudt.org/vocab/unit#Percent,60432,=,1,1,=,,Inhibition,%,,64.0,CHEMBL4822,Homo sapiens,Beta-secretase 1,9606,,,Inhibition,%,UO_0000187,,64.0
,,1279320,[],CHEMBL874665,Inhibition of Beta-secretase 1 at 2 uM concentration,B,,,BAO_0000201,BAO_0000357,single protein format,CC(C)C[C@H](NC(=O)[C@@H](NC(=O)[C@@H](N)CCC(=O)O)C(C)C)C(=O)N[C@@H](Cc1ccccc1)[C@@H](O)C(=O)Nc1cccc(C(=O)O)c1,,,CHEMBL1147635,Bioorg Med Chem Lett,2004,,,CHEMBL289221,,CHEMBL289221,,0,http://qudt.org/vocab/unit#Percent,60430,=,1,1,=,,Inhibition,%,,82.0,CHEMBL4822,Homo sapiens,Beta-secretase 1,9606,,,Inhibition,%,UO_0000187,,82.0
,,1280987,[],CHEMBL653507,Inhibition of human Beta-secretase 1,B,,,BAO_0000190,BAO_0000357,single protein format,Oc1cc(O)c2c(c1)O[C@@H](c1cc(O)c(O)c(O)c1)[C@@H](O)C2,,,CHEMBL1136344,Bioorg Med Chem Lett,2003,"{'bei': '18.35', 'le': '0.35', 'lle': '4.37', 'sei': '4.30'}",,CHEMBL130415,,CHEMBL130415,5.62,0,http://www.openphacts.org/units/Nanomolar,243174,=,1,1,=,,IC50,nM,,2400.0,CHEMBL4822,Homo sapiens,Beta-secretase 1,9606,,,IC50,M,UO_0000065,,0.0000024
,,1281849,[],CHEMBL874665,Inhibition of Beta-secretase 1 at 2 uM concentration,B,,,BAO_0000201,BAO_0000357,single protein format,CC(C)C[C@H](NC(=O)[C@@H](NC(=O)[C@@H](N)CCC(=O)O)C(C)C)C(=O)N[C@@H](Cc1ccccc1)[C@@H](O)C(=O)N[C@@H](CC(=O)O)C(=O)N[C@@H](C)C(=O)N[C@@H](CCC(=O)O)C(=O)O,,,CHEMBL1147635,Bioorg Med Chem Lett,2004,,,CHEMBL35927,,CHEMBL35927,,0,http://qudt.org/vocab/unit#Percent,60426,=,1,1,=,,Inhibition,%,,60.0,CHEMBL4822,Homo sapiens,Beta-secretase 1,9606,,,Inhibition,%,UO_0000187,,60.0
,,1281850,[],CHEMBL874665,Inhibition of Beta-secretase 1 at 2 uM concentration,B,,,BAO_0000201,BAO_0000357,single protein format,CC(C)C[C@H](NC(=O)CNC(=O)[C@@H](N)CCC(=O)O)C(=O)N[C@@H](Cc1ccccc1)[C@@H](O)C(=O)N[C@@H](CC(=O)O)C(=O)N[C@@H](C)C(=O)N[C@@H](CCC(=O)O)C(=O)N[C@@H](Cc1ccccc1)C(=O)O,,,CHEMBL1147635,Bioorg Med Chem Lett,2004,,,CHEMBL430555,,CHEMBL430555,,0,http://qudt.org/vocab/unit#Percent,60447,<,1,1,<,,Inhibition,%,,20.0,CHEMBL4822,Homo sapiens,Beta-secretase 1,9606,,,Inhibition,%,UO_0000187,,20.0
,,1281851,[],CHEMBL874665,Inhibition of Beta-secretase 1 at 2 uM concentration,B,,,BAO_0000201,BAO_0000357,single protein format,CC(C)C[C@H](NC(=O)[C@@H](NC(=O)[C@@H](N)CCC(=O)O)C(C)C)C(=O)N[C@@H](Cc1ccccc1)[C@@H](O)C(=O)NCC(=O)N[C@@H](C)C(=O)N[C@@H](CCC(=O)O)C(=O)N[C@@H](Cc1ccccc1)C(=O)O,,,CHEMBL1147635,Bioorg Med Chem Lett,2004,,,CHEMBL288556,,CHEMBL288556,,0,http://qudt.org/vocab/unit#Percent,60438,=,1,1,=,,Inhibition,%,,54.0,CHEMBL4822,Homo sapiens,Beta-secretase 1,9606,,,Inhibition,%,UO_0000187,,54.0
,,1282312,[],CHEMBL653507,Inhibition of human Beta-secretase 1,B,,,BAO_0000190,BAO_0000357,single protein format,Oc1cc(O)c2c(c1)O[C@H](c1cc(O)c(O)c(O)c1)[C@@H](O)C2,,,CHEMBL1136344,Bioorg Med Chem Lett,2003,"{'bei': '18.29', 'le': '0.35', 'lle': '4.35', 'sei': '4.29'}",,CHEMBL125743,GALLOCATECHIN,CHEMBL125743,5.60,0,http://www.openphacts.org/units/Nanomolar,243167,=,1,1,=,,IC50,nM,,2500.0,CHEMBL4822,Homo sapiens,Beta-secretase 1,9606,,,IC50,M,UO_0000065,,0.0000025
,,1283470,[],CHEMBL653507,Inhibition of human Beta-secretase 1,B,,,BAO_0000190,BAO_0000357,single protein format,O=C(O[C@H]1Cc2c(O)cc(O)cc2O[C@@H]1c1cc(O)c(O)c(O)c1)c1cc(O)c(O)c(O)c1,,,CHEMBL1136344,Bioorg Med Chem Lett,2003,"{'bei': '12.53', 'le': '0.24', 'lle': '3.51', 'sei': '2.91'}",,CHEMBL126079,,CHEMBL126079,5.75,0,http://www.openphacts.org/units/Nanomolar,243165,=,1,1,=,,IC50,nM,,1800.0,CHEMBL4822,Homo sapiens,Beta-secretase 1,9606,,,IC50,M,UO_0000065,,0.0000018
,,1283471,[],CHEMBL653508,Inhibitory activity against recombinant human Beta-secretase 1,B,,,BAO_0000192,BAO_0000357,single protein format,O=C(O[C@H]1Cc2c(O)cc(O)cc2O[C@@H]1c1cc(O)c(O)c(O)c1)c1cc(O)c(O)c(O)c1,,,CHEMBL1136344,Bioorg Med Chem Lett,2003,"{'bei': '14.77', 'le': '0.28', 'lle': '4.54', 'sei': '3.43'}",,CHEMBL126079,,CHEMBL126079,6.77,0,http://www.openphacts.org/units/Nanomolar,243165,=,1,1,=,,Ki,nM,,170.0,CHEMBL4822,Homo sapiens,Beta-secretase 1,9606,,,Ki,M,UO_0000065,,1.7E-7
,,1285486,[],CHEMBL874665,Inhibition of Beta-secretase 1 at 2 uM concentration,B,,,BAO_0000201,BAO_0000357,single protein format,CC(C)C[C@H](NC(=O)[C@@H](NC(=O)[C@@H](N)CCC(=O)O)C(C)C)C(=O)N[C@@H](Cc1ccccc1)[C@@H](O)C(=O)O,,,CHEMBL1147635,Bioorg Med Chem Lett,2004,,,CHEMBL416054,,CHEMBL416054,,0,http://qudt.org/vocab/unit#Percent,60448,=,1,1,=,,Inhibition,%,,34.0,CHEMBL4822,Homo sapiens,Beta-secretase 1,9606,,,Inhibition,%,UO_0000187,,34.0
,,1285487,[],CHEMBL874665,Inhibition of Beta-secretase 1 at 2 uM concentration,B,,,BAO_0000201,BAO_0000357,single protein format,CC(C)C[C@H](NC(=O)[C@@H](NC(=O)CN)C(C)C)C(=O)N[C@@H](Cc1ccccc1)[C@@H](O)C(=O)N[C@@H](CC(=O)O)C(=O)N[C@@H](C)C(=O)N[C@@H](CCC(=O)O)C(=O)N[C@@H](Cc1ccccc1)C(=O)O,,,CHEMBL1147635,Bioorg Med Chem Lett,2004,,,CHEMBL288120,,CHEMBL288120,,0,http://qudt.org/vocab/unit#Percent,60428,<,1,1,<,,Inhibition,%,,20.0,CHEMBL4822,Homo sapiens,Beta-secretase 1,9606,,,Inhibition,%,UO_0000187,,20.0
,,1286719,[],CHEMBL874665,Inhibition of Beta-secretase 1 at 2 uM concentration,B,,,BAO_0000201,BAO_0000357,single protein format,CC(C)C[C@H](NC(=O)[C@@H](NC(=O)[C@@H](N)CCC(=O)O)C(C)C)C(=O)N[C@@H](Cc1ccccc1)[C@@H](O)C(=O)Nc1ccc(C(=O)O)cc1,,,CHEMBL1147635,Bioorg Med Chem Lett,2004,,,CHEMBL289571,,CHEMBL289571,,0,http://qudt.org/vocab/unit#Percent,60431,=,1,1,=,,Inhibition,%,,79.0,CHEMBL4822,Homo sapiens,Beta-secretase 1,9606,,,Inhibition,%,UO_0000187,,79.0
,,1288026,[],CHEMBL874665,Inhibition of Beta-secretase 1 at 2 uM concentration,B,,,BAO_0000201,BAO_0000357,single protein format,CC(C)C[C@H](NC(=O)[C@@H](NC(=O)[C@@H](N)CCC(=O)O)C(C)C)C(=O)N[C@@H](Cc1ccccc1)[C@@H](O)C(=O)N[C@@H](CC(=O)O)C(=O)NCC(=O)N[C@@H](CCC(=O)O)C(=O)N[C@@H](Cc1ccccc1)C(=O)O,,,CHEMBL1147635,Bioorg Med Chem Lett,2004,,,CHEMBL384606,HGLUVALLEUPNSASPGLYGLUPHEOH,CHEMBL384606,,0,http://qudt.org/vocab/unit#Percent,60437,=,1,1,=,,Inhibition,%,,73.0,CHEMBL4822,Homo sapiens,Beta-secretase 1,9606,,,Inhibition,%,UO_0000187,,73.0
,,1290777,[],CHEMBL874665,Inhibition of Beta-secretase 1 at 2 uM concentration,B,,,BAO_0000201,BAO_0000357,single protein format,CC(C)[C@H](NC(=O)[C@@H](N)CCC(=O)O)C(=O)NCC(=O)N[C@@H](Cc1ccccc1)[C@@H](O)C(=O)N[C@@H](CC(=O)O)C(=O)N[C@@H](C)C(=O)N[C@@H](CCC(=O)O)C(=O)N[C@@H](Cc1ccccc1)C(=O)O,,,CHEMBL1147635,Bioorg Med Chem Lett,2004,,,CHEMBL291220,,CHEMBL291220,,0,http://qudt.org/vocab/unit#Percent,60429,<,1,1,<,,Inhibition,%,,20.0,CHEMBL4822,Homo sapiens,Beta-secretase 1,9606,,,Inhibition,%,UO_0000187,,20.0
,,1290778,[],CHEMBL874665,Inhibition of Beta-secretase 1 at 2 uM concentration,B,,,BAO_0000201,BAO_0000357,single protein format,CC(C)C[C@H](NC(=O)[C@@H](NC(=O)[C@@H](N)CCCC(=O)O)C(C)C)C(=O)N[C@@H](Cc1ccccc1)[C@@H](O)C(=O)N[C@@H](CC(=O)O)C(=O)N[C@@H](C)C(=O)N[C@@H](CCC(=O)O)C(=O)O,,,CHEMBL1147635,Bioorg Med Chem Lett,2004,,,CHEMBL37205,,CHEMBL37205,,0,http://qudt.org/vocab/unit#Percent,60443,=,1,1,=,,Inhibition,%,,43.0,CHEMBL4822,Homo sapiens,Beta-secretase 1,9606,,,Inhibition,%,UO_0000187,,43.0
,,1293511,[],CHEMBL874665,Inhibition of Beta-secretase 1 at 2 uM concentration,B,,,BAO_0000201,BAO_0000357,single protein format,CC(C)C[C@H](NC(=O)[C@@H](NC(=O)[C@@H](N)CC(=O)O)C(C)C)C(=O)N[C@@H](Cc1ccccc1)[C@@H](O)C(=O)N[C@@H](CC(=O)O)C(=O)N[C@@H](C)C(=O)N[C@@H](CCC(=O)O)C(=O)O,,,CHEMBL1147635,Bioorg Med Chem Lett,2004,,,CHEMBL39728,,CHEMBL39728,,0,http://qudt.org/vocab/unit#Percent,60444,<,1,1,<,,Inhibition,%,,20.0,CHEMBL4822,Homo sapiens,Beta-secretase 1,9606,,,Inhibition,%,UO_0000187,,20.0
,,1293911,[],CHEMBL653507,Inhibition of human Beta-secretase 1,B,,,BAO_0000190,BAO_0000357,single protein format,O=C(O[C@@H]1Cc2c(O)cc(O)cc2O[C@H]1c1ccc(O)c(O)c1)c1cc(O)c(O)c(O)c1,,,CHEMBL1136344,Bioorg Med Chem Lett,2003,"{'bei': '11.80', 'le': '0.22', 'lle': '2.69', 'sei': '2.95'}",,CHEMBL129451,(-)-CATECHINGALLATE,CHEMBL129451,5.22,0,http://www.openphacts.org/units/Nanomolar,243175,=,1,1,=,,IC50,nM,,6000.0,CHEMBL4822,Homo sapiens,Beta-secretase 1,9606,,,IC50,M,UO_0000065,,0.000006
,,1294898,[],CHEMBL653516,Inhibitory concentration of compound against Beta-secretase 1 was evaluated,B,,,BAO_0000190,BAO_0000357,single protein format,CC(C)C[C@H](NC(=O)[C@@H](NC(=O)[C@@H](N)CNC(=O)O)C(C)C)C(=O)N[C@@H](Cc1ccccc1)[C@@H](O)C(=O)Nc1cc(C(=O)O)cc(C(=O)O)c1,,,CHEMBL1147635,Bioorg Med Chem Lett,2004,"{'bei': '12.08', 'le': '0.23', 'lle': '8.09', 'sei': '2.96'}",,CHEMBL288713,,CHEMBL288713,8.47,0,http://www.openphacts.org/units/Nanomolar,60440,=,1,1,=,,IC50,nM,,3.4,CHEMBL4822,Homo sapiens,Beta-secretase 1,9606,,,IC50,nM,UO_0000065,,3.4
,,1296662,[],CHEMBL653507,Inhibition of human Beta-secretase 1,B,,,BAO_0000190,BAO_0000357,single protein format,Oc1cc(O)c2c(c1)O[C@@H](c1ccc(O)c(O)c1)[C@H](O)C2,,,CHEMBL1136344,Bioorg Med Chem Lett,2003,"{'bei': '15.58', 'le': '0.29', 'lle': '2.97', 'sei': '4.10'}",,CHEMBL200715,(-)-CATECHIN,CHEMBL200715,4.52,0,http://www.openphacts.org/units/Nanomolar,243173,=,1,1,=,,IC50,nM,,30000.0,CHEMBL4822,Homo sapiens,Beta-secretase 1,9606,,,IC50,M,UO_0000065,,0.00003
,,1299084,[],CHEMBL874665,Inhibition of Beta-secretase 1 at 2 uM concentration,B,,,BAO_0000201,BAO_0000357,single protein format,CC(C)C[C@H](NC(=O)[C@@H](NC(=O)[C@@H](N)CCC(=O)O)C(C)C)C(=O)N[C@@H](Cc1ccccc1)[C@@H](O)C(=O)NCc1ccccc1,,,CHEMBL1147635,Bioorg Med Chem Lett,2004,,,CHEMBL289748,,CHEMBL289748,,0,http://qudt.org/vocab/unit#Percent,60434,=,1,1,=,,Inhibition,%,,30.0,CHEMBL4822,Homo sapiens,Beta-secretase 1,9606,,,Inhibition,%,UO_0000187,,30.0
,,1299085,[],CHEMBL653516,Inhibitory concentration of compound against Beta-secretase 1 was evaluated,B,,,BAO_0000190,BAO_0000357,single protein format,CC(C)C[C@H](NC(=O)[C@@H](NC(=O)[C@@H](N)CNC(=O)O)C(C)C)C(=O)N[C@@H](Cc1ccccc1)[C@@H](O)C(=O)Nc1cccc(C(=O)O)c1,,,CHEMBL1147635,Bioorg Med Chem Lett,2004,"{'bei': '11.87', 'le': '0.23', 'lle': '7.12', 'sei': '3.13'}",,CHEMBL38830,,CHEMBL38830,7.80,0,http://www.openphacts.org/units/Nanomolar,60441,=,1,1,=,,IC50,nM,,16.0,CHEMBL4822,Homo sapiens,Beta-secretase 1,9606,,,IC50,nM,UO_0000065,,16.0
,,1300414,[],CHEMBL874665,Inhibition of Beta-secretase 1 at 2 uM concentration,B,,,BAO_0000201,BAO_0000357,single protein format,CC(C)C[C@H](NC(=O)[C@@H](NC(=O)[C@@H](N)CCC(=O)O)C(C)C)C(=O)N[C@@H](Cc1ccccc1)[C@@H](O)C(=O)N[C@@H](CC(=O)O)C(=O)N[C@@H](C)C(=O)N[C@@H](CCC(=O)O)C(=O)NCC(=O)O,,,CHEMBL1147635,Bioorg Med Chem Lett,2004,,,CHEMBL290156,HGLUVALLEUPNSASPALAGLUGLYOH,CHEMBL290156,,0,http://qudt.org/vocab/unit#Percent,60435,=,1,1,=,,Inhibition,%,,65.0,CHEMBL4822,Homo sapiens,Beta-secretase 1,9606,,,Inhibition,%,UO_0000187,,65.0
,,1302237,[],CHEMBL653507,Inhibition of human Beta-secretase 1,B,,,BAO_0000190,BAO_0000357,single protein format,Oc1cc(O)c2c(c1)O[C@@H](c1ccc(O)c(O)c1)[C@@H](O)C2,,,CHEMBL1136344,Bioorg Med Chem Lett,2003,"{'bei': '15.68', 'le': '0.30', 'lle': '3.00', 'sei': '4.12'}",,CHEMBL129482,(+)-EPICATECHIN,CHEMBL129482,4.55,0,http://www.openphacts.org/units/Nanomolar,243169,=,1,1,=,,IC50,nM,,28000.0,CHEMBL4822,Homo sapiens,Beta-secretase 1,9606,,,IC50,M,UO_0000065,,0.000028
,,1303585,[],CHEMBL653507,Inhibition of human Beta-secretase 1,B,,,BAO_0000190,BAO_0000357,single protein format,O=C(O[C@@H]1O[C@@H]2COC(=O)c3cc(O)c(O)c(O)c3-c3c(cc(O)c(O)c3O)C(=O)OO[C@H]([C@H]1O)[C@@H]2O)c1cc(O)c(O)c(O)c1,Outside typical range,"Values for this activity type are unusually large/small, so may not be accurate",CHEMBL1136344,Bioorg Med Chem Lett,2003,,,CHEMBL2303749,,CHEMBL2303749,,0,http://www.openphacts.org/units/Nanomolar,243171,>,1,1,>,,IC50,nM,,160000.0,CHEMBL4822,Homo sapiens,Beta-secretase 1,9606,,,IC50,M,UO_0000065,,0.00016
,,1304679,[],CHEMBL874665,Inhibition of Beta-secretase 1 at 2 uM concentration,B,,,BAO_0000201,BAO_0000357,single protein format,CC(C)C[C@H](NC(=O)[C@@H](NC(=O)[C@@H](N)CCC(=O)O)C(C)C)C(=O)N[C@@H](Cc1ccccc1)[C@@H](O)C(=O)Nc1cc(C(=O)O)cc(C(=O)O)c1,,,CHEMBL1147635,Bioorg Med Chem Lett,2004,,,CHEMBL288919,,CHEMBL288919,,0,http://qudt.org/vocab/unit#Percent,60439,>,1,1,>,,Inhibition,%,,90.0,CHEMBL4822,Homo sapiens,Beta-secretase 1,9606,,,Inhibition,%,UO_0000187,,90.0
,,1304680,[],CHEMBL653516,Inhibitory concentration of compound against Beta-secretase 1 was evaluated,B,,,BAO_0000190,BAO_0000357,single protein format,CC(C)C[C@H](NC(=O)[C@@H](NC(=O)[C@@H](N)CCC(=O)O)C(C)C)C(=O)N[C@@H](Cc1ccccc1)[C@@H](O)C(=O)Nc1cc(C(=O)O)cc(C(=O)O)c1,,,CHEMBL1147635,Bioorg Med Chem Lett,2004,"{'bei': '10.37', 'le': '0.20', 'lle': '6.29', 'sei': '2.64'}",,CHEMBL288919,,CHEMBL288919,7.26,0,http://www.openphacts.org/units/Nanomolar,60439,=,1,1,=,,IC50,nM,,55.0,CHEMBL4822,Homo sapiens,Beta-secretase 1,9606,,,IC50,nM,UO_0000065,,55.0
,,1305156,[],CHEMBL653507,Inhibition of human Beta-secretase 1,B,,,BAO_0000190,BAO_0000357,single protein format,O=C(O[C@H]1Cc2c(O)cc(O)cc2O[C@H]1c1ccc(O)c(O)c1)c1cc(O)c(O)c(O)c1,,,CHEMBL1136344,Bioorg Med Chem Lett,2003,"{'bei': '12.09', 'le': '0.23', 'lle': '2.82', 'sei': '3.02'}",,CHEMBL126142,,CHEMBL126142,5.35,0,http://www.openphacts.org/units/Nanomolar,243166,=,1,1,=,,IC50,nM,,4500.0,CHEMBL4822,Homo sapiens,Beta-secretase 1,9606,,,IC50,M,UO_0000065,,0.0000045
,,1305157,[],CHEMBL653508,Inhibitory activity against recombinant human Beta-secretase 1,B,,,BAO_0000192,BAO_0000357,single protein format,O=C(O[C@H]1Cc2c(O)cc(O)cc2O[C@H]1c1ccc(O)c(O)c1)c1cc(O)c(O)c(O)c1,,,CHEMBL1136344,Bioorg Med Chem Lett,2003,"{'bei': '11.93', 'le': '0.23', 'lle': '2.75', 'sei': '2.98'}",,CHEMBL126142,,CHEMBL126142,5.28,0,http://www.openphacts.org/units/Nanomolar,243166,=,1,1,=,,Ki,nM,,5300.0,CHEMBL4822,Homo sapiens,Beta-secretase 1,9606,,,Ki,M,UO_0000065,,0.0000053
,,1305158,[],CHEMBL653507,Inhibition of human Beta-secretase 1,B,,,BAO_0000190,BAO_0000357,single protein format,Oc1cc(O)c2c(c1)O[C@@H](c1ccc(O)c(O)c1)[C@@H](O)C2,,,CHEMBL1136344,Bioorg Med Chem Lett,2003,"{'bei': '15.98', 'le': '0.30', 'lle': '3.09', 'sei': '4.20'}",,CHEMBL129482,(+)-EPICATECHIN,CHEMBL129482,4.64,0,http://www.openphacts.org/units/Nanomolar,243172,=,1,1,=,,IC50,nM,,23000.0,CHEMBL4822,Homo sapiens,Beta-secretase 1,9606,,,IC50,M,UO_0000065,,0.000023
,,1305159,[],CHEMBL653507,Inhibition of human Beta-secretase 1,B,,,BAO_0000190,BAO_0000357,single protein format,O=C(OC[C@@H]1O[C@H](OC(=O)c2cc(O)c(O)c(O)c2)[C@@H](OC(=O)c2cc(O)c(O)c(O)c2)[C@H](OC(=O)c2cc(O)c(O)c(O)c2)[C@H]1OC(=O)c1cc(O)c(O)c(O)c1)c1cc(O)c(O)c(O)c1,Outside typical range,"Values for this activity type are unusually large/small, so may not be accurate",CHEMBL1136344,Bioorg Med Chem Lett,2003,,,CHEMBL127911,,CHEMBL127911,,0,http://www.openphacts.org/units/Nanomolar,243170,>,1,1,>,,IC50,nM,,160000.0,CHEMBL4822,Homo sapiens,Beta-secretase 1,9606,,,IC50,M,UO_0000065,,0.00016
,,1433307,[],CHEMBL828806,Binding affinity against human brain memapsin 2,B,,,BAO_0000192,BAO_0000221,tissue-based format,C=CCNC(=O)C[C@H](NC(=O)C(NC(=O)OCC=C)C(C)C)C(=O)N[C@@H](CC(C)C)[C@@H](O)C[C@@H](C)C(=O)N[C@H](C(=O)NCc1ccccc1)C(C)C,,,CHEMBL1145146,Bioorg Med Chem Lett,2005,"{'bei': '10.39', 'le': '0.20', 'lle': '5.10', 'sei': '3.71'}",,CHEMBL181262,,CHEMBL181262,7.58,0,http://www.openphacts.org/units/Nanomolar,369819,=,1,1,=,,Ki,nM,,26.6,CHEMBL4822,Homo sapiens,Beta-secretase 1,9606,,,Ki,nM,UO_0000065,,26.6
,,1433308,[],CHEMBL828805,Binding affinity for human brain memapsin 2,B,,,BAO_0000192,BAO_0000019,assay format,CC(C)C[C@H](NC(=O)[C@@H]1CC(=O)NC/C=C/COC(=O)N[C@@H](C(C)C)C(=O)N1)[C@@H](O)C[C@@H](C)C(=O)N[C@H](C(=O)NCc1ccccc1)C(C)C,,,CHEMBL1145144,Bioorg Med Chem Lett,2005,"{'bei': '10.07', 'le': '0.19', 'lle': '5.39', 'sei': '3.46'}",,CHEMBL360361,,CHEMBL360361,7.06,0,http://www.openphacts.org/units/Nanomolar,369824,=,1,1,=,,Ki,nM,,87.2,CHEMBL4822,Homo sapiens,Beta-secretase 1,9606,,,Ki,nM,UO_0000065,,87.2
,,1433309,[],CHEMBL828805,Binding affinity for human brain memapsin 2,B,,,BAO_0000192,BAO_0000019,assay format,CC(C)C[C@H](NC(=O)[C@@H]1CC(=O)NCCCCOC(=O)N[C@@H](C(C)C)C(=O)N1)[C@@H](O)C[C@@H](C)C(=O)N[C@H](C(=O)NCc1ccccc1)C(C)C,,,CHEMBL1145144,Bioorg Med Chem Lett,2005,"{'bei': '9.48', 'le': '0.18', 'lle': '4.76', 'sei': '3.26'}",,CHEMBL360362,,CHEMBL360362,6.66,0,http://www.openphacts.org/units/Nanomolar,369825,=,1,1,=,,Ki,nM,,217.6,CHEMBL4822,Homo sapiens,Beta-secretase 1,9606,,,Ki,nM,UO_0000065,,217.6
,,1433729,[],CHEMBL828805,Binding affinity for human brain memapsin 2,B,,,BAO_0000192,BAO_0000019,assay format,C=CCCOC(=O)N[C@H](C(=O)N[C@@H](CC(=O)NCC=C)C(=O)N[C@@H](CC(C)C)[C@@H](O)C[C@@H](C)C(=O)N[C@H](C(=O)NCc1ccccc1)C(C)C)C(C)C,,,CHEMBL1145144,Bioorg Med Chem Lett,2005,"{'bei': '9.71', 'le': '0.19', 'lle': '4.34', 'sei': '3.53'}",,CHEMBL443493,,CHEMBL443493,7.21,0,http://www.openphacts.org/units/Nanomolar,369826,=,1,1,=,,Ki,nM,,61.4,CHEMBL4822,Homo sapiens,Beta-secretase 1,9606,,,Ki,nM,UO_0000065,,61.4
,,1433730,[],CHEMBL828805,Binding affinity for human brain memapsin 2,B,,,BAO_0000192,BAO_0000019,assay format,CC(C)C[C@H](NC(=O)[C@@H]1CC(=O)NC/C=C/CCOC(=O)N[C@@H](C(C)C)C(=O)N1)[C@@H](O)C[C@@H](C)C(=O)N[C@H](C(=O)NCc1ccccc1)C(C)C,,,CHEMBL1145144,Bioorg Med Chem Lett,2005,"{'bei': '10.56', 'le': '0.20', 'lle': '5.49', 'sei': '3.70'}",,CHEMBL362078,,CHEMBL362078,7.55,0,http://www.openphacts.org/units/Nanomolar,369827,=,1,1,=,,Ki,nM,,28.4,CHEMBL4822,Homo sapiens,Beta-secretase 1,9606,,,Ki,nM,UO_0000065,,28.4
,,1433731,[],CHEMBL828805,Binding affinity for human brain memapsin 2,B,,,BAO_0000192,BAO_0000019,assay format,CC(C)C[C@H](NC(=O)[C@@H]1CC(=O)NCCCCCOC(=O)N[C@@H](C(C)C)C(=O)N1)[C@@H](O)C[C@@H](C)C(=O)N[C@H](C(=O)NCc1ccccc1)C(C)C,,,CHEMBL1145144,Bioorg Med Chem Lett,2005,"{'bei': '9.72', 'le': '0.19', 'lle': '4.68', 'sei': '3.41'}",,CHEMBL361977,,CHEMBL361977,6.97,0,http://www.openphacts.org/units/Nanomolar,369828,=,1,1,=,,Ki,nM,,108.2,CHEMBL4822,Homo sapiens,Beta-secretase 1,9606,,,Ki,nM,UO_0000065,,108.2
,,1433732,[],CHEMBL828577,Binding affinity for hamster memapsin 2,B,,,BAO_0000190,BAO_0000357,single protein format,CC(C)C[C@H](NC(=O)[C@@H]1CC(=O)NCCCCCOC(=O)N[C@@H](C(C)C)C(=O)N1)[C@@H](O)C[C@@H](C)C(=O)N[C@H](C(=O)NCc1ccccc1)C(C)C,,,CHEMBL1145144,Bioorg Med Chem Lett,2005,"{'bei': '7.54', 'le': '0.14', 'lle': '3.12', 'sei': '2.65'}",,CHEMBL361977,,CHEMBL361977,5.41,0,http://www.openphacts.org/units/Nanomolar,369828,=,1,1,=,,IC50,nM,,3900.0,CHEMBL4822,Homo sapiens,Beta-secretase 1,9606,,,IC50,uM,UO_0000065,,3.9
,,1433733,[],CHEMBL828805,Binding affinity for human brain memapsin 2,B,,,BAO_0000192,BAO_0000019,assay format,C=CCCCOC(=O)N[C@H](C(=O)N[C@@H](CC(=O)NCC=C)C(=O)N[C@@H](CC(C)C)[C@@H](O)C[C@@H](C)C(=O)N[C@H](C(=O)NCc1ccccc1)C(C)C)C(C)C,,,CHEMBL1145144,Bioorg Med Chem Lett,2005,"{'bei': '9.18', 'le': '0.18', 'lle': '3.69', 'sei': '3.41'}",,CHEMBL183377,,CHEMBL183377,6.95,0,http://www.openphacts.org/units/Nanomolar,369832,=,1,1,=,,Ki,nM,,112.1,CHEMBL4822,Homo sapiens,Beta-secretase 1,9606,,,Ki,nM,UO_0000065,,112.1
,,1433734,[],CHEMBL828805,Binding affinity for human brain memapsin 2,B,,,BAO_0000192,BAO_0000019,assay format,CC(C)C[C@H](NC(=O)[C@@H]1CC(=O)NC/C=C/CCCOC(=O)N[C@@H](C(C)C)C(=O)N1)[C@@H](O)C[C@@H](C)C(=O)N[C@H](C(=O)NCc1ccccc1)C(C)C,,,CHEMBL1145144,Bioorg Med Chem Lett,2005,"{'bei': '10.77', 'le': '0.21', 'lle': '5.40', 'sei': '3.85'}",,CHEMBL182892,,CHEMBL182892,7.85,0,http://www.openphacts.org/units/Nanomolar,369833,=,1,1,=,,Ki,nM,,14.2,CHEMBL4822,Homo sapiens,Beta-secretase 1,9606,,,Ki,nM,UO_0000065,,14.2
,,1433735,[],CHEMBL828805,Binding affinity for human brain memapsin 2,B,,,BAO_0000192,BAO_0000019,assay format,CC(C)C[C@H](NC(=O)[C@@H]1CC(=O)NC/C=C/CCCOC(=O)N[C@@H](C(C)C)C(=O)N1)[C@@H](O)C[C@@H](C)C(=O)N[C@H](C(=O)NCc1ccccc1)C(C)C,,,CHEMBL1145144,Bioorg Med Chem Lett,2005,"{'bei': '10.30', 'le': '0.20', 'lle': '5.06', 'sei': '3.68'}",,CHEMBL182892,,CHEMBL182892,7.51,0,http://www.openphacts.org/units/Nanomolar,369833,=,1,1,=,,Ki,nM,,31.0,CHEMBL4822,Homo sapiens,Beta-secretase 1,9606,,,Ki,nM,UO_0000065,,31.0
,,1433738,[],CHEMBL828805,Binding affinity for human brain memapsin 2,B,,,BAO_0000192,BAO_0000019,assay format,CC(C)C[C@H](NC(=O)[C@@H]1CC(=O)NCCCCCCOC(=O)N[C@@H](C(C)C)C(=O)N1)[C@@H](O)C[C@@H](C)C(=O)N[C@H](C(=O)NCc1ccccc1)C(C)C,,,CHEMBL1145144,Bioorg Med Chem Lett,2005,"{'bei': '10.40', 'le': '0.20', 'lle': '4.92', 'sei': '3.72'}",,CHEMBL362592,,CHEMBL362592,7.60,0,http://www.openphacts.org/units/Nanomolar,369838,=,1,1,=,,Ki,nM,,25.1,CHEMBL4822,Homo sapiens,Beta-secretase 1,9606,,,Ki,nM,UO_0000065,,25.1
,,1433740,[],CHEMBL828805,Binding affinity for human brain memapsin 2,B,,,BAO_0000192,BAO_0000019,assay format,CC(C)C[C@H](NC(=O)[C@H](CC(N)=O)NC(=O)[C@@H](NC(=O)[C@@H](N)CCC(=O)O)C(C)C)[C@@H](O)C[C@@H](C)C(=O)N[C@@H](C)C(=O)N[C@@H](CCC(=O)O)C(=O)N[C@@H](Cc1ccccc1)C(=O)O,,,CHEMBL1145144,Bioorg Med Chem Lett,2005,"{'bei': '9.85', 'le': '0.19', 'lle': '10.54', 'sei': '2.34'}",,CHEMBL78946,,CHEMBL78946,8.80,1,http://www.openphacts.org/units/Nanomolar,369839,=,1,1,=,,Ki,nM,,1.6,CHEMBL4822,Homo sapiens,Beta-secretase 1,9606,,,Ki,nM,UO_0000065,,1.6
,,1433741,[],CHEMBL830203,Binding affinity for hamster memapsin 2,B,,,BAO_0000192,BAO_0000357,single protein format,CC(C)C[C@H](NC(=O)[C@H](CC(N)=O)NC(=O)[C@@H](NC(=O)[C@@H](N)CCC(=O)O)C(C)C)[C@@H](O)C[C@@H](C)C(=O)N[C@@H](C)C(=O)N[C@@H](CCC(=O)O)C(=O)N[C@@H](Cc1ccccc1)C(=O)O,,,CHEMBL1145144,Bioorg Med Chem Lett,2005,"{'bei': '9.99', 'le': '0.19', 'lle': '10.66', 'sei': '2.37'}",,CHEMBL78946,,CHEMBL78946,8.92,0,http://www.openphacts.org/units/Nanomolar,369839,=,1,1,=,,Ki,nM,,1.2,CHEMBL4822,Homo sapiens,Beta-secretase 1,9606,,,Ki,nM,UO_0000065,,1.2
,,1433742,[],CHEMBL829573,Inhibitory concentration against hamster memapsin 2,B,,,BAO_0000190,BAO_0000357,single protein format,CC(C)C[C@H](NC(=O)[C@H](CC(N)=O)NC(=O)[C@@H](NC(=O)[C@@H](N)CCC(=O)O)C(C)C)[C@@H](O)C[C@@H](C)C(=O)N[C@@H](C)C(=O)N[C@@H](CCC(=O)O)C(=O)N[C@@H](Cc1ccccc1)C(=O)O,,,CHEMBL1145144,Bioorg Med Chem Lett,2005,"{'bei': '4.87', 'le': '0.09', 'lle': '6.09', 'sei': '1.16'}",,CHEMBL78946,,CHEMBL78946,4.35,0,http://www.openphacts.org/units/Nanomolar,369839,=,1,1,=,,IC50,nM,,45000.0,CHEMBL4822,Homo sapiens,Beta-secretase 1,9606,,,IC50,uM,UO_0000065,,45.0
,,1433892,[],CHEMBL831631,Inhibitory activity against beta-secretase 1 (BACE1) at 2 uM,B,,,BAO_0000201,BAO_0000357,single protein format,CC(C)C[C@H](NC(=O)[C@@H](NC(=O)[C@@H](N)CNC(=O)C(=O)O)C(C)C)C(=O)N[C@@H](Cc1ccccc1)[C@@H](O)C(=O)N[C@@H](CC(=O)O)C(=O)N[C@@H](C)C(=O)N[C@@H](CCC(=O)O)C(=O)O,,,CHEMBL1145220,Bioorg Med Chem Lett,2005,,,CHEMBL183059,,CHEMBL183059,,0,http://qudt.org/vocab/unit#Percent,370530,=,1,1,=,,Inhibition,%,,96.7,CHEMBL4822,Homo sapiens,Beta-secretase 1,9606,,,Inhibition,%,UO_0000187,,96.7
,,1433893,[],CHEMBL835471,Inhibitory activity against beta-secretase 1 (BACE1) at 0.2 uM,B,,,BAO_0000201,BAO_0000357,single protein format,CC(C)C[C@H](NC(=O)[C@@H](NC(=O)[C@@H](N)CNC(=O)C(=O)O)C(C)C)C(=O)N[C@@H](Cc1ccccc1)[C@@H](O)C(=O)N[C@@H](CC(=O)O)C(=O)N[C@@H](C)C(=O)N[C@@H](CCC(=O)O)C(=O)O,,,CHEMBL1145220,Bioorg Med Chem Lett,2005,,,CHEMBL183059,,CHEMBL183059,,0,http://qudt.org/vocab/unit#Percent,370530,=,1,1,=,,Inhibition,%,,57.6,CHEMBL4822,Homo sapiens,Beta-secretase 1,9606,,,Inhibition,%,UO_0000187,,57.6
,,1433894,[],CHEMBL832831,Inhibitory activity against beta-secretase 1 (BACE1),B,,,BAO_0000190,BAO_0000357,single protein format,CC(C)C[C@H](NC(=O)[C@@H](NC(=O)[C@@H](N)CNC(=O)C(=O)O)C(C)C)C(=O)N[C@@H](Cc1ccccc1)[C@@H](O)C(=O)N[C@@H](CC(=O)O)C(=O)N[C@@H](C)C(=O)N[C@@H](CCC(=O)O)C(=O)O,,,CHEMBL1145220,Bioorg Med Chem Lett,2005,"{'bei': '8.03', 'le': '0.16', 'lle': '10.91', 'sei': '1.77'}",,CHEMBL183059,,CHEMBL183059,7.08,0,http://www.openphacts.org/units/Nanomolar,370530,=,1,1,=,,IC50,nM,,84.0,CHEMBL4822,Homo sapiens,Beta-secretase 1,9606,,,IC50,nM,UO_0000065,,84.0
,,1433895,[],CHEMBL831631,Inhibitory activity against beta-secretase 1 (BACE1) at 2 uM,B,,,BAO_0000201,BAO_0000357,single protein format,CC(C)C[C@H](NC(=O)[C@@H](NC(=O)[C@@H](N)CNC(=O)C(=O)O)C(C)C)C(=O)N[C@@H](Cc1ccccc1)[C@@H](O)C(=O)Nc1cccc(C(=O)O)c1,,,CHEMBL1145220,Bioorg Med Chem Lett,2005,,,CHEMBL367139,,CHEMBL367139,,0,http://qudt.org/vocab/unit#Percent,370531,=,1,1,=,,Inhibition,%,,98.4,CHEMBL4822,Homo sapiens,Beta-secretase 1,9606,,,Inhibition,%,UO_0000187,,98.4
,,1433896,[],CHEMBL835471,Inhibitory activity against beta-secretase 1 (BACE1) at 0.2 uM,B,,,BAO_0000201,BAO_0000357,single protein format,CC(C)C[C@H](NC(=O)[C@@H](NC(=O)[C@@H](N)CNC(=O)C(=O)O)C(C)C)C(=O)N[C@@H](Cc1ccccc1)[C@@H](O)C(=O)Nc1cccc(C(=O)O)c1,,,CHEMBL1145220,Bioorg Med Chem Lett,2005,,,CHEMBL367139,,CHEMBL367139,,0,http://qudt.org/vocab/unit#Percent,370531,=,1,1,=,,Inhibition,%,,85.5,CHEMBL4822,Homo sapiens,Beta-secretase 1,9606,,,Inhibition,%,UO_0000187,,85.5
,,1433897,[],CHEMBL832831,Inhibitory activity against beta-secretase 1 (BACE1),B,,,BAO_0000190,BAO_0000357,single protein format,CC(C)C[C@H](NC(=O)[C@@H](NC(=O)[C@@H](N)CNC(=O)C(=O)O)C(C)C)C(=O)N[C@@H](Cc1ccccc1)[C@@H](O)C(=O)Nc1cccc(C(=O)O)c1,,,CHEMBL1145220,Bioorg Med Chem Lett,2005,"{'bei': '11.39', 'le': '0.22', 'lle': '8.19', 'sei': '2.93'}",,CHEMBL367139,,CHEMBL367139,7.80,0,http://www.openphacts.org/units/Nanomolar,370531,=,1,1,=,,IC50,nM,,16.0,CHEMBL4822,Homo sapiens,Beta-secretase 1,9606,,,IC50,nM,UO_0000065,,16.0
,,1433898,[],CHEMBL831631,Inhibitory activity against beta-secretase 1 (BACE1) at 2 uM,B,,,BAO_0000201,BAO_0000357,single protein format,CC(C)C[C@H](NC(=O)[C@@H](NC(=O)[C@@H](N)CNC(=O)C(=O)O)C(C)C)C(=O)N[C@@H](Cc1ccccc1)[C@@H](O)C(=O)Nc1cc(C(=O)O)cc(C(=O)O)c1,,,CHEMBL1145220,Bioorg Med Chem Lett,2005,,,CHEMBL181826,,CHEMBL181826,,0,http://qudt.org/vocab/unit#Percent,370538,=,1,1,=,,Inhibition,%,,99.8,CHEMBL4822,Homo sapiens,Beta-secretase 1,9606,,,Inhibition,%,UO_0000187,,99.8
,,1434004,[],CHEMBL835471,Inhibitory activity against beta-secretase 1 (BACE1) at 0.2 uM,B,,,BAO_0000201,BAO_0000357,single protein format,CC(C)C[C@H](NC(=O)[C@@H](NC(=O)[C@@H](N)CNC(=O)C(=O)O)C(C)C)C(=O)N[C@@H](Cc1ccccc1)[C@@H](O)C(=O)Nc1cc(C(=O)O)cc(C(=O)O)c1,,,CHEMBL1145220,Bioorg Med Chem Lett,2005,,,CHEMBL181826,,CHEMBL181826,,0,http://qudt.org/vocab/unit#Percent,370538,=,1,1,=,,Inhibition,%,,96.7,CHEMBL4822,Homo sapiens,Beta-secretase 1,9606,,,Inhibition,%,UO_0000187,,96.7
,,1434005,[],CHEMBL832831,Inhibitory activity against beta-secretase 1 (BACE1),B,,,BAO_0000190,BAO_0000357,single protein format,CC(C)C[C@H](NC(=O)[C@@H](NC(=O)[C@@H](N)CNC(=O)C(=O)O)C(C)C)C(=O)N[C@@H](Cc1ccccc1)[C@@H](O)C(=O)Nc1cc(C(=O)O)cc(C(=O)O)c1,,,CHEMBL1145220,Bioorg Med Chem Lett,2005,"{'bei': '11.43', 'le': '0.22', 'lle': '9.02', 'sei': '2.74'}",,CHEMBL181826,,CHEMBL181826,8.33,0,http://www.openphacts.org/units/Nanomolar,370538,=,1,1,=,,IC50,nM,,4.7,CHEMBL4822,Homo sapiens,Beta-secretase 1,9606,,,IC50,nM,UO_0000065,,4.7
,,1434006,[],CHEMBL831631,Inhibitory activity against beta-secretase 1 (BACE1) at 2 uM,B,,,BAO_0000201,BAO_0000357,single protein format,CC(C)C[C@H](NC(=O)[C@@H](NC(=O)[C@H](CN)NC(=O)C(=O)O)C(C)C)C(=O)N[C@@H](Cc1ccccc1)[C@@H](O)C(=O)N[C@@H](CC(=O)O)C(=O)N[C@@H](C)C(=O)N[C@@H](CCC(=O)O)C(=O)O,,,CHEMBL1145220,Bioorg Med Chem Lett,2005,,,CHEMBL182102,,CHEMBL182102,,0,http://qudt.org/vocab/unit#Percent,370539,=,1,1,=,,Inhibition,%,,75.2,CHEMBL4822,Homo sapiens,Beta-secretase 1,9606,,,Inhibition,%,UO_0000187,,75.2
,,1434007,[],CHEMBL831631,Inhibitory activity against beta-secretase 1 (BACE1) at 2 uM,B,,,BAO_0000201,BAO_0000357,single protein format,CC(C)C[C@H](NC(=O)[C@@H](NC(=O)[C@H](CN)NC(=O)C(=O)O)C(C)C)C(=O)N[C@@H](Cc1ccccc1)[C@@H](O)C(=O)Nc1cccc(C(=O)O)c1,,,CHEMBL1145220,Bioorg Med Chem Lett,2005,,,CHEMBL367813,,CHEMBL367813,,0,http://qudt.org/vocab/unit#Percent,370540,=,1,1,=,,Inhibition,%,,87.9,CHEMBL4822,Homo sapiens,Beta-secretase 1,9606,,,Inhibition,%,UO_0000187,,87.9
,,1434008,[],CHEMBL835471,Inhibitory activity against beta-secretase 1 (BACE1) at 0.2 uM,B,,,BAO_0000201,BAO_0000357,single protein format,CC(C)C[C@H](NC(=O)[C@@H](NC(=O)[C@H](CN)NC(=O)C(=O)O)C(C)C)C(=O)N[C@@H](Cc1ccccc1)[C@@H](O)C(=O)Nc1cccc(C(=O)O)c1,,,CHEMBL1145220,Bioorg Med Chem Lett,2005,,,CHEMBL367813,,CHEMBL367813,,0,http://qudt.org/vocab/unit#Percent,370540,=,1,1,=,,Inhibition,%,,58.6,CHEMBL4822,Homo sapiens,Beta-secretase 1,9606,,,Inhibition,%,UO_0000187,,58.6
,,1434009,[],CHEMBL831631,Inhibitory activity against beta-secretase 1 (BACE1) at 2 uM,B,,,BAO_0000201,BAO_0000357,single protein format,CC(C)C[C@H](NC(=O)[C@@H](NC(=O)[C@@H](N)CNC(=O)c1nn[nH]n1)C(C)C)C(=O)N[C@@H](Cc1ccccc1)[C@@H](O)C(=O)N[C@@H](CC(=O)O)C(=O)N[C@@H](C)C(=O)N[C@@H](CCC(=O)O)C(=O)O,,,CHEMBL1145220,Bioorg Med Chem Lett,2005,,,CHEMBL429157,,CHEMBL429157,,0,http://qudt.org/vocab/unit#Percent,370541,=,1,1,=,,Inhibition,%,,93.0,CHEMBL4822,Homo sapiens,Beta-secretase 1,9606,,,Inhibition,%,UO_0000187,,93.0
,,1434010,[],CHEMBL835471,Inhibitory activity against beta-secretase 1 (BACE1) at 0.2 uM,B,,,BAO_0000201,BAO_0000357,single protein format,CC(C)C[C@H](NC(=O)[C@@H](NC(=O)[C@@H](N)CNC(=O)c1nn[nH]n1)C(C)C)C(=O)N[C@@H](Cc1ccccc1)[C@@H](O)C(=O)N[C@@H](CC(=O)O)C(=O)N[C@@H](C)C(=O)N[C@@H](CCC(=O)O)C(=O)O,,,CHEMBL1145220,Bioorg Med Chem Lett,2005,,,CHEMBL429157,,CHEMBL429157,,0,http://qudt.org/vocab/unit#Percent,370541,=,1,1,=,,Inhibition,%,,73.1,CHEMBL4822,Homo sapiens,Beta-secretase 1,9606,,,Inhibition,%,UO_0000187,,73.1
,,1434011,[],CHEMBL831631,Inhibitory activity against beta-secretase 1 (BACE1) at 2 uM,B,,,BAO_0000201,BAO_0000357,single protein format,CC(C)C[C@H](NC(=O)[C@@H](NC(=O)[C@@H](N)CNC(=O)c1nn[nH]n1)C(C)C)C(=O)N[C@@H](Cc1ccccc1)[C@@H](O)C(=O)Nc1cccc(C(=O)O)c1,,,CHEMBL1145220,Bioorg Med Chem Lett,2005,,,CHEMBL183494,,CHEMBL183494,,0,http://qudt.org/vocab/unit#Percent,370542,=,1,1,=,,Inhibition,%,,99.0,CHEMBL4822,Homo sapiens,Beta-secretase 1,9606,,,Inhibition,%,UO_0000187,,99.0
,,1434012,[],CHEMBL835471,Inhibitory activity against beta-secretase 1 (BACE1) at 0.2 uM,B,,,BAO_0000201,BAO_0000357,single protein format,CC(C)C[C@H](NC(=O)[C@@H](NC(=O)[C@@H](N)CNC(=O)c1nn[nH]n1)C(C)C)C(=O)N[C@@H](Cc1ccccc1)[C@@H](O)C(=O)Nc1cccc(C(=O)O)c1,,,CHEMBL1145220,Bioorg Med Chem Lett,2005,,,CHEMBL183494,,CHEMBL183494,,0,http://qudt.org/vocab/unit#Percent,370542,=,1,1,=,,Inhibition,%,,87.1,CHEMBL4822,Homo sapiens,Beta-secretase 1,9606,,,Inhibition,%,UO_0000187,,87.1
,,1434013,[],CHEMBL832831,Inhibitory activity against beta-secretase 1 (BACE1),B,,,BAO_0000190,BAO_0000357,single protein format,CC(C)C[C@H](NC(=O)[C@@H](NC(=O)[C@@H](N)CNC(=O)c1nn[nH]n1)C(C)C)C(=O)N[C@@H](Cc1ccccc1)[C@@H](O)C(=O)Nc1cccc(C(=O)O)c1,,,CHEMBL1145220,Bioorg Med Chem Lett,2005,"{'bei': '11.41', 'le': '0.22', 'lle': '8.74', 'sei': '2.85'}",,CHEMBL183494,,CHEMBL183494,8.09,0,http://www.openphacts.org/units/Nanomolar,370542,=,1,1,=,,IC50,nM,,8.2,CHEMBL4822,Homo sapiens,Beta-secretase 1,9606,,,IC50,nM,UO_0000065,,8.2
,,1434014,[],CHEMBL831631,Inhibitory activity against beta-secretase 1 (BACE1) at 2 uM,B,,,BAO_0000201,BAO_0000357,single protein format,CC(C)C[C@H](NC(=O)[C@@H](NC(=O)[C@@H](N)CNC(=O)c1nn[nH]n1)C(C)C)C(=O)N[C@@H](Cc1ccccc1)[C@@H](O)C(=O)Nc1cc(C(=O)O)cc(C(=O)O)c1,,,CHEMBL1145220,Bioorg Med Chem Lett,2005,,,CHEMBL183546,,CHEMBL183546,,0,http://qudt.org/vocab/unit#Percent,370543,=,1,1,=,,Inhibition,%,,100.0,CHEMBL4822,Homo sapiens,Beta-secretase 1,9606,,,Inhibition,%,UO_0000187,,100.0
,,1434015,[],CHEMBL835471,Inhibitory activity against beta-secretase 1 (BACE1) at 0.2 uM,B,,,BAO_0000201,BAO_0000357,single protein format,CC(C)C[C@H](NC(=O)[C@@H](NC(=O)[C@@H](N)CNC(=O)c1nn[nH]n1)C(C)C)C(=O)N[C@@H](Cc1ccccc1)[C@@H](O)C(=O)Nc1cc(C(=O)O)cc(C(=O)O)c1,,,CHEMBL1145220,Bioorg Med Chem Lett,2005,,,CHEMBL183546,,CHEMBL183546,,0,http://qudt.org/vocab/unit#Percent,370543,=,1,1,=,,Inhibition,%,,98.1,CHEMBL4822,Homo sapiens,Beta-secretase 1,9606,,,Inhibition,%,UO_0000187,,98.1
,,1434426,[],CHEMBL832831,Inhibitory activity against beta-secretase 1 (BACE1),B,,,BAO_0000190,BAO_0000357,single protein format,CC(C)C[C@H](NC(=O)[C@@H](NC(=O)[C@@H](N)CNC(=O)c1nn[nH]n1)C(C)C)C(=O)N[C@@H](Cc1ccccc1)[C@@H](O)C(=O)Nc1cc(C(=O)O)cc(C(=O)O)c1,,,CHEMBL1145220,Bioorg Med Chem Lett,2005,"{'bei': '11.17', 'le': '0.21', 'lle': '9.36', 'sei': '2.62'}",,CHEMBL183546,,CHEMBL183546,8.41,0,http://www.openphacts.org/units/Nanomolar,370543,=,1,1,=,,IC50,nM,,3.9,CHEMBL4822,Homo sapiens,Beta-secretase 1,9606,,,IC50,nM,UO_0000065,,3.9
,,1434427,[],CHEMBL831631,Inhibitory activity against beta-secretase 1 (BACE1) at 2 uM,B,,,BAO_0000201,BAO_0000357,single protein format,CC(C)C[C@H](NC(=O)[C@@H](NC(=O)[C@H](CN)NC(=O)c1nn[nH]n1)C(C)C)C(=O)N[C@@H](Cc1ccccc1)[C@@H](O)C(=O)N[C@@H](CC(=O)O)C(=O)N[C@@H](C)C(=O)N[C@@H](CCC(=O)O)C(=O)O,,,CHEMBL1145220,Bioorg Med Chem Lett,2005,,,CHEMBL360145,,CHEMBL360145,,0,http://qudt.org/vocab/unit#Percent,370550,=,1,1,=,,Inhibition,%,,23.2,CHEMBL4822,Homo sapiens,Beta-secretase 1,9606,,,Inhibition,%,UO_0000187,,23.2
,,1434428,[],CHEMBL831631,Inhibitory activity against beta-secretase 1 (BACE1) at 2 uM,B,,,BAO_0000201,BAO_0000357,single protein format,CC(C)C[C@H](NC(=O)[C@@H](NC(=O)[C@H](CN)NC(=O)c1nn[nH]n1)C(C)C)C(=O)N[C@@H](Cc1ccccc1)[C@@H](O)C(=O)Nc1cccc(C(=O)O)c1,,,CHEMBL1145220,Bioorg Med Chem Lett,2005,,,CHEMBL180965,,CHEMBL180965,,0,http://qudt.org/vocab/unit#Percent,370551,~,1,1,~,,Inhibition,%,,0.0,CHEMBL4822,Homo sapiens,Beta-secretase 1,9606,,,Inhibition,%,UO_0000187,,0.0
,,1449072,[],CHEMBL827180,Binding affinity against Beta-secretase,B,,,BAO_0000192,BAO_0000357,single protein format,CC(C)C[C@H](NCC(=O)[C@H](CC(N)=O)NC(=O)OC(C)(C)C)C(O)CC(C)C(=O)NC(C)C(=O)NCc1ccccc1,,,CHEMBL1137865,Bioorg Med Chem Lett,2004,"{'bei': '7.86', 'le': '0.15', 'lle': '3.11', 'sei': '2.46'}",,CHEMBL361667,,CHEMBL361667,4.65,0,http://www.openphacts.org/units/Nanomolar,375689,=,1,1,=,,Ki,nM,,22423.0,CHEMBL4822,Homo sapiens,Beta-secretase 1,9606,,,Ki,nM,UO_0000065,,22423.0
,,1449073,[],CHEMBL827180,Binding affinity against Beta-secretase,B,,,BAO_0000192,BAO_0000357,single protein format,CC(C)C[C@H](NCC(=O)[C@H](CC(N)=O)NC(=O)OC(C)(C)C)C(O)CC(C)C(=O)NC(C(=O)NCc1ccccc1)C(C)C,,,CHEMBL1137865,Bioorg Med Chem Lett,2004,"{'bei': '8.88', 'le': '0.17', 'lle': '3.33', 'sei': '2.91'}",,CHEMBL360828,,CHEMBL360828,5.50,0,http://www.openphacts.org/units/Nanomolar,375690,=,1,1,=,,Ki,nM,,3134.0,CHEMBL4822,Homo sapiens,Beta-secretase 1,9606,,,Ki,nM,UO_0000065,,3134.0
,,1449074,[],CHEMBL827180,Binding affinity against Beta-secretase,B,,,BAO_0000192,BAO_0000357,single protein format,CC(C)C[C@H](NCC(=O)[C@H](CS(C)(=O)=O)NC(=O)OC(C)(C)C)C(O)CC(C)C(=O)NC(C(=O)NCc1ccccc1)C(C)C,,,CHEMBL1137865,Bioorg Med Chem Lett,2004,"{'bei': '9.08', 'le': '0.18', 'lle': '3.61', 'sei': '3.30'}",,CHEMBL183628,,CHEMBL183628,5.95,0,http://www.openphacts.org/units/Nanomolar,375691,=,1,1,=,,Ki,nM,,1129.0,CHEMBL4822,Homo sapiens,Beta-secretase 1,9606,,,Ki,nM,UO_0000065,,1129.0
,,1449075,[],CHEMBL827180,Binding affinity against Beta-secretase,B,,,BAO_0000192,BAO_0000357,single protein format,CC(C)C[C@H](NC(=O)C(CC(N)=O)NC(=O)[C@@H](NC(=O)OC(C)(C)C)C(C)C)C(O)CC(C)C(=O)NC(C)C(=O)NCc1ccccc1,,,CHEMBL1137865,Bioorg Med Chem Lett,2004,"{'bei': '10.65', 'le': '0.21', 'lle': '5.57', 'sei': '3.31'}",,CHEMBL65981,,CHEMBL65981,7.21,1,http://www.openphacts.org/units/Nanomolar,375692,=,1,1,=,,Ki,nM,,61.4,CHEMBL4822,Homo sapiens,Beta-secretase 1,9606,,,Ki,nM,UO_0000065,,61.4
,,1449076,[],CHEMBL827180,Binding affinity against Beta-secretase,B,,,BAO_0000192,BAO_0000357,single protein format,CC(C)C[C@H](NC(=O)C(CC(N)=O)NC(=O)[C@@H](NC(=O)OC(C)(C)C)C(C)C)C(O)CC(C)C(=O)NC(C(=O)NCc1ccccc1)C(C)C,,,CHEMBL1137865,Bioorg Med Chem Lett,2004,"{'bei': '11.67', 'le': '0.22', 'lle': '5.96', 'sei': '3.77'}",,CHEMBL304010,,CHEMBL304010,8.23,1,http://www.openphacts.org/units/Nanomolar,375720,=,1,1,=,,Ki,nM,,5.9,CHEMBL4822,Homo sapiens,Beta-secretase 1,9606,,,Ki,nM,UO_0000065,,5.9
,,1449077,[],CHEMBL827180,Binding affinity against Beta-secretase,B,,,BAO_0000192,BAO_0000357,single protein format,CSCC(NC(=O)[C@@H](NC(=O)OC(C)(C)C)C(C)C)C(=O)N[C@@H](CC(C)C)C(O)CC(C)C(=O)NC(C(=O)NCc1ccccc1)C(C)C,,,CHEMBL1137865,Bioorg Med Chem Lett,2004,"{'bei': '10.31', 'le': '0.20', 'lle': '3.54', 'sei': '4.17'}",,CHEMBL65752,,CHEMBL65752,7.30,1,http://www.openphacts.org/units/Nanomolar,375721,=,1,1,=,,Ki,nM,,50.1,CHEMBL4822,Homo sapiens,Beta-secretase 1,9606,,,Ki,nM,UO_0000065,,50.1
,,1449078,[],CHEMBL827180,Binding affinity against Beta-secretase,B,,,BAO_0000192,BAO_0000357,single protein format,CC(C)C[C@H](NC(=O)C(CS(C)(=O)=O)NC(=O)[C@@H](NC(=O)OC(C)(C)C)C(C)C)C(O)CC(C)C(=O)NC(C(=O)NCc1ccccc1)C(C)C,,,CHEMBL1137865,Bioorg Med Chem Lett,2004,"{'bei': '10.85', 'le': '0.21', 'lle': '5.59', 'sei': '3.84'}",,CHEMBL294274,,CHEMBL294274,8.03,1,http://www.openphacts.org/units/Nanomolar,375722,=,1,1,=,,Ki,nM,,9.4,CHEMBL4822,Homo sapiens,Beta-secretase 1,9606,,,Ki,nM,UO_0000065,,9.4
,,1449185,[],CHEMBL827180,Binding affinity against Beta-secretase,B,,,BAO_0000192,BAO_0000357,single protein format,CSCCC(NC(=O)OC(C)(C)C)C(=O)N[C@@H](CC(C)C)C(O)CC(C)C(=O)NC(C(=O)NCc1ccccc1)C(C)C,,,CHEMBL1137865,Bioorg Med Chem Lett,2004,"{'bei': '8.41', 'le': '0.17', 'lle': '1.23', 'sei': '3.59'}",,CHEMBL66595,,CHEMBL66595,5.24,1,http://www.openphacts.org/units/Nanomolar,375723,=,1,1,=,,Ki,nM,,5808.0,CHEMBL4822,Homo sapiens,Beta-secretase 1,9606,,,Ki,nM,UO_0000065,,5808.0
,,1449186,[],CHEMBL827180,Binding affinity against Beta-secretase,B,,,BAO_0000192,BAO_0000357,single protein format,CSCCC(NC(=O)[C@@H](NC(=O)OC(C)(C)C)C(C)C)C(=O)N[C@@H](CC(C)C)C(O)CC(C)C(=O)NC(C(=O)NCc1ccccc1)C(C)C,,,CHEMBL1137865,Bioorg Med Chem Lett,2004,"{'bei': '11.91', 'le': '0.23', 'lle': '4.45', 'sei': '4.92'}",,CHEMBL293611,,CHEMBL293611,8.60,1,http://www.openphacts.org/units/Nanomolar,375724,=,1,1,=,,Ki,nM,,2.5,CHEMBL4822,Homo sapiens,Beta-secretase 1,9606,,,Ki,nM,UO_0000065,,2.5
,,1449187,[],CHEMBL827180,Binding affinity against Beta-secretase,B,,,BAO_0000192,BAO_0000357,single protein format,CC(C)C[C@H](NC(=O)C(CCS(C)(=O)=O)NC(=O)[C@@H](NC(=O)OC(C)(C)C)C(C)C)C(O)CC(C)C(=O)NC(C(=O)NCc1ccccc1)C(C)C,,,CHEMBL1137865,Bioorg Med Chem Lett,2004,"{'bei': '10.74', 'le': '0.21', 'lle': '5.27', 'sei': '3.87'}",,CHEMBL440490,,CHEMBL440490,8.10,1,http://www.openphacts.org/units/Nanomolar,375725,=,1,1,=,,Ki,nM,,8.0,CHEMBL4822,Homo sapiens,Beta-secretase 1,9606,,,Ki,nM,UO_0000065,,8.0
,,1449188,[],CHEMBL827180,Binding affinity against Beta-secretase,B,,,BAO_0000192,BAO_0000357,single protein format,CC(C)C[C@H](NC(=O)[C@H](CC(N)=O)NC(=O)[C@@H](NC(=O)[C@@H](N)CCC(=O)O)C(C)C)[C@@H](O)C[C@@H](C)C(=O)N[C@@H](C)C(=O)N[C@@H](CCC(=O)O)C(=O)N[C@@H](Cc1ccccc1)C(=O)O,,,CHEMBL1137865,Bioorg Med Chem Lett,2004,"{'bei': '9.85', 'le': '0.19', 'lle': '10.54', 'sei': '2.34'}",,CHEMBL78946,,CHEMBL78946,8.80,1,http://www.openphacts.org/units/Nanomolar,375726,=,1,1,=,,Ki,nM,,1.6,CHEMBL4822,Homo sapiens,Beta-secretase 1,9606,,,Ki,nM,UO_0000065,,1.6
,,1449189,[],CHEMBL827180,Binding affinity against Beta-secretase,B,,,BAO_0000192,BAO_0000357,single protein format,CC(C)C[C@H](NC(=O)[C@@H](N)CCC(=O)O)C(=O)N[C@@H](CC(=O)O)C(=O)N[C@@H](CC(C)C)[C@@H](O)C[C@@H](C)C(=O)N[C@H](C(=O)N[C@@H](CCC(=O)O)C(=O)C[C@@H](Cc1ccccc1)C(=O)O)C(C)C,,,CHEMBL1137865,Bioorg Med Chem Lett,2004,"{'bei': '10.15', 'le': '0.20', 'lle': '8.51', 'sei': '2.65'}",,CHEMBL183214,,CHEMBL183214,9.49,0,http://www.openphacts.org/units/Nanomolar,375727,=,1,1,=,,Ki,nM,,0.32,CHEMBL4822,Homo sapiens,Beta-secretase 1,9606,,,Ki,nM,UO_0000065,,0.32
,,1449190,[],CHEMBL829260,Binding affinity against Beta-secretase,B,,,BAO_0000190,BAO_0000357,single protein format,CCCN(CCC)C(=O)c1cccc(C(=O)N[C@@H](Cc2cc(F)cc(F)c2)[C@@H](O)C[C@@H](CC)C(=O)NC[C@H]2CC[C@H](C(=O)O)CC2)c1,,,CHEMBL1137865,Bioorg Med Chem Lett,2004,"{'bei': '11.10', 'le': '0.21', 'lle': '1.95', 'sei': '5.37'}",,CHEMBL42453,,CHEMBL42453,7.30,0,http://www.openphacts.org/units/Nanomolar,375753,=,1,1,=,,IC50,nM,,50.0,CHEMBL4822,Homo sapiens,Beta-secretase 1,9606,,,IC50,nM,UO_0000065,,50.0
,,1449191,[],CHEMBL829260,Binding affinity against Beta-secretase,B,,,BAO_0000190,BAO_0000357,single protein format,CCCN(CCC)C(=O)c1cccc(C(=O)N[C@@H](Cc2cc(F)cc(F)c2)[C@@H](O)C[C@@H](CC)C(=O)NCCCCC(=O)O)c1,,,CHEMBL1137865,Bioorg Med Chem Lett,2004,"{'bei': '10.36', 'le': '0.20', 'lle': '1.68', 'sei': '4.70'}",,CHEMBL263260,,CHEMBL263260,6.40,0,http://www.openphacts.org/units/Nanomolar,375754,=,1,1,=,,IC50,nM,,400.0,CHEMBL4822,Homo sapiens,Beta-secretase 1,9606,,,IC50,nM,UO_0000065,,400.0
,,1449192,[],CHEMBL829260,Binding affinity against Beta-secretase,B,,,BAO_0000190,BAO_0000357,single protein format,CCCN(CCC)C(=O)c1cccc(C(=O)N[C@@H](Cc2cc(F)cc(F)c2)[C@@H](O)C[C@@H](CC)C(=O)NCc2ccccc2)c1,,,CHEMBL1137865,Bioorg Med Chem Lett,2004,"{'bei': '9.63', 'le': '0.18', 'lle': '0.19', 'sei': '5.93'}",,CHEMBL43962,,CHEMBL43962,5.85,0,http://www.openphacts.org/units/Nanomolar,375755,=,1,1,=,,IC50,nM,,1400.0,CHEMBL4822,Homo sapiens,Beta-secretase 1,9606,,,IC50,nM,UO_0000065,,1400.0
,,1449193,[],CHEMBL829260,Binding affinity against Beta-secretase,B,,,BAO_0000190,BAO_0000357,single protein format,CCCN(CCC)C(=O)c1cccc(C(=O)N[C@@H](Cc2cc(F)cc(F)c2)[C@@H](O)C[C@@H](CC)C(=O)NCCC(=O)O)c1,,,CHEMBL1137865,Bioorg Med Chem Lett,2004,"{'bei': '9.42', 'le': '0.18', 'lle': '1.61', 'sei': '4.08'}",,CHEMBL295996,,CHEMBL295996,5.55,0,http://www.openphacts.org/units/Nanomolar,375756,=,1,1,=,,IC50,nM,,2800.0,CHEMBL4822,Homo sapiens,Beta-secretase 1,9606,,,IC50,nM,UO_0000065,,2800.0
,,1449194,[],CHEMBL829260,Binding affinity against Beta-secretase,B,,,BAO_0000190,BAO_0000357,single protein format,CCCN(CCC)C(=O)c1cccc(C(=O)N[C@@H](Cc2cc(F)cc(F)c2)[C@@H](O)C[C@@H](CC)C(=O)N[C@H]2C[C@@H](OC)C[C@@H](OC)C2)c1,,,CHEMBL1137865,Bioorg Med Chem Lett,2004,"{'bei': '7.85', 'le': '0.15', 'lle': '0.14', 'sei': '4.42'}",,CHEMBL295109,,CHEMBL295109,5.18,0,http://www.openphacts.org/units/Nanomolar,375781,=,1,1,=,,IC50,nM,,6600.0,CHEMBL4822,Homo sapiens,Beta-secretase 1,9606,,,IC50,nM,UO_0000065,,6600.0
,,1475324,[],CHEMBL828263,Binding affinity towards Beta-secretase determined using continuum electrostatics solvation,B,,,BAO_0000192,BAO_0000357,single protein format,CC(C)C[C@H](NC(=O)[C@@H](NC(=O)OC(C)(C)C)C(N)=O)C(O)CC(C)C(=O)N[C@@H](C)C(=O)NCc1ccccc1,,,CHEMBL1137231,J Med Chem,2004,"{'bei': '8.25', 'le': '0.16', 'lle': '3.55', 'sei': '2.46'}",,CHEMBL187568,,CHEMBL187568,4.65,0,http://www.openphacts.org/units/Nanomolar,381495,=,1,1,=,,Ki,nM,,22423.0,CHEMBL4822,Homo sapiens,Beta-secretase 1,9606,,,Ki,nM,UO_0000065,,22423.0
,,1475325,[],CHEMBL828263,Binding affinity towards Beta-secretase determined using continuum electrostatics solvation,B,,,BAO_0000192,BAO_0000357,single protein format,CC(C)C[C@H](NC(=O)[C@@H](NC(=O)OC(C)(C)C)C(N)=O)C(O)CC(C)C(=O)N[C@H](C(=O)NCc1ccccc1)C(C)C,,,CHEMBL1137231,J Med Chem,2004,"{'bei': '9.30', 'le': '0.18', 'lle': '3.76', 'sei': '2.91'}",,CHEMBL188956,,CHEMBL188956,5.50,0,http://www.openphacts.org/units/Nanomolar,381515,=,1,1,=,,Ki,nM,,3134.0,CHEMBL4822,Homo sapiens,Beta-secretase 1,9606,,,Ki,nM,UO_0000065,,3134.0
,,1475326,[],CHEMBL828263,Binding affinity towards Beta-secretase determined using continuum electrostatics solvation,B,,,BAO_0000192,BAO_0000357,single protein format,CC(C)C[C@H](NC(=O)[C@H](CS(C)(=O)=O)NC(=O)OC(C)(C)C)C(O)CC(C)C(=O)N[C@H](C(=O)NCc1ccccc1)C(C)C,,,CHEMBL1137231,J Med Chem,2004,"{'bei': '9.28', 'le': '0.18', 'lle': '3.65', 'sei': '3.30'}",,CHEMBL362324,,CHEMBL362324,5.95,0,http://www.openphacts.org/units/Nanomolar,381559,=,1,1,=,,Ki,nM,,1129.0,CHEMBL4822,Homo sapiens,Beta-secretase 1,9606,,,Ki,nM,UO_0000065,,1129.0
,,1475327,[],CHEMBL828263,Binding affinity towards Beta-secretase determined using continuum electrostatics solvation,B,,,BAO_0000192,BAO_0000357,single protein format,CC(C)C[C@H](NC(=O)C(NC(=O)[C@@H](NC(=O)OC(C)(C)C)C(C)C)C(N)=O)C(O)CC(C)C(=O)N[C@@H](C)C(=O)NCc1ccccc1,,,CHEMBL1137231,J Med Chem,2004,"{'bei': '10.88', 'le': '0.21', 'lle': '5.97', 'sei': '3.31'}",,CHEMBL275231,,CHEMBL275231,7.21,0,http://www.openphacts.org/units/Nanomolar,381769,=,1,1,=,,Ki,nM,,61.4,CHEMBL4822,Homo sapiens,Beta-secretase 1,9606,,,Ki,nM,UO_0000065,,61.4
,,1475328,[],CHEMBL828263,Binding affinity towards Beta-secretase determined using continuum electrostatics solvation,B,,,BAO_0000192,BAO_0000357,single protein format,CC(C)C[C@H](NC(=O)C(NC(=O)[C@@H](NC(=O)OC(C)(C)C)C(C)C)C(N)=O)C(O)CC(C)C(=O)N[C@H](C(=O)NCc1ccccc1)C(C)C,,,CHEMBL1137231,J Med Chem,2004,"{'bei': '11.91', 'le': '0.23', 'lle': '6.35', 'sei': '3.77'}",,CHEMBL189358,,CHEMBL189358,8.23,0,http://www.openphacts.org/units/Nanomolar,381613,=,1,1,=,,Ki,nM,,5.9,CHEMBL4822,Homo sapiens,Beta-secretase 1,9606,,,Ki,nM,UO_0000065,,5.9
,,1475329,[],CHEMBL828263,Binding affinity towards Beta-secretase determined using continuum electrostatics solvation,B,,,BAO_0000192,BAO_0000357,single protein format,CSCC(NC(=O)[C@@H](NC(=O)OC(C)(C)C)C(C)C)C(=O)N[C@@H](CC(C)C)C(O)CC(C)C(=O)N[C@H](C(=O)NCc1ccccc1)C(C)C,,,CHEMBL1137231,J Med Chem,2004,"{'bei': '10.31', 'le': '0.20', 'lle': '3.54', 'sei': '4.17'}",,CHEMBL364635,,CHEMBL364635,7.30,0,http://www.openphacts.org/units/Nanomolar,381634,=,1,1,=,,Ki,nM,,50.1,CHEMBL4822,Homo sapiens,Beta-secretase 1,9606,,,Ki,nM,UO_0000065,,50.1
,,1475330,[],CHEMBL828263,Binding affinity towards Beta-secretase determined using continuum electrostatics solvation,B,,,BAO_0000192,BAO_0000357,single protein format,CC(C)C[C@H](NC(=O)C(CS(C)(=O)=O)NC(=O)[C@@H](NC(=O)OC(C)(C)C)C(C)C)C(O)CC(C)C(=O)N[C@H](C(=O)NCc1ccccc1)C(C)C,,,CHEMBL1137231,J Med Chem,2004,"{'bei': '10.85', 'le': '0.21', 'lle': '5.59', 'sei': '3.84'}",,CHEMBL264004,,CHEMBL264004,8.03,0,http://www.openphacts.org/units/Nanomolar,381687,=,1,1,=,,Ki,nM,,9.4,CHEMBL4822,Homo sapiens,Beta-secretase 1,9606,,,Ki,nM,UO_0000065,,9.4
,,1475452,[],CHEMBL828263,Binding affinity towards Beta-secretase determined using continuum electrostatics solvation,B,,,BAO_0000192,BAO_0000357,single protein format,CSCCC(NC(=O)OC(C)(C)C)C(=O)N[C@@H](CC(C)C)C(O)CC(C)C(=O)N[C@H](C(=O)NCc1ccccc1)C(C)C,,,CHEMBL1137231,J Med Chem,2004,"{'bei': '11.61', 'le': '0.23', 'lle': '3.22', 'sei': '4.96'}",,CHEMBL361727,,CHEMBL361727,7.23,0,http://www.openphacts.org/units/Nanomolar,381716,=,1,1,=,,Ki,nM,,58.8,CHEMBL4822,Homo sapiens,Beta-secretase 1,9606,,,Ki,nM,UO_0000065,,58.8
,,1475453,[],CHEMBL828263,Binding affinity towards Beta-secretase determined using continuum electrostatics solvation,B,,,BAO_0000192,BAO_0000357,single protein format,CSCCC(NC(=O)[C@@H](NC(=O)OC(C)(C)C)C(C)C)C(=O)N[C@@H](CC(C)C)C(O)CC(C)C(=O)N[C@H](C(=O)NCc1ccccc1)C(C)C,,,CHEMBL1137231,J Med Chem,2004,"{'bei': '11.91', 'le': '0.23', 'lle': '4.45', 'sei': '4.92'}",,CHEMBL187614,,CHEMBL187614,8.60,0,http://www.openphacts.org/units/Nanomolar,381772,=,1,1,=,,Ki,nM,,2.5,CHEMBL4822,Homo sapiens,Beta-secretase 1,9606,,,Ki,nM,UO_0000065,,2.5
,,1475454,[],CHEMBL828263,Binding affinity towards Beta-secretase determined using continuum electrostatics solvation,B,,,BAO_0000192,BAO_0000357,single protein format,CC(C)C[C@H](NC(=O)C(CCS(C)(=O)=O)NC(=O)[C@@H](NC(=O)OC(C)(C)C)C(C)C)C(O)CC(C)C(=O)N[C@H](C(=O)NCc1ccccc1)C(C)C,,,CHEMBL1137231,J Med Chem,2004,"{'bei': '10.74', 'le': '0.21', 'lle': '5.27', 'sei': '3.87'}",,CHEMBL185777,,CHEMBL185777,8.10,0,http://www.openphacts.org/units/Nanomolar,381794,=,1,1,=,,Ki,nM,,8.0,CHEMBL4822,Homo sapiens,Beta-secretase 1,9606,,,Ki,nM,UO_0000065,,8.0
,,1475455,[],CHEMBL828263,Binding affinity towards Beta-secretase determined using continuum electrostatics solvation,B,,,BAO_0000192,BAO_0000357,single protein format,CSCCC(NC(=O)[C@@H](NC(=O)OC(C)(C)C)C(C)C)C(=O)N[C@@H](CC(C)C)C(O)CC(CC(C)C)C(=O)N[C@H](C(=O)NCc1ccccc1)C(C)C,,,CHEMBL1137231,J Med Chem,2004,"{'bei': '6.52', 'le': '0.13', 'lle': '-0.20', 'sei': '2.85'}",,CHEMBL365195,,CHEMBL365195,4.98,0,http://www.openphacts.org/units/Nanomolar,381820,=,1,1,=,,Ki,nM,,10491.0,CHEMBL4822,Homo sapiens,Beta-secretase 1,9606,,,Ki,nM,UO_0000065,,10491.0
,,1475456,[],CHEMBL828263,Binding affinity towards Beta-secretase determined using continuum electrostatics solvation,B,,,BAO_0000192,BAO_0000357,single protein format,CC(C)C[C@H](NC(=O)[C@H](CC(N)=O)NC(=O)[C@@H](NC(=O)[C@@H](N)CCC(=O)O)C(C)C)C(=O)C(O)CN[C@@H](C)C(=O)N[C@@H](C)C(=O)N[C@@H](CCC(=O)O)C(=O)N[C@@H](Cc1ccccc1)C(=O)O,,,CHEMBL1137231,J Med Chem,2004,"{'bei': '9.40', 'le': '0.18', 'lle': '12.02', 'sei': '2.17'}",,CHEMBL189141,,CHEMBL189141,8.80,0,http://www.openphacts.org/units/Nanomolar,381540,=,1,1,=,,Ki,nM,,1.6,CHEMBL4822,Homo sapiens,Beta-secretase 1,9606,,,Ki,nM,UO_0000065,,1.6
,,1475457,[],CHEMBL828263,Binding affinity towards Beta-secretase determined using continuum electrostatics solvation,B,,,BAO_0000192,BAO_0000357,single protein format,CC(C)C[C@H](NC(=O)[C@@H](N)CCC(=O)O)C(=O)N[C@@H](CC(=O)O)C(=O)N[C@@H](CC(C)C)C(=O)C(O)CN[C@@H](C)C(=O)N[C@H](C(=O)N[C@@H](CCC(=O)O)C(=O)N[C@@H](Cc1ccccc1)C(=O)O)C(C)C,,,CHEMBL1137231,J Med Chem,2004,"{'bei': '9.73', 'le': '0.19', 'lle': '11.11', 'sei': '2.39'}",,CHEMBL363255,,CHEMBL363255,9.52,0,http://www.openphacts.org/units/Nanomolar,381541,=,1,1,=,,Ki,nM,,0.3,CHEMBL4822,Homo sapiens,Beta-secretase 1,9606,,,Ki,nM,UO_0000065,,0.3
,,1491956,[],CHEMBL832770,Inhibitory concentration against human Membrane-associated aspartic protease 2,B,,,BAO_0000190,BAO_0000357,single protein format,CC(C)C[C@H](NC(=O)[C@H](CC(N)=O)NC(=O)[C@@H](NC(=O)[C@@H](N)CCC(=O)O)C(C)C)[C@@H](O)C[C@@H](C)C(=O)N[C@@H](C)C(=O)N[C@@H](CCC(=O)O)C(=O)N[C@@H](Cc1ccccc1)C(=O)O,,,CHEMBL1145163,J Med Chem,2005,"{'bei': '10.33', 'le': '0.20', 'lle': '10.96', 'sei': '2.45'}",,CHEMBL78946,,CHEMBL78946,9.22,0,http://www.openphacts.org/units/Nanomolar,386498,=,1,1,=,,IC50,nM,,0.6,CHEMBL4822,Homo sapiens,Beta-secretase 1,9606,,,IC50,uM,UO_0000065,,0.0006
,,1491958,[],CHEMBL832770,Inhibitory concentration against human Membrane-associated aspartic protease 2,B,,,BAO_0000190,BAO_0000357,single protein format,CC(C)C[C@H](NC(=O)[C@H](CC(N)=O)NC(=O)[C@@H](NC(=O)[C@@H](N)CCC(=O)O)C(C)C)[C@@H](O)C[C@@H](C)C(=O)N[C@@H](C)C(=O)O,,,CHEMBL1145163,J Med Chem,2005,"{'bei': '12.84', 'le': '0.25', 'lle': '9.73', 'sei': '2.83'}",,CHEMBL189901,,CHEMBL189901,7.92,0,http://www.openphacts.org/units/Nanomolar,386499,=,1,1,=,,IC50,nM,,12.0,CHEMBL4822,Homo sapiens,Beta-secretase 1,9606,,,IC50,uM,UO_0000065,,0.012
,,1491960,[],CHEMBL832770,Inhibitory concentration against human Membrane-associated aspartic protease 2,B,,,BAO_0000190,BAO_0000357,single protein format,CC(C)C[C@H](NC(=O)[C@H](CC(N)=O)NC(=O)[C@@H](NC(=O)[C@@H](N)CCC(=O)O)C(C)C)[C@@H](O)[C@@H]1CCC[C@H]1C(=O)N[C@@H](C)C(=O)N[C@@H](CCC(=O)O)C(=O)N[C@@H](Cc1ccccc1)C(=O)O,,,CHEMBL1145163,J Med Chem,2005,"{'bei': '8.48', 'le': '0.16', 'lle': '9.15', 'sei': '2.07'}",,CHEMBL434943,CARBOCYCLIC PEPTIDOMIMETIC,CHEMBL434943,7.80,0,http://www.openphacts.org/units/Nanomolar,386500,=,1,1,=,,IC50,nM,,16.0,CHEMBL4822,Homo sapiens,Beta-secretase 1,9606,,,IC50,uM,UO_0000065,,0.016
,,1491963,[],CHEMBL832770,Inhibitory concentration against human Membrane-associated aspartic protease 2,B,,,BAO_0000190,BAO_0000357,single protein format,CC(C)C[C@H](NC(=O)[C@H](CC(N)=O)NC(=O)[C@@H](NC(=O)[C@@H](N)CCC(=O)O)C(C)C)[C@@H](O)[C@@H]1CCC[C@H]1C(=O)N[C@@H](C)C(=O)N[C@@H](CCC(=O)O)C(=O)O,,,CHEMBL1145163,J Med Chem,2005,"{'bei': '9.58', 'le': '0.19', 'lle': '9.47', 'sei': '2.13'}",,CHEMBL363783,,CHEMBL363783,7.40,0,http://www.openphacts.org/units/Nanomolar,386519,=,1,1,=,,IC50,nM,,40.0,CHEMBL4822,Homo sapiens,Beta-secretase 1,9606,,,IC50,uM,UO_0000065,,0.04
,,1491965,[],CHEMBL832770,Inhibitory concentration against human Membrane-associated aspartic protease 2,B,,,BAO_0000190,BAO_0000357,single protein format,CC(C)C[C@H](NC(=O)[C@H](CC(N)=O)NC(=O)[C@@H](NC(=O)[C@@H](N)CCC(=O)O)C(C)C)[C@@H](O)[C@@H]1CCC[C@H]1C(=O)N[C@@H](C)C(=O)O,,,CHEMBL1145163,J Med Chem,2005,"{'bei': '11.53', 'le': '0.22', 'lle': '8.83', 'sei': '2.64'}",,CHEMBL191122,,CHEMBL191122,7.41,0,http://www.openphacts.org/units/Nanomolar,386520,=,1,1,=,,IC50,nM,,39.0,CHEMBL4822,Homo sapiens,Beta-secretase 1,9606,,,IC50,uM,UO_0000065,,0.039
,,1491967,[],CHEMBL832770,Inhibitory concentration against human Membrane-associated aspartic protease 2,B,,,BAO_0000190,BAO_0000357,single protein format,CSCC[C@H](NC(=O)[C@H](CC(C)C)NC(C)=O)C(=O)N[C@@H](CC(C)C)[C@@H](O)[C@@H]1CCC[C@H]1C(=O)N[C@H](C(=O)O)C(C)C,,,CHEMBL1145163,J Med Chem,2005,"{'bei': '10.93', 'le': '0.22', 'lle': '4.41', 'sei': '3.86'}",,CHEMBL364446,,CHEMBL364446,6.72,0,http://www.openphacts.org/units/Nanomolar,386521,=,1,1,=,,IC50,nM,,190.0,CHEMBL4822,Homo sapiens,Beta-secretase 1,9606,,,IC50,uM,UO_0000065,,0.19
,,1491969,[],CHEMBL832770,Inhibitory concentration against human Membrane-associated aspartic protease 2,B,,,BAO_0000190,BAO_0000357,single protein format,CCCCNC(=O)[C@H](C)NC(=O)[C@@H]1CCC[C@H]1[C@H](O)[C@H](CC(C)C)NC(=O)[C@H](CCSC)NC(=O)[C@H](CC(C)C)NC(C)=O,,,CHEMBL1145163,J Med Chem,2005,"{'bei': '10.49', 'le': '0.21', 'lle': '4.23', 'sei': '4.06'}",,CHEMBL192836,,CHEMBL192836,6.73,0,http://www.openphacts.org/units/Nanomolar,386179,=,1,1,=,,IC50,nM,,185.0,CHEMBL4822,Homo sapiens,Beta-secretase 1,9606,,,IC50,uM,UO_0000065,,0.185
,,1491972,[],CHEMBL832770,Inhibitory concentration against human Membrane-associated aspartic protease 2,B,,,BAO_0000190,BAO_0000357,single protein format,CCCCNC(=O)[C@@H](NC(=O)[C@@H]1CCC[C@H]1[C@H](O)[C@H](CC(C)C)NC(=O)[C@H](CCSC)NC(=O)[C@H](CC(C)C)NC(C)=O)C(C)C,,,CHEMBL1145163,J Med Chem,2005,"{'bei': '11.35', 'le': '0.23', 'lle': '4.46', 'sei': '4.59'}",,CHEMBL191344,,CHEMBL191344,7.60,0,http://www.openphacts.org/units/Nanomolar,386180,=,1,1,=,,IC50,nM,,25.0,CHEMBL4822,Homo sapiens,Beta-secretase 1,9606,,,IC50,uM,UO_0000065,,0.025
,,1491975,[],CHEMBL832770,Inhibitory concentration against human Membrane-associated aspartic protease 2,B,,,BAO_0000190,BAO_0000357,single protein format,CCCCNC(=O)[C@@H]1CCC[C@H]1[C@H](O)[C@H](CC(C)C)NC(=O)[C@H](CCSC)NC(=O)[C@H](CC(C)C)NC(C)=O,,,CHEMBL1145163,J Med Chem,2005,"{'bei': '10.06', 'le': '0.20', 'lle': '2.74', 'sei': '4.20'}",,CHEMBL190058,,CHEMBL190058,5.74,0,http://www.openphacts.org/units/Nanomolar,386181,=,1,1,=,,IC50,nM,,1820.0,CHEMBL4822,Homo sapiens,Beta-secretase 1,9606,,,IC50,uM,UO_0000065,,1.82
,,1491977,[],CHEMBL832770,Inhibitory concentration against human Membrane-associated aspartic protease 2,B,,,BAO_0000190,BAO_0000357,single protein format,CCCCNC(=O)[C@@H](NC(=O)[C@@H]1CC(=O)C[C@H]1[C@H](O)[C@H](CC(C)C)NC(=O)[C@H](CCSC)NC(=O)[C@H](CC(C)C)NC(C)=O)C(C)C,,,CHEMBL1145163,J Med Chem,2005,"{'bei': '11.70', 'le': '0.23', 'lle': '5.68', 'sei': '4.38'}",,CHEMBL191129,,CHEMBL191129,8.00,0,http://www.openphacts.org/units/Nanomolar,386182,=,1,1,=,,IC50,nM,,10.0,CHEMBL4822,Homo sapiens,Beta-secretase 1,9606,,,IC50,uM,UO_0000065,,0.01
,,1492082,[],CHEMBL832770,Inhibitory concentration against human Membrane-associated aspartic protease 2,B,,,BAO_0000190,BAO_0000357,single protein format,CCCCNC(=O)[C@@H](NC(=O)[C@@H]1CN(C)C[C@H]1[C@H](O)[C@H](CC(C)C)NC(=O)[C@H](CCSC)NC(=O)[C@H](CC(C)C)NC(C)=O)C(C)C,,,CHEMBL1145163,J Med Chem,2005,"{'bei': '7.98', 'le': '0.16', 'lle': '3.56', 'sei': '3.23'}",,CHEMBL439671,,CHEMBL439671,5.46,0,http://www.openphacts.org/units/Nanomolar,386183,=,1,1,=,,IC50,nM,,3440.0,CHEMBL4822,Homo sapiens,Beta-secretase 1,9606,,,IC50,uM,UO_0000065,,3.44
,,1492084,[],CHEMBL832770,Inhibitory concentration against human Membrane-associated aspartic protease 2,B,,,BAO_0000190,BAO_0000357,single protein format,CCCCNC(=O)[C@@H](NC(=O)[C@@H]1C(=O)N(CC)C[C@H]1[C@H](O)[C@H](CC(C)C)NC(=O)[C@H](CCSC)NC(=O)[C@H](CC(C)C)NC(C)=O)C(C)C,,,CHEMBL1145163,J Med Chem,2005,"{'bei': '7.68', 'le': '0.15', 'lle': '3.65', 'sei': '2.94'}",,CHEMBL191100,,CHEMBL191100,5.47,0,http://www.openphacts.org/units/Nanomolar,386208,=,1,1,=,,IC50,nM,,3350.0,CHEMBL4822,Homo sapiens,Beta-secretase 1,9606,,,IC50,uM,UO_0000065,,3.35
,,1492086,[],CHEMBL832770,Inhibitory concentration against human Membrane-associated aspartic protease 2,B,,,BAO_0000190,BAO_0000357,single protein format,CCCCNC(=O)[C@@H](NC(=O)[C@H]1[C@H]([C@H](O)[C@H](CC(C)C)NC(=O)[C@H](CCSC)NC(=O)[C@H](CC(C)C)NC(C)=O)CC(=O)N1C)C(C)C,,,CHEMBL1145163,J Med Chem,2005,,,CHEMBL436104,,CHEMBL436104,,0,http://www.openphacts.org/units/Nanomolar,386209,<,1,1,<,,IC50,nM,,10.0,CHEMBL4822,Homo sapiens,Beta-secretase 1,9606,,,IC50,uM,UO_0000065,,0.01
,,1492088,[],CHEMBL832040,Inhibitory activity against human beta-site APP-cleaving enzyme 1 at 0.01 uM,B,,,BAO_0000201,BAO_0000357,single protein format,CCCCNC(=O)[C@@H](NC(=O)[C@H]1[C@H]([C@H](O)[C@H](CC(C)C)NC(=O)[C@H](CCSC)NC(=O)[C@H](CC(C)C)NC(C)=O)CC(=O)N1C)C(C)C,,,CHEMBL1145163,J Med Chem,2005,,,CHEMBL436104,,CHEMBL436104,,0,http://qudt.org/vocab/unit#Percent,386209,=,1,1,=,,Inhibition,%,,79.0,CHEMBL4822,Homo sapiens,Beta-secretase 1,9606,,,Inhibition,%,UO_0000187,,79.0
,,1492089,[],CHEMBL832770,Inhibitory concentration against human Membrane-associated aspartic protease 2,B,,,BAO_0000190,BAO_0000357,single protein format,CCCCNC(=O)[C@@H](NC(=O)[C@@H]1OCC[C@H]1[C@H](O)[C@H](CC(C)C)NC(=O)[C@H](CCSC)NC(=O)[C@H](CC(C)C)NC(C)=O)C(C)C,,,CHEMBL1145163,J Med Chem,2005,"{'bei': '7.47', 'le': '0.15', 'lle': '2.89', 'sei': '2.87'}",,CHEMBL364664,,CHEMBL364664,5.02,0,http://www.openphacts.org/units/Nanomolar,386210,=,1,1,=,,IC50,nM,,9560.0,CHEMBL4822,Homo sapiens,Beta-secretase 1,9606,,,IC50,uM,UO_0000065,,9.56
,,1492091,[],CHEMBL832770,Inhibitory concentration against human Membrane-associated aspartic protease 2,B,,,BAO_0000190,BAO_0000357,single protein format,CSCC[C@H](NC(=O)[C@H](CC(C)C)NC(C)=O)C(=O)N[C@@H](CC(C)C)[C@@H](O)[C@@H]1CCC[C@H]1C(=O)N[C@@H](C)C(=O)O,,,CHEMBL1145163,J Med Chem,2005,"{'bei': '12.31', 'le': '0.25', 'lle': '5.55', 'sei': '4.15'}",,CHEMBL190010,,CHEMBL190010,7.22,0,http://www.openphacts.org/units/Nanomolar,386211,=,1,1,=,,IC50,nM,,60.0,CHEMBL4822,Homo sapiens,Beta-secretase 1,9606,,,IC50,uM,UO_0000065,,0.06
,,1492093,[],CHEMBL832770,Inhibitory concentration against human Membrane-associated aspartic protease 2,B,,,BAO_0000190,BAO_0000357,single protein format,CSCC[C@H](NC(=O)[C@H](CC(C)C)NC(C)=O)C(=O)N[C@@H](CC(C)C)[C@@H](O)[C@@H]1CC(=O)C[C@H]1C(=O)N[C@@H](C)C(=O)O,,,CHEMBL1145163,J Med Chem,2005,"{'bei': '10.22', 'le': '0.20', 'lle': '5.29', 'sei': '3.22'}",,CHEMBL187765,,CHEMBL187765,6.14,0,http://www.openphacts.org/units/Nanomolar,386212,=,1,1,=,,IC50,nM,,720.0,CHEMBL4822,Homo sapiens,Beta-secretase 1,9606,,,IC50,uM,UO_0000065,,0.72
,,1492100,[],CHEMBL832770,Inhibitory concentration against human Membrane-associated aspartic protease 2,B,,,BAO_0000190,BAO_0000357,single protein format,C=C1C[C@@H]([C@H](O)[C@H](CC(C)C)NC(=O)[C@H](CCSC)NC(=O)[C@H](CC(C)C)NC(C)=O)[C@H](C(=O)N[C@@H](C)C(=O)O)C1,,,CHEMBL1145163,J Med Chem,2005,,,CHEMBL191123,,CHEMBL191123,,0,http://www.openphacts.org/units/Nanomolar,386236,>,1,1,>,,IC50,nM,,10000.0,CHEMBL4822,Homo sapiens,Beta-secretase 1,9606,,,IC50,uM,UO_0000065,,10.0
,,1492783,[],CHEMBL830893,Inhibitory concentration against beta-site APP cleaving enzyme (BACE-1) by fluorescence resonance energy transfer assay,B,,,BAO_0000190,BAO_0000357,single protein format,CN(C)c1ccc(NC(=O)Nc2cc(C(F)(F)F)cc(C(F)(F)F)c2)cc1C(=O)NCCCN1CCOCC1,,,CHEMBL1144345,J Med Chem,2005,"{'bei': '12.89', 'le': '0.25', 'lle': '2.35', 'sei': '8.42'}",,CHEMBL370043,,CHEMBL370043,7.24,0,http://www.openphacts.org/units/Nanomolar,385904,=,1,1,=,,IC50,nM,,57.8,CHEMBL4822,Homo sapiens,Beta-secretase 1,9606,,,IC50,nM,UO_0000065,,57.8
,,1492787,[],CHEMBL838759,Predicted binding affinity for beta secretase by linear interaction energy continuum electrostatics,B,,,BAO_0000192,BAO_0000357,single protein format,CN(C)c1ccc(NC(=O)Nc2cc(C(F)(F)F)cc(C(F)(F)F)c2)cc1C(=O)NCCCN1CCOCC1,,,CHEMBL1144345,J Med Chem,2005,"{'bei': '9.07', 'le': '0.18', 'lle': '0.20', 'sei': '5.92'}",,CHEMBL370043,,CHEMBL370043,5.09,0,http://www.openphacts.org/units/Nanomolar,385904,=,1,1,=,,Ki,nM,,8100.0,CHEMBL4822,Homo sapiens,Beta-secretase 1,9606,,,Ki,uM,UO_0000065,,8.1
,,1492788,[],CHEMBL830893,Inhibitory concentration against beta-site APP cleaving enzyme (BACE-1) by fluorescence resonance energy transfer assay,B,,,BAO_0000190,BAO_0000357,single protein format,CCSc1nsc(NC(=O)Nc2cccc(C(C)=O)c2)n1,,,CHEMBL1144345,J Med Chem,2005,,,CHEMBL190346,,CHEMBL190346,,0,http://www.openphacts.org/units/Nanomolar,385785,>,1,1,>,,IC50,nM,,25.0,CHEMBL4822,Homo sapiens,Beta-secretase 1,9606,,,IC50,nM,UO_0000065,,25.0
,,1492792,[],CHEMBL838759,Predicted binding affinity for beta secretase by linear interaction energy continuum electrostatics,B,,,BAO_0000192,BAO_0000357,single protein format,CCSc1nsc(NC(=O)Nc2cccc(C(C)=O)c2)n1,,,CHEMBL1144345,J Med Chem,2005,"{'bei': '14.08', 'le': '0.30', 'lle': '1.04', 'sei': '5.41'}",,CHEMBL190346,,CHEMBL190346,4.54,0,http://www.openphacts.org/units/Nanomolar,385785,=,1,1,=,,Ki,nM,,28800.0,CHEMBL4822,Homo sapiens,Beta-secretase 1,9606,,,Ki,uM,UO_0000065,,28.8
,,1492793,[],CHEMBL830893,Inhibitory concentration against beta-site APP cleaving enzyme (BACE-1) by fluorescence resonance energy transfer assay,B,,,BAO_0000190,BAO_0000357,single protein format,CCOCCCNC(=O)c1cc(NC(=O)Nc2cccc(Cl)c2)ccc1N(C)C,,,CHEMBL1144345,J Med Chem,2005,"{'bei': '16.74', 'le': '0.33', 'lle': '2.80', 'sei': '8.48'}",,CHEMBL190644,,CHEMBL190644,7.01,0,http://www.openphacts.org/units/Nanomolar,385811,=,1,1,=,,IC50,nM,,97.0,CHEMBL4822,Homo sapiens,Beta-secretase 1,9606,,,IC50,nM,UO_0000065,,97.0
,,1492797,[],CHEMBL838759,Predicted binding affinity for beta secretase by linear interaction energy continuum electrostatics,B,,,BAO_0000192,BAO_0000357,single protein format,CCOCCCNC(=O)c1cc(NC(=O)Nc2cccc(Cl)c2)ccc1N(C)C,,,CHEMBL1144345,J Med Chem,2005,"{'bei': '11.96', 'le': '0.24', 'lle': '0.80', 'sei': '6.06'}",,CHEMBL190644,,CHEMBL190644,5.01,0,http://www.openphacts.org/units/Nanomolar,385811,=,1,1,=,,Ki,nM,,9800.0,CHEMBL4822,Homo sapiens,Beta-secretase 1,9606,,,Ki,uM,UO_0000065,,9.8
,,1492904,[],CHEMBL830893,Inhibitory concentration against beta-site APP cleaving enzyme (BACE-1) by fluorescence resonance energy transfer assay,B,,,BAO_0000190,BAO_0000357,single protein format,COCCCNC(=O)c1cc(NC(=O)Nc2cc(C(F)(F)F)cc(C(F)(F)F)c2)ccc1N(C)C,Outside typical range,"Values for this activity type are unusually large/small, so may not be accurate",CHEMBL1144345,J Med Chem,2005,,,CHEMBL363539,,CHEMBL363539,,0,http://www.openphacts.org/units/Nanomolar,385863,=,1,1,=,,IC50,nM,,283900.0,CHEMBL4822,Homo sapiens,Beta-secretase 1,9606,,,IC50,uM,UO_0000065,,283.9
,,1492908,[],CHEMBL838759,Predicted binding affinity for beta secretase by linear interaction energy continuum electrostatics,B,,,BAO_0000192,BAO_0000357,single protein format,COCCCNC(=O)c1cc(NC(=O)Nc2cc(C(F)(F)F)cc(C(F)(F)F)c2)ccc1N(C)C,,,CHEMBL1144345,J Med Chem,2005,"{'bei': '9.93', 'le': '0.20', 'lle': '-0.17', 'sei': '6.08'}",,CHEMBL363539,,CHEMBL363539,5.03,0,http://www.openphacts.org/units/Nanomolar,385863,=,1,1,=,,Ki,nM,,9400.0,CHEMBL4822,Homo sapiens,Beta-secretase 1,9606,,,Ki,uM,UO_0000065,,9.4
,,1617521,[],CHEMBL884573,Binding affinity for beta-secretase,B,,,BAO_0000192,BAO_0000357,single protein format,CC(C)C[C@H](NC(=O)[C@H](CS(C)(=O)=O)NC(=O)OC(C)(C)C)[C@@H](O)C[C@@H](C)C(=O)N[C@H](C(=O)NCc1ccccc1)C(C)C,,,CHEMBL1141123,J Med Chem,2005,"{'bei': '9.28', 'le': '0.18', 'lle': '3.65', 'sei': '3.30'}",,CHEMBL273916,,CHEMBL273916,5.95,1,http://www.openphacts.org/units/Nanomolar,405219,=,1,1,=,,Ki,nM,,1129.0,CHEMBL4822,Homo sapiens,Beta-secretase 1,9606,,,Ki,nM,UO_0000065,,1129.0
,,1664396,[],CHEMBL859891,Inhibition of recombinant human BACE1 in FRET assay,B,,,BAO_0000190,BAO_0000357,single protein format,CC(C)[C@H](NC(=O)OC(C)(C)C)C(=O)N[C@@H](C)C(=O)N[C@@H](Cc1ccccc1)[C@@H](O)C[C@@H](C)C(=O)N[C@H](C(=O)NCc1ccncc1)C(C)C,,,CHEMBL1148555,Bioorg Med Chem Lett,2006,"{'bei': '10.17', 'le': '0.19', 'lle': '4.08', 'sei': '3.77'}",,CHEMBL81671,,CHEMBL81671,7.09,1,http://www.openphacts.org/units/Nanomolar,416439,=,1,1,=,,IC50,nM,,82.0,CHEMBL4822,Homo sapiens,Beta-secretase 1,9606,,,IC50,uM,UO_0000065,,0.082
,,1664397,[],CHEMBL859891,Inhibition of recombinant human BACE1 in FRET assay,B,,,BAO_0000190,BAO_0000357,single protein format,CC[C@H](C)[C@H](NC(=O)OC(C)(C)C)C(=O)N1CCCCC[C@@H]([C@@H](O)C[C@@H](C)C(=O)N[C@H](C(=O)NCc2ccncc2)C(C)C)NC(=O)[C@@H]1C,,,CHEMBL1148555,Bioorg Med Chem Lett,2006,"{'bei': '10.43', 'le': '0.20', 'lle': '3.75', 'sei': '4.01'}",,CHEMBL370955,,CHEMBL370955,7.19,0,http://www.openphacts.org/units/Nanomolar,416445,=,1,1,=,,IC50,nM,,65.0,CHEMBL4822,Homo sapiens,Beta-secretase 1,9606,,,IC50,uM,UO_0000065,,0.065
,,1664398,[],CHEMBL859891,Inhibition of recombinant human BACE1 in FRET assay,B,,,BAO_0000190,BAO_0000357,single protein format,CC(C)[C@H](NC(=O)[C@H](C)C[C@H](O)[C@@H]1CCCCCN(C(=O)[C@@H](NC(=O)OC(C)(C)C)C(C)C)[C@@H](C)C(=O)N1)C(=O)NCc1ccncc1,,,CHEMBL1148555,Bioorg Med Chem Lett,2006,"{'bei': '9.76', 'le': '0.19', 'lle': '3.54', 'sei': '3.68'}",,CHEMBL200617,,CHEMBL200617,6.58,0,http://www.openphacts.org/units/Nanomolar,416444,=,1,1,=,,IC50,nM,,260.0,CHEMBL4822,Homo sapiens,Beta-secretase 1,9606,,,IC50,uM,UO_0000065,,0.26
,,1664399,[],CHEMBL859891,Inhibition of recombinant human BACE1 in FRET assay,B,,,BAO_0000190,BAO_0000357,single protein format,CC(C)[C@H](NC(=O)[C@H](C)C[C@H](O)[C@@H]1CCCCCC[C@H](N)C(=O)N[C@@H](C)C(=O)N1)C(=O)NCc1ccccc1,,,CHEMBL1148555,Bioorg Med Chem Lett,2006,"{'bei': '10.30', 'le': '0.20', 'lle': '4.12', 'sei': '3.46'}",,CHEMBL200510,,CHEMBL200510,5.62,0,http://www.openphacts.org/units/Nanomolar,416443,=,1,1,=,,IC50,nM,,2397.0,CHEMBL4822,Homo sapiens,Beta-secretase 1,9606,,,IC50,uM,UO_0000065,,2.397
,,1664400,[],CHEMBL859891,Inhibition of recombinant human BACE1 in FRET assay,B,,,BAO_0000190,BAO_0000357,single protein format,CC(C)[C@H](NC(=O)[C@H](C)C[C@H](O)[C@@H]1CCCCCC[C@H](NC(=O)OC(C)(C)C)C(=O)N[C@@H](C)C(=O)N1)C(=O)NCc1ccncc1,,,CHEMBL1148555,Bioorg Med Chem Lett,2006,"{'bei': '8.21', 'le': '0.16', 'lle': '2.85', 'sei': '2.83'}",,CHEMBL370185,,CHEMBL370185,5.31,0,http://www.openphacts.org/units/Nanomolar,416442,=,1,1,=,,IC50,nM,,4925.0,CHEMBL4822,Homo sapiens,Beta-secretase 1,9606,,,IC50,uM,UO_0000065,,4.925
,,1664401,[],CHEMBL859891,Inhibition of recombinant human BACE1 in FRET assay,B,,,BAO_0000190,BAO_0000357,single protein format,CC(C)[C@H](NC(=O)[C@H](C)C[C@H](O)[C@@H]1CCCCCC[C@H](NC(=O)OC(C)(C)C)C(=O)N[C@@H](C)C(=O)N1)C(=O)NCc1ccccc1,,,CHEMBL1148555,Bioorg Med Chem Lett,2006,"{'bei': '10.13', 'le': '0.19', 'lle': '3.48', 'sei': '3.74'}",,CHEMBL200195,,CHEMBL200195,6.54,0,http://www.openphacts.org/units/Nanomolar,416441,=,1,1,=,,IC50,nM,,285.0,CHEMBL4822,Homo sapiens,Beta-secretase 1,9606,,,IC50,uM,UO_0000065,,0.285
,,1664402,[],CHEMBL859891,Inhibition of recombinant human BACE1 in FRET assay,B,,,BAO_0000190,BAO_0000357,single protein format,CC(C)[C@H](NC(=O)CC[C@H](O)[C@@H]1CCCCCC[C@H](NC(=O)OC(C)(C)C)C(=O)N[C@@H](C)C(=O)N1)C(=O)NCc1ccccc1,,,CHEMBL1148555,Bioorg Med Chem Lett,2006,"{'bei': '7.93', 'le': '0.15', 'lle': '2.19', 'sei': '2.87'}",,CHEMBL373255,,CHEMBL373255,5.01,0,http://www.openphacts.org/units/Nanomolar,416440,=,1,1,=,,IC50,nM,,9704.0,CHEMBL4822,Homo sapiens,Beta-secretase 1,9606,,,IC50,uM,UO_0000065,,9.704
,,1674233,[],CHEMBL853557,Inhibition of human BACE1 expressed in Hi5 cells,B,,,BAO_0000192,BAO_0000219,cell-based format,CCCN(CCC)C(=O)c1cccc(C(=O)N[C@@H](CC(C)C)[C@@H](O)C[C@@H](C)C(=O)N[C@H](C(=O)NCc2ccccc2)C(C)C)c1,,,CHEMBL1148624,J Med Chem,2006,"{'bei': '11.48', 'le': '0.22', 'lle': '2.21', 'sei': '5.59'}",,CHEMBL200116,,CHEMBL200116,7.15,0,http://www.openphacts.org/units/Nanomolar,419975,=,1,1,=,,Ki,nM,,71.0,CHEMBL4822,Homo sapiens,Beta-secretase 1,9606,,,Ki app,uM,UO_0000065,,0.071
,,1674236,[],CHEMBL853557,Inhibition of human BACE1 expressed in Hi5 cells,B,,,BAO_0000192,BAO_0000219,cell-based format,CCCN(CCC)C(=O)c1cccc(C(=O)N[C@@H](Cc2ccccc2)[C@@H](N)C[C@@H](C)C(=O)Nc2ccc(F)cc2)c1,,,CHEMBL1148624,J Med Chem,2006,"{'bei': '13.53', 'le': '0.25', 'lle': '2.17', 'sei': '7.26'}",,CHEMBL200077,,CHEMBL200077,7.58,0,http://www.openphacts.org/units/Nanomolar,419981,=,1,1,=,,Ki,nM,,26.0,CHEMBL4822,Homo sapiens,Beta-secretase 1,9606,,,Ki app,uM,UO_0000065,,0.026
,,1674237,[],CHEMBL853557,Inhibition of human BACE1 expressed in Hi5 cells,B,,,BAO_0000192,BAO_0000219,cell-based format,CCCN(CCC)C(=O)c1cccc(C(=O)N[C@@H](Cc2ccccc2)[C@@H](N)C[C@@H](C)C(=O)N[C@H](C(=O)NCc2ccccc2)C(C)C)c1,,,CHEMBL1148624,J Med Chem,2006,"{'bei': '11.41', 'le': '0.21', 'lle': '2.38', 'sei': '5.60'}",,CHEMBL199946,,CHEMBL199946,7.48,0,http://www.openphacts.org/units/Nanomolar,419980,=,1,1,=,,Ki,nM,,33.0,CHEMBL4822,Homo sapiens,Beta-secretase 1,9606,,,Ki app,uM,UO_0000065,,0.033
,,1674238,[],CHEMBL853557,Inhibition of human BACE1 expressed in Hi5 cells,B,,,BAO_0000192,BAO_0000219,cell-based format,CCCN(CCC)C(=O)c1cccc(C(=O)N[C@@H](CC(C)C)[C@@H](N)C[C@@H](C)C(=O)Nc2ccc(F)cc2)c1,,,CHEMBL1148624,J Med Chem,2006,"{'bei': '10.49', 'le': '0.20', 'lle': '0.30', 'sei': '5.28'}",,CHEMBL202877,,CHEMBL202877,5.52,0,http://www.openphacts.org/units/Nanomolar,419979,=,1,1,=,,Ki,nM,,3000.0,CHEMBL4822,Homo sapiens,Beta-secretase 1,9606,,,Ki app,uM,UO_0000065,,3.0
,,1674239,[],CHEMBL853557,Inhibition of human BACE1 expressed in Hi5 cells,B,,,BAO_0000192,BAO_0000219,cell-based format,CCCN(CCC)C(=O)c1cccc(C(=O)N[C@@H](CC(C)C)[C@@H](O)C[C@@H](C)C(=O)Nc2ccc(F)cc2)c1,,,CHEMBL1148624,J Med Chem,2006,"{'bei': '11.15', 'le': '0.21', 'lle': '0.63', 'sei': '5.96'}",,CHEMBL425031,,CHEMBL425031,5.89,0,http://www.openphacts.org/units/Nanomolar,419978,=,1,1,=,,Ki,nM,,1300.0,CHEMBL4822,Homo sapiens,Beta-secretase 1,9606,,,Ki app,uM,UO_0000065,,1.3
,,1674240,[],CHEMBL853557,Inhibition of human BACE1 expressed in Hi5 cells,B,,,BAO_0000192,BAO_0000219,cell-based format,CCCN(CCC)C(=O)c1cccc(C(=O)N[C@@H](CC(C)C)[C@H](N)C[C@@H](C)C(=O)N[C@H](C(=O)NCc2ccccc2)C(C)C)c1,,,CHEMBL1148624,J Med Chem,2006,"{'bei': '7.95', 'le': '0.15', 'lle': '0.05', 'sei': '3.70'}",,CHEMBL200014,,CHEMBL200014,4.95,0,http://www.openphacts.org/units/Nanomolar,419977,=,1,1,=,,Ki,nM,,11300.0,CHEMBL4822,Homo sapiens,Beta-secretase 1,9606,,,Ki app,uM,UO_0000065,,11.3
,,1674241,[],CHEMBL853557,Inhibition of human BACE1 expressed in Hi5 cells,B,,,BAO_0000192,BAO_0000219,cell-based format,CCCN(CCC)C(=O)c1cccc(C(=O)N[C@@H](CC(C)C)[C@@H](N)C[C@@H](C)C(=O)N[C@H](C(=O)NCc2ccccc2)C(C)C)c1,,,CHEMBL1148624,J Med Chem,2006,"{'bei': '11.13', 'le': '0.21', 'lle': '2.02', 'sei': '5.18'}",,CHEMBL202507,,CHEMBL202507,6.92,0,http://www.openphacts.org/units/Nanomolar,419976,=,1,1,=,,Ki,nM,,120.0,CHEMBL4822,Homo sapiens,Beta-secretase 1,9606,,,Ki app,uM,UO_0000065,,0.12
,,1676874,[],CHEMBL861920,Inhibition of BACE1 activity,B,,,BAO_0000190,BAO_0000357,single protein format,CC(C)C(=O)c1cc(C(=O)N[C@@H](Cc2ccccc2)[C@H](O)CNC2CC2)cc(N(C)S(C)(=O)=O)c1,,,CHEMBL1148630,Bioorg Med Chem Lett,2006,"{'bei': '13.20', 'le': '0.26', 'lle': '4.24', 'sei': '5.72'}",,CHEMBL370369,,CHEMBL370369,6.62,0,http://www.openphacts.org/units/Nanomolar,420610,=,1,1,=,,IC50,nM,,240.0,CHEMBL4822,Homo sapiens,Beta-secretase 1,9606,,,IC50,nM,UO_0000065,,240.0
,,1676882,[],CHEMBL861920,Inhibition of BACE1 activity,B,,,BAO_0000190,BAO_0000357,single protein format,CN(c1cc(/C=C/C2CC2)cc(C(=O)N[C@@H](Cc2ccccc2)[C@H](O)CNC2CC2)c1)S(C)(=O)=O,,,CHEMBL1148630,Bioorg Med Chem Lett,2006,"{'bei': '12.33', 'le': '0.24', 'lle': '3.18', 'sei': '6.21'}",,CHEMBL370801,,CHEMBL370801,6.14,0,http://www.openphacts.org/units/Nanomolar,420612,=,1,1,=,,IC50,nM,,730.0,CHEMBL4822,Homo sapiens,Beta-secretase 1,9606,,,IC50,nM,UO_0000065,,730.0
,,1676883,[],CHEMBL861920,Inhibition of BACE1 activity,B,,,BAO_0000190,BAO_0000357,single protein format,CN(c1cc(C(=O)N[C@@H](Cc2ccccc2)[C@H](O)CNC2CC2)cc(C(=O)C2CCCC2)c1)S(C)(=O)=O,,,CHEMBL1148630,Bioorg Med Chem Lett,2006,"{'bei': '12.78', 'le': '0.25', 'lle': '3.83', 'sei': '5.82'}",,CHEMBL383772,,CHEMBL383772,6.75,0,http://www.openphacts.org/units/Nanomolar,420611,=,1,1,=,,IC50,nM,,180.0,CHEMBL4822,Homo sapiens,Beta-secretase 1,9606,,,IC50,nM,UO_0000065,,180.0
,,1676894,[],CHEMBL861920,Inhibition of BACE1 activity,B,,,BAO_0000190,BAO_0000357,single protein format,CN(c1cc(/C=C\C2CC2)cc(C(=O)N[C@@H](Cc2ccccc2)[C@H](O)CNC2CC2)c1)S(C)(=O)=O,,,CHEMBL1148630,Bioorg Med Chem Lett,2006,"{'bei': '14.98', 'le': '0.29', 'lle': '4.50', 'sei': '7.55'}",,CHEMBL201730,,CHEMBL201730,7.46,0,http://www.openphacts.org/units/Nanomolar,420613,=,1,1,=,,IC50,nM,,35.0,CHEMBL4822,Homo sapiens,Beta-secretase 1,9606,,,IC50,nM,UO_0000065,,35.0
,,1676914,[],CHEMBL861920,Inhibition of BACE1 activity,B,,,BAO_0000190,BAO_0000357,single protein format,CNC(=O)c1cc(C(=O)N[C@@H](Cc2ccccc2)[C@H](O)CNC2CC2)cc(N(C)S(C)(=O)=O)c1,,,CHEMBL1148630,Bioorg Med Chem Lett,2006,"{'bei': '12.30', 'le': '0.24', 'lle': '5.11', 'sei': '4.70'}",,CHEMBL201961,,CHEMBL201961,6.01,0,http://www.openphacts.org/units/Nanomolar,420601,=,1,1,=,,IC50,nM,,980.0,CHEMBL4822,Homo sapiens,Beta-secretase 1,9606,,,IC50,nM,UO_0000065,,980.0
,,1676915,[],CHEMBL861920,Inhibition of BACE1 activity,B,,,BAO_0000190,BAO_0000357,single protein format,CN(c1cc(CCC2CC2)cc(C(=O)N[C@@H](Cc2ccccc2)[C@H](O)CNC2CC2)c1)S(C)(=O)=O,,,CHEMBL1148630,Bioorg Med Chem Lett,2006,"{'bei': '12.76', 'le': '0.25', 'lle': '3.50', 'sei': '6.46'}",,CHEMBL201155,,CHEMBL201155,6.38,0,http://www.openphacts.org/units/Nanomolar,420614,=,1,1,=,,IC50,nM,,420.0,CHEMBL4822,Homo sapiens,Beta-secretase 1,9606,,,IC50,nM,UO_0000065,,420.0
,,1677368,[],CHEMBL861920,Inhibition of BACE1 activity,B,,,BAO_0000190,BAO_0000357,single protein format,CN(c1cc(C(=O)N[C@@H](Cc2ccccc2)[C@H](O)CNC2CC2)cc(C(=O)C2CCCCC2)c1)S(C)(=O)=O,,,CHEMBL1148630,Bioorg Med Chem Lett,2006,"{'bei': '11.72', 'le': '0.23', 'lle': '3.05', 'sei': '5.48'}",,CHEMBL202057,,CHEMBL202057,6.35,0,http://www.openphacts.org/units/Nanomolar,420609,=,1,1,=,,IC50,nM,,450.0,CHEMBL4822,Homo sapiens,Beta-secretase 1,9606,,,IC50,nM,UO_0000065,,450.0
,,1677369,[],CHEMBL861920,Inhibition of BACE1 activity,B,,,BAO_0000190,BAO_0000357,single protein format,CN(c1cc(Cc2ccccc2)cc(C(=O)N[C@@H](Cc2ccccc2)[C@H](O)CNC2CC2)c1)S(C)(=O)=O,,,CHEMBL1148630,Bioorg Med Chem Lett,2006,"{'bei': '10.23', 'le': '0.20', 'lle': '2.20', 'sei': '5.40'}",,CHEMBL201940,,CHEMBL201940,5.33,0,http://www.openphacts.org/units/Nanomolar,420608,=,1,1,=,,IC50,nM,,4630.0,CHEMBL4822,Homo sapiens,Beta-secretase 1,9606,,,IC50,nM,UO_0000065,,4630.0
,,1677370,[],CHEMBL861920,Inhibition of BACE1 activity,B,,,BAO_0000190,BAO_0000357,single protein format,C=C(c1ccccc1)c1cc(C(=O)N[C@@H](Cc2ccccc2)[C@H](O)CNC2CC2)cc(N(C)S(C)(=O)=O)c1,,,CHEMBL1148630,Bioorg Med Chem Lett,2006,"{'bei': '11.03', 'le': '0.21', 'lle': '2.29', 'sei': '5.96'}",,CHEMBL201049,,CHEMBL201049,5.89,0,http://www.openphacts.org/units/Nanomolar,420607,=,1,1,=,,IC50,nM,,1300.0,CHEMBL4822,Homo sapiens,Beta-secretase 1,9606,,,IC50,nM,UO_0000065,,1300.0
,,1677371,[],CHEMBL861920,Inhibition of BACE1 activity,B,,,BAO_0000190,BAO_0000357,single protein format,CN(c1cc(C(=O)N[C@@H](Cc2ccccc2)[C@H](O)CNC2CC2)cc(C(O)c2ccccc2)c1)S(C)(=O)=O,,,CHEMBL1148630,Bioorg Med Chem Lett,2006,"{'bei': '9.73', 'le': '0.19', 'lle': '2.61', 'sei': '4.40'}",,CHEMBL201802,,CHEMBL201802,5.23,0,http://www.openphacts.org/units/Nanomolar,420606,=,1,1,=,,IC50,nM,,5900.0,CHEMBL4822,Homo sapiens,Beta-secretase 1,9606,,,IC50,nM,UO_0000065,,5900.0
,,1677372,[],CHEMBL861920,Inhibition of BACE1 activity,B,,,BAO_0000190,BAO_0000357,single protein format,CN(c1cc(C(=O)N[C@@H](Cc2ccccc2)[C@H](O)CNC2CC2)cc(C(=O)c2ccccc2)c1)S(C)(=O)=O,,,CHEMBL1148630,Bioorg Med Chem Lett,2006,"{'bei': '13.08', 'le': '0.25', 'lle': '4.24', 'sei': '6.05'}",,CHEMBL202602,,CHEMBL202602,7.01,0,http://www.openphacts.org/units/Nanomolar,420605,=,1,1,=,,IC50,nM,,98.0,CHEMBL4822,Homo sapiens,Beta-secretase 1,9606,,,IC50,nM,UO_0000065,,98.0
,,1677373,[],CHEMBL861920,Inhibition of BACE1 activity,B,,,BAO_0000190,BAO_0000357,single protein format,CN(c1cc(C(=O)N[C@@H](Cc2ccccc2)[C@H](O)CNC2CC2)cc(C(O)Cc2ccccc2)c1)S(C)(=O)=O,,,CHEMBL1148630,Bioorg Med Chem Lett,2006,"{'bei': '9.53', 'le': '0.18', 'lle': '2.45', 'sei': '4.42'}",,CHEMBL202015,,CHEMBL202015,5.26,0,http://www.openphacts.org/units/Nanomolar,420604,=,1,1,=,,IC50,nM,,5500.0,CHEMBL4822,Homo sapiens,Beta-secretase 1,9606,,,IC50,nM,UO_0000065,,5500.0
,,1677374,[],CHEMBL861920,Inhibition of BACE1 activity,B,,,BAO_0000190,BAO_0000357,single protein format,CN(c1cc(C(=O)Cc2ccccc2)cc(C(=O)N[C@@H](Cc2ccccc2)[C@H](O)CNC2CC2)c1)S(C)(=O)=O,,,CHEMBL1148630,Bioorg Med Chem Lett,2006,"{'bei': '10.65', 'le': '0.20', 'lle': '2.89', 'sei': '5.05'}",,CHEMBL202549,,CHEMBL202549,5.85,0,http://www.openphacts.org/units/Nanomolar,420603,=,1,1,=,,IC50,nM,,1400.0,CHEMBL4822,Homo sapiens,Beta-secretase 1,9606,,,IC50,nM,UO_0000065,,1400.0
,,1677375,[],CHEMBL861920,Inhibition of BACE1 activity,B,,,BAO_0000190,BAO_0000357,single protein format,CCC(=O)c1cc(C(=O)N[C@@H](Cc2ccccc2)[C@H](O)CNC2CC2)cc(N(C)S(C)(=O)=O)c1,,,CHEMBL1148630,Bioorg Med Chem Lett,2006,"{'bei': '11.94', 'le': '0.23', 'lle': '3.69', 'sei': '5.03'}",,CHEMBL382233,,CHEMBL382233,5.82,0,http://www.openphacts.org/units/Nanomolar,420602,=,1,1,=,,IC50,nM,,1500.0,CHEMBL4822,Homo sapiens,Beta-secretase 1,9606,,,IC50,nM,UO_0000065,,1500.0
,,1704757,[],CHEMBL863816,Inhibition of BACE1 activity by FRET assay,B,,,BAO_0000190,BAO_0000357,single protein format,CC(C)(C)OC(=O)N1CCN(c2ccc(Br)cc2NC(=O)c2cccc3ccccc23)CC1,,,CHEMBL1146938,Bioorg Med Chem Lett,2006,"{'bei': '11.30', 'le': '0.24', 'lle': '-0.14', 'sei': '9.32'}",,CHEMBL381618,,CHEMBL381618,5.77,0,http://www.openphacts.org/units/Nanomolar,456103,=,1,1,=,,IC50,nM,,1700.0,CHEMBL4822,Homo sapiens,Beta-secretase 1,9606,,,IC50,uM,UO_0000065,,1.7
,,1704758,[],CHEMBL863816,Inhibition of BACE1 activity by FRET assay,B,,,BAO_0000190,BAO_0000357,single protein format,O=C(Nc1cc(Br)ccc1N1CCNCC1)c1ccc2ccccc2n1.O=C(O)C(F)(F)F,,,CHEMBL1146938,Bioorg Med Chem Lett,2006,"{'bei': '13.27', 'le': '0.29', 'lle': '1.80', 'sei': '9.53'}",,CHEMBL377745,,CHEMBL1184908,5.46,0,http://www.openphacts.org/units/Nanomolar,456119,=,1,1,=,,IC50,nM,,3500.0,CHEMBL4822,Homo sapiens,Beta-secretase 1,9606,,,IC50,uM,UO_0000065,,3.5
,,1704759,[],CHEMBL863816,Inhibition of BACE1 activity by FRET assay,B,,,BAO_0000190,BAO_0000357,single protein format,CC(C)(C)OC(=O)N1CCN(c2ccc(Br)cc2NC(=O)c2ccc3ccccc3n2)CC1,,,CHEMBL1146938,Bioorg Med Chem Lett,2006,"{'bei': '11.28', 'le': '0.24', 'lle': '0.46', 'sei': '7.72'}",,CHEMBL206651,,CHEMBL206651,5.77,0,http://www.openphacts.org/units/Nanomolar,456118,=,1,1,=,,IC50,nM,,1700.0,CHEMBL4822,Homo sapiens,Beta-secretase 1,9606,,,IC50,uM,UO_0000065,,1.7
,,1704760,[],CHEMBL863816,Inhibition of BACE1 activity by FRET assay,B,,,BAO_0000190,BAO_0000357,single protein format,O=C(Nc1cc(Br)ccc1N1CCN(S(=O)(=O)c2cccs2)CC1)c1cc(=O)c2ccccc2o1,,,CHEMBL1146938,Bioorg Med Chem Lett,2006,"{'bei': '9.72', 'le': '0.22', 'lle': '1.21', 'sei': '5.59'}",,CHEMBL206097,,CHEMBL206097,5.58,0,http://www.openphacts.org/units/Nanomolar,456117,=,1,1,=,,IC50,nM,,2600.0,CHEMBL4822,Homo sapiens,Beta-secretase 1,9606,,,IC50,uM,UO_0000065,,2.6
,,1704761,[],CHEMBL863816,Inhibition of BACE1 activity by FRET assay,B,,,BAO_0000190,BAO_0000357,single protein format,O=C(Nc1cc(Br)ccc1N1CCNCC1)c1cc(=O)c2ccccc2o1.O=C(O)C(F)(F)F,,,CHEMBL1146938,Bioorg Med Chem Lett,2006,"{'bei': '13.53', 'le': '0.29', 'lle': '2.58', 'sei': '7.77'}",,CHEMBL381272,,CHEMBL1184972,5.80,0,http://www.openphacts.org/units/Nanomolar,456116,=,1,1,=,,IC50,nM,,1600.0,CHEMBL4822,Homo sapiens,Beta-secretase 1,9606,,,IC50,uM,UO_0000065,,1.6
,,1704762,[],CHEMBL863816,Inhibition of BACE1 activity by FRET assay,B,,,BAO_0000190,BAO_0000357,single protein format,CC(C)(C)OC(=O)N1CCN(c2ccc(Br)cc2NC(=O)c2cc(=O)c3ccccc3o2)CC1,,,CHEMBL1146938,Bioorg Med Chem Lett,2006,"{'bei': '10.83', 'le': '0.23', 'lle': '0.86', 'sei': '6.21'}",,CHEMBL206665,,CHEMBL206665,5.72,0,http://www.openphacts.org/units/Nanomolar,456115,=,1,1,=,,IC50,nM,,1900.0,CHEMBL4822,Homo sapiens,Beta-secretase 1,9606,,,IC50,uM,UO_0000065,,1.9
,,1704763,[],CHEMBL863816,Inhibition of BACE1 activity by FRET assay,B,,,BAO_0000190,BAO_0000357,single protein format,COc1ccc2c(CC(=O)Nc3cc(Br)ccc3N3CCN(S(=O)(=O)c4cccs4)CC3)cc(=O)oc2c1,,,CHEMBL1146938,Bioorg Med Chem Lett,2006,"{'bei': '9.61', 'le': '0.21', 'lle': '1.63', 'sei': '5.45'}",,CHEMBL205637,,CHEMBL205637,5.95,0,http://www.openphacts.org/units/Nanomolar,456114,=,1,1,=,,IC50,nM,,1130.0,CHEMBL4822,Homo sapiens,Beta-secretase 1,9606,,,IC50,uM,UO_0000065,,1.13
,,1704764,[],CHEMBL863816,Inhibition of BACE1 activity by FRET assay,B,,,BAO_0000190,BAO_0000357,single protein format,COc1ccc2c(CC(=O)Nc3cc(Br)ccc3N3CCNCC3)cc(=O)oc2c1.O=C(O)C(F)(F)F,,,CHEMBL1146938,Bioorg Med Chem Lett,2006,"{'bei': '12.21', 'le': '0.26', 'lle': '2.62', 'sei': '6.88'}",,CHEMBL205241,,CHEMBL1182003,5.77,0,http://www.openphacts.org/units/Nanomolar,456113,=,1,1,=,,IC50,nM,,1700.0,CHEMBL4822,Homo sapiens,Beta-secretase 1,9606,,,IC50,uM,UO_0000065,,1.7
,,1704765,[],CHEMBL863816,Inhibition of BACE1 activity by FRET assay,B,,,BAO_0000190,BAO_0000357,single protein format,COc1ccc2c(CC(=O)Nc3cc(Br)ccc3N3CCN(C(=O)OC(C)(C)C)CC3)cc(=O)oc2c1,,,CHEMBL1146938,Bioorg Med Chem Lett,2006,"{'bei': '12.28', 'le': '0.26', 'lle': '2.23', 'sei': '6.94'}",,CHEMBL205309,,CHEMBL205309,7.03,0,http://www.openphacts.org/units/Nanomolar,456112,=,1,1,=,,IC50,nM,,93.0,CHEMBL4822,Homo sapiens,Beta-secretase 1,9606,,,IC50,uM,UO_0000065,,0.093
,,1704766,[],CHEMBL863816,Inhibition of BACE1 activity by FRET assay,B,,,BAO_0000190,BAO_0000357,single protein format,COc1cccc2cc(C(=O)Nc3cc(Br)ccc3N3CCNCC3)c(=O)oc12.O=C(O)C(F)(F)F,,,CHEMBL1146938,Bioorg Med Chem Lett,2006,"{'bei': '11.57', 'le': '0.25', 'lle': '2.07', 'sei': '6.33'}",,CHEMBL206557,,CHEMBL1165583,5.30,1,http://www.openphacts.org/units/Nanomolar,456111,=,1,1,=,,IC50,nM,,5000.0,CHEMBL4822,Homo sapiens,Beta-secretase 1,9606,,,IC50,uM,UO_0000065,,5.0
,,1704767,[],CHEMBL863816,Inhibition of BACE1 activity by FRET assay,B,,,BAO_0000190,BAO_0000357,single protein format,COc1cccc2cc(C(=O)Nc3cc(Br)ccc3N3CCN(Cc4ccccc4)CC3)c(=O)oc12,,,CHEMBL1146938,Bioorg Med Chem Lett,2006,"{'bei': '9.59', 'le': '0.20', 'lle': '0.12', 'sei': '7.01'}",,CHEMBL381617,,CHEMBL381617,5.26,0,http://www.openphacts.org/units/Nanomolar,456110,=,1,1,=,,IC50,nM,,5500.0,CHEMBL4822,Homo sapiens,Beta-secretase 1,9606,,,IC50,uM,UO_0000065,,5.5
,,1704768,[],CHEMBL863816,Inhibition of BACE1 activity by FRET assay,B,,,BAO_0000190,BAO_0000357,single protein format,COc1cccc2cc(C(=O)Nc3cc(Br)ccc3N3CCN(C(=O)OC(C)(C)C)CC3)c(=O)oc12,,,CHEMBL1146938,Bioorg Med Chem Lett,2006,"{'bei': '10.06', 'le': '0.21', 'lle': '0.75', 'sei': '5.55'}",,CHEMBL206854,,CHEMBL206854,5.62,0,http://www.openphacts.org/units/Nanomolar,456109,=,1,1,=,,IC50,nM,,2400.0,CHEMBL4822,Homo sapiens,Beta-secretase 1,9606,,,IC50,uM,UO_0000065,,2.4
,,1704769,[],CHEMBL863816,Inhibition of BACE1 activity by FRET assay,B,,,BAO_0000190,BAO_0000357,single protein format,O=C(Nc1cc(Br)ccc1N1CCNCC1)c1cc2ccccc2oc1=O.O=C(O)C(F)(F)F,,,CHEMBL1146938,Bioorg Med Chem Lett,2006,"{'bei': '14.42', 'le': '0.31', 'lle': '2.95', 'sei': '8.28'}",,CHEMBL381919,,CHEMBL1165089,6.17,1,http://www.openphacts.org/units/Nanomolar,456108,=,1,1,=,,IC50,nM,,670.0,CHEMBL4822,Homo sapiens,Beta-secretase 1,9606,,,IC50,uM,UO_0000065,,0.67
,,1704770,[],CHEMBL863816,Inhibition of BACE1 activity by FRET assay,B,,,BAO_0000190,BAO_0000357,single protein format,O=C(Nc1cc(Br)ccc1N1CCN(Cc2ccccc2)CC1)c1cc2ccccc2oc1=O,,,CHEMBL1146938,Bioorg Med Chem Lett,2006,"{'bei': '11.80', 'le': '0.25', 'lle': '0.99', 'sei': '9.30'}",,CHEMBL206442,,CHEMBL206442,6.12,1,http://www.openphacts.org/units/Nanomolar,456107,=,1,1,=,,IC50,nM,,760.0,CHEMBL4822,Homo sapiens,Beta-secretase 1,9606,,,IC50,uM,UO_0000065,,0.76
,,1704771,[],CHEMBL863816,Inhibition of BACE1 activity by FRET assay,B,,,BAO_0000190,BAO_0000357,single protein format,CC(C)(C)OC(=O)N1CCN(c2ccc(Br)cc2NC(=O)c2cc3ccccc3oc2=O)CC1,,,CHEMBL1146938,Bioorg Med Chem Lett,2006,"{'bei': '11.36', 'le': '0.24', 'lle': '1.14', 'sei': '6.52'}",,CHEMBL207083,,CHEMBL207083,6.00,1,http://www.openphacts.org/units/Nanomolar,456106,=,1,1,=,,IC50,nM,,1000.0,CHEMBL4822,Homo sapiens,Beta-secretase 1,9606,,,IC50,uM,UO_0000065,,1.0
,,1704772,[],CHEMBL863816,Inhibition of BACE1 activity by FRET assay,B,,,BAO_0000190,BAO_0000357,single protein format,O=C(Nc1cc(Br)ccc1N1CCNCC1)c1cccc2ccccc12.O=C(O)C(F)(F)F,,,CHEMBL1146938,Bioorg Med Chem Lett,2006,"{'bei': '14.62', 'le': '0.32', 'lle': '1.74', 'sei': '13.52'}",,CHEMBL203120,,CHEMBL378032,6.00,0,http://www.openphacts.org/units/Nanomolar,456105,=,1,1,=,,IC50,nM,,1000.0,CHEMBL4822,Homo sapiens,Beta-secretase 1,9606,,,IC50,uM,UO_0000065,,1.0
,,1704773,[],CHEMBL863816,Inhibition of BACE1 activity by FRET assay,B,,,BAO_0000190,BAO_0000357,single protein format,O=C(Nc1cc(Br)ccc1N1CCN(Cc2ccccc2)CC1)c1cccc2ccccc12,,,CHEMBL1146938,Bioorg Med Chem Lett,2006,"{'bei': '10.56', 'le': '0.22', 'lle': '-0.90', 'sei': '14.85'}",,CHEMBL380521,,CHEMBL380521,5.28,0,http://www.openphacts.org/units/Nanomolar,456104,=,1,1,=,,IC50,nM,,5200.0,CHEMBL4822,Homo sapiens,Beta-secretase 1,9606,,,IC50,uM,UO_0000065,,5.2
,,1711282,[],CHEMBL868970,Inhibition of BACE1 at 2 uM,B,,,BAO_0000201,BAO_0000357,single protein format,CC(C)C[C@H](NC(=O)[C@@H](NC(=O)[C@@H](N)CCC(=O)O)C(C)C)C(=O)N[C@@H](Cc1ccccc1)[C@@H](O)C(=O)Nc1cccc(C(N)=O)c1,,,CHEMBL1147649,Bioorg Med Chem Lett,2006,,,CHEMBL208220,,CHEMBL208220,,0,http://qudt.org/vocab/unit#Percent,468438,=,1,1,=,,Inhibition,%,,62.1,CHEMBL4822,Homo sapiens,Beta-secretase 1,9606,,,Inhibition,%,UO_0000187,,62.1
,,1711283,[],CHEMBL868970,Inhibition of BACE1 at 2 uM,B,,,BAO_0000201,BAO_0000357,single protein format,CC(C)C[C@H](NC(=O)[C@@H](NC(=O)[C@@H](N)CCC(=O)O)C(C)C)C(=O)N[C@@H](Cc1ccccc1)[C@@H](O)C(=O)Nc1cccc(-c2nn[nH]n2)c1,,,CHEMBL1147649,Bioorg Med Chem Lett,2006,,,CHEMBL381595,,CHEMBL381595,,0,http://qudt.org/vocab/unit#Percent,468440,=,1,1,=,,Inhibition,%,,92.2,CHEMBL4822,Homo sapiens,Beta-secretase 1,9606,,,Inhibition,%,UO_0000187,,92.2
,,1711284,[],CHEMBL868970,Inhibition of BACE1 at 2 uM,B,,,BAO_0000201,BAO_0000357,single protein format,CC(C)C[C@H](NC(=O)[C@@H](NC(=O)[C@@H](N)CCC(=O)O)C(C)C)C(=O)N[C@@H](Cc1ccccc1)[C@@H](O)C(=O)Nc1cccc(C(=N)N)c1,,,CHEMBL1147649,Bioorg Med Chem Lett,2006,,,CHEMBL380173,,CHEMBL380173,,0,http://qudt.org/vocab/unit#Percent,468439,=,1,1,=,,Inhibition,%,,29.2,CHEMBL4822,Homo sapiens,Beta-secretase 1,9606,,,Inhibition,%,UO_0000187,,29.2
,,1711285,[],CHEMBL867799,Inhibition of BACE1 at 0.2 uM,B,,,BAO_0000201,BAO_0000357,single protein format,CC(C)C[C@H](NC(=O)[C@@H](NC(=O)[C@@H](N)CCC(=O)O)C(C)C)C(=O)N[C@@H](Cc1ccccc1)[C@@H](O)C(=O)Nc1cccc(-c2nn[nH]n2)c1,,,CHEMBL1147649,Bioorg Med Chem Lett,2006,,,CHEMBL381595,,CHEMBL381595,,0,http://qudt.org/vocab/unit#Percent,468440,=,1,1,=,,Inhibition,%,,73.7,CHEMBL4822,Homo sapiens,Beta-secretase 1,9606,,,Inhibition,%,UO_0000187,,73.7
,,1711286,[],CHEMBL868970,Inhibition of BACE1 at 2 uM,B,,,BAO_0000201,BAO_0000357,single protein format,CC(C)C[C@H](NC(=O)[C@@H](NC(=O)[C@@H](N)CCC(=O)O)C(C)C)C(=O)N[C@@H](Cc1ccccc1)[C@@H](O)C(=O)Nc1cc(-c2nn[nH]n2)cc(-c2nn[nH]n2)c1,,,CHEMBL1147649,Bioorg Med Chem Lett,2006,,,CHEMBL205217,,CHEMBL205217,,0,http://qudt.org/vocab/unit#Percent,468441,=,1,1,=,,Inhibition,%,,99.7,CHEMBL4822,Homo sapiens,Beta-secretase 1,9606,,,Inhibition,%,UO_0000187,,99.7
,,1711287,[],CHEMBL867799,Inhibition of BACE1 at 0.2 uM,B,,,BAO_0000201,BAO_0000357,single protein format,CC(C)C[C@H](NC(=O)[C@@H](NC(=O)[C@@H](N)CCC(=O)O)C(C)C)C(=O)N[C@@H](Cc1ccccc1)[C@@H](O)C(=O)Nc1cc(C(=O)O)cc(C(=O)O)c1,,,CHEMBL1147649,Bioorg Med Chem Lett,2006,,,CHEMBL288919,,CHEMBL288919,,0,http://qudt.org/vocab/unit#Percent,468448,=,1,1,=,,Inhibition,%,,84.3,CHEMBL4822,Homo sapiens,Beta-secretase 1,9606,,,Inhibition,%,UO_0000187,,84.3
,,1711288,[],CHEMBL867799,Inhibition of BACE1 at 0.2 uM,B,,,BAO_0000201,BAO_0000357,single protein format,CC(C)C[C@H](NC(=O)[C@@H](NC(=O)[C@@H](N)CCC(=O)O)C(C)C)C(=O)N[C@@H](Cc1ccccc1)[C@@H](O)C(=O)Nc1cccc(C(=O)O)c1,,,CHEMBL1147649,Bioorg Med Chem Lett,2006,,,CHEMBL289221,,CHEMBL289221,,0,http://qudt.org/vocab/unit#Percent,468447,=,1,1,=,,Inhibition,%,,44.4,CHEMBL4822,Homo sapiens,Beta-secretase 1,9606,,,Inhibition,%,UO_0000187,,44.4
,,1711289,[],CHEMBL867799,Inhibition of BACE1 at 0.2 uM,B,,,BAO_0000201,BAO_0000357,single protein format,CC(C)C[C@H](NC(=O)[C@@H](NC(=O)[C@@H](N)CCC(=O)O)C(C)C)C(=O)N[C@@H](Cc1ccccc1)[C@@H](O)C(=O)Nc1cccc(-c2n[nH]c(=S)o2)c1,,,CHEMBL1147649,Bioorg Med Chem Lett,2006,,,CHEMBL206874,,CHEMBL206874,,0,http://qudt.org/vocab/unit#Percent,468445,=,1,1,=,,Inhibition,%,,72.3,CHEMBL4822,Homo sapiens,Beta-secretase 1,9606,,,Inhibition,%,UO_0000187,,72.3
,,1711290,[],CHEMBL867799,Inhibition of BACE1 at 0.2 uM,B,,,BAO_0000201,BAO_0000357,single protein format,CC(C)C[C@H](NC(=O)[C@@H](NC(=O)[C@@H](N)CCC(=O)O)C(C)C)C(=O)N[C@@H](Cc1ccccc1)[C@@H](O)C(=O)Nc1cccc(-c2noc(=S)[nH]2)c1,,,CHEMBL1147649,Bioorg Med Chem Lett,2006,,,CHEMBL206771,,CHEMBL206771,,0,http://qudt.org/vocab/unit#Percent,468444,=,1,1,=,,Inhibition,%,,68.4,CHEMBL4822,Homo sapiens,Beta-secretase 1,9606,,,Inhibition,%,UO_0000187,,68.4
,,1711291,[],CHEMBL867799,Inhibition of BACE1 at 0.2 uM,B,,,BAO_0000201,BAO_0000357,single protein format,CC(C)C[C@H](NC(=O)[C@@H](NC(=O)[C@@H](N)CCC(=O)O)C(C)C)C(=O)N[C@@H](Cc1ccccc1)[C@@H](O)C(=O)Nc1cccc(-c2nsc(=O)[nH]2)c1,,,CHEMBL1147649,Bioorg Med Chem Lett,2006,,,CHEMBL205228,,CHEMBL205228,,0,http://qudt.org/vocab/unit#Percent,468443,=,1,1,=,,Inhibition,%,,63.2,CHEMBL4822,Homo sapiens,Beta-secretase 1,9606,,,Inhibition,%,UO_0000187,,63.2
,,1711292,[],CHEMBL867799,Inhibition of BACE1 at 0.2 uM,B,,,BAO_0000201,BAO_0000357,single protein format,CC(C)C[C@H](NC(=O)[C@@H](NC(=O)[C@@H](N)CCC(=O)O)C(C)C)C(=O)N[C@@H](Cc1ccccc1)[C@@H](O)C(=O)Nc1cccc(-c2noc(=O)[nH]2)c1,,,CHEMBL1147649,Bioorg Med Chem Lett,2006,,,CHEMBL380420,,CHEMBL380420,,0,http://qudt.org/vocab/unit#Percent,468442,=,1,1,=,,Inhibition,%,,66.3,CHEMBL4822,Homo sapiens,Beta-secretase 1,9606,,,Inhibition,%,UO_0000187,,66.3
,,1711293,[],CHEMBL867799,Inhibition of BACE1 at 0.2 uM,B,,,BAO_0000201,BAO_0000357,single protein format,CC(C)C[C@H](NC(=O)[C@@H](NC(=O)[C@@H](N)CCC(=O)O)C(C)C)C(=O)N[C@@H](Cc1ccccc1)[C@@H](O)C(=O)Nc1cc(-c2nn[nH]n2)cc(-c2nn[nH]n2)c1,,,CHEMBL1147649,Bioorg Med Chem Lett,2006,,,CHEMBL205217,,CHEMBL205217,,0,http://qudt.org/vocab/unit#Percent,468441,=,1,1,=,,Inhibition,%,,94.0,CHEMBL4822,Homo sapiens,Beta-secretase 1,9606,,,Inhibition,%,UO_0000187,,94.0
,,1711294,[],CHEMBL868970,Inhibition of BACE1 at 2 uM,B,,,BAO_0000201,BAO_0000357,single protein format,CC(C)C[C@H](NC(=O)[C@@H](NC(=O)[C@@H](N)CCC(=O)O)C(C)C)C(=O)N[C@@H](Cc1ccccc1)[C@@H](O)C(=O)Nc1cc(C(=O)O)cc(C(=O)O)c1,,,CHEMBL1147649,Bioorg Med Chem Lett,2006,,,CHEMBL288919,,CHEMBL288919,,0,http://qudt.org/vocab/unit#Percent,468448,=,1,1,=,,Inhibition,%,,98.3,CHEMBL4822,Homo sapiens,Beta-secretase 1,9606,,,Inhibition,%,UO_0000187,,98.3
,,1711295,[],CHEMBL868970,Inhibition of BACE1 at 2 uM,B,,,BAO_0000201,BAO_0000357,single protein format,CC(C)C[C@H](NC(=O)[C@@H](NC(=O)[C@@H](N)CCC(=O)O)C(C)C)C(=O)N[C@@H](Cc1ccccc1)[C@@H](O)C(=O)Nc1cccc(C(=O)O)c1,,,CHEMBL1147649,Bioorg Med Chem Lett,2006,,,CHEMBL289221,,CHEMBL289221,,1,http://qudt.org/vocab/unit#Percent,468447,=,1,1,=,,Inhibition,%,,83.7,CHEMBL4822,Homo sapiens,Beta-secretase 1,9606,,,Inhibition,%,UO_0000187,,83.7
,,1711296,[],CHEMBL868970,Inhibition of BACE1 at 2 uM,B,,,BAO_0000201,BAO_0000357,single protein format,CC(C)C[C@H](NC(=O)[C@@H](NC(=O)[C@@H](N)CCC(=O)O)C(C)C)C(=O)N[C@@H](Cc1ccccc1)[C@@H](O)C(=O)Nc1cccc(-c2n[nH]c(=S)n2C)c1,,,CHEMBL1147649,Bioorg Med Chem Lett,2006,,,CHEMBL206640,,CHEMBL206640,,0,http://qudt.org/vocab/unit#Percent,468446,=,1,1,=,,Inhibition,%,,74.2,CHEMBL4822,Homo sapiens,Beta-secretase 1,9606,,,Inhibition,%,UO_0000187,,74.2
,,1711297,[],CHEMBL868970,Inhibition of BACE1 at 2 uM,B,,,BAO_0000201,BAO_0000357,single protein format,CC(C)C[C@H](NC(=O)[C@@H](NC(=O)[C@@H](N)CCC(=O)O)C(C)C)C(=O)N[C@@H](Cc1ccccc1)[C@@H](O)C(=O)Nc1cccc(-c2n[nH]c(=S)o2)c1,,,CHEMBL1147649,Bioorg Med Chem Lett,2006,,,CHEMBL206874,,CHEMBL206874,,0,http://qudt.org/vocab/unit#Percent,468445,=,1,1,=,,Inhibition,%,,92.0,CHEMBL4822,Homo sapiens,Beta-secretase 1,9606,,,Inhibition,%,UO_0000187,,92.0
,,1711298,[],CHEMBL868970,Inhibition of BACE1 at 2 uM,B,,,BAO_0000201,BAO_0000357,single protein format,CC(C)C[C@H](NC(=O)[C@@H](NC(=O)[C@@H](N)CCC(=O)O)C(C)C)C(=O)N[C@@H](Cc1ccccc1)[C@@H](O)C(=O)Nc1cccc(-c2noc(=S)[nH]2)c1,,,CHEMBL1147649,Bioorg Med Chem Lett,2006,,,CHEMBL206771,,CHEMBL206771,,0,http://qudt.org/vocab/unit#Percent,468444,=,1,1,=,,Inhibition,%,,94.5,CHEMBL4822,Homo sapiens,Beta-secretase 1,9606,,,Inhibition,%,UO_0000187,,94.5
,,1711299,[],CHEMBL868970,Inhibition of BACE1 at 2 uM,B,,,BAO_0000201,BAO_0000357,single protein format,CC(C)C[C@H](NC(=O)[C@@H](NC(=O)[C@@H](N)CCC(=O)O)C(C)C)C(=O)N[C@@H](Cc1ccccc1)[C@@H](O)C(=O)Nc1cccc(-c2nsc(=O)[nH]2)c1,,,CHEMBL1147649,Bioorg Med Chem Lett,2006,,,CHEMBL205228,,CHEMBL205228,,0,http://qudt.org/vocab/unit#Percent,468443,=,1,1,=,,Inhibition,%,,91.9,CHEMBL4822,Homo sapiens,Beta-secretase 1,9606,,,Inhibition,%,UO_0000187,,91.9
,,1711300,[],CHEMBL868970,Inhibition of BACE1 at 2 uM,B,,,BAO_0000201,BAO_0000357,single protein format,CC(C)C[C@H](NC(=O)[C@@H](NC(=O)[C@@H](N)CCC(=O)O)C(C)C)C(=O)N[C@@H](Cc1ccccc1)[C@@H](O)C(=O)Nc1cccc(-c2noc(=O)[nH]2)c1,,,CHEMBL1147649,Bioorg Med Chem Lett,2006,,,CHEMBL380420,,CHEMBL380420,,0,http://qudt.org/vocab/unit#Percent,468442,=,1,1,=,,Inhibition,%,,94.4,CHEMBL4822,Homo sapiens,Beta-secretase 1,9606,,,Inhibition,%,UO_0000187,,94.4
,,1711301,[],CHEMBL867800,Inhibition of BACE1,B,,,BAO_0000190,BAO_0000357,single protein format,CC(C)C[C@H](NC(=O)[C@@H](NC(=O)[C@@H](N)CCC(=O)O)C(C)C)C(=O)N[C@@H](Cc1ccccc1)[C@@H](O)C(=O)Nc1cc(-c2nn[nH]n2)cc(-c2nn[nH]n2)c1,,,CHEMBL1147649,Bioorg Med Chem Lett,2006,"{'bei': '10.96', 'le': '0.21', 'lle': '8.25', 'sei': '2.65'}",,CHEMBL205217,,CHEMBL205217,8.19,0,http://www.openphacts.org/units/Nanomolar,468441,=,1,1,=,,IC50,nM,,6.4,CHEMBL4822,Homo sapiens,Beta-secretase 1,9606,,,IC50,nM,UO_0000065,,6.4
,,1711302,[],CHEMBL867800,Inhibition of BACE1,B,,,BAO_0000190,BAO_0000357,single protein format,CC(C)C[C@H](NC(=O)[C@@H](NC(=O)[C@@H](N)CCC(=O)O)C(C)C)C(=O)N[C@@H](Cc1ccccc1)[C@@H](O)C(=O)Nc1cc(C(=O)O)cc(C(=O)O)c1,,,CHEMBL1147649,Bioorg Med Chem Lett,2006,"{'bei': '10.37', 'le': '0.20', 'lle': '6.29', 'sei': '2.64'}",,CHEMBL288919,,CHEMBL288919,7.26,1,http://www.openphacts.org/units/Nanomolar,468448,=,1,1,=,,IC50,nM,,55.0,CHEMBL4822,Homo sapiens,Beta-secretase 1,9606,,,IC50,nM,UO_0000065,,55.0
,,1711303,[],CHEMBL867799,Inhibition of BACE1 at 0.2 uM,B,,,BAO_0000201,BAO_0000357,single protein format,CC(C)C[C@H](NC(=O)[C@@H](NC(=O)[C@@H](N)CNC(=O)c1nn[nH]n1)C(C)C)C(=O)N[C@@H](Cc1ccccc1)[C@@H](O)C(=O)Nc1cc(C(=O)O)cc(C(=O)O)c1,,,CHEMBL1147649,Bioorg Med Chem Lett,2006,,,CHEMBL183546,,CHEMBL183546,,1,http://qudt.org/vocab/unit#Percent,468455,=,1,1,=,,Inhibition,%,,98.1,CHEMBL4822,Homo sapiens,Beta-secretase 1,9606,,,Inhibition,%,UO_0000187,,98.1
,,1711304,[],CHEMBL867799,Inhibition of BACE1 at 0.2 uM,B,,,BAO_0000201,BAO_0000357,single protein format,CC(C)C[C@H](NC(=O)[C@@H](NC(=O)[C@@H](N)CNC(=O)c1nn[nH]n1)C(C)C)C(=O)N[C@@H](Cc1ccccc1)[C@@H](O)C(=O)Nc1cccc(C(=O)O)c1,,,CHEMBL1147649,Bioorg Med Chem Lett,2006,,,CHEMBL183494,,CHEMBL183494,,1,http://qudt.org/vocab/unit#Percent,468454,=,1,1,=,,Inhibition,%,,87.1,CHEMBL4822,Homo sapiens,Beta-secretase 1,9606,,,Inhibition,%,UO_0000187,,87.1
,,1711305,[],CHEMBL867799,Inhibition of BACE1 at 0.2 uM,B,,,BAO_0000201,BAO_0000357,single protein format,CC(C)C[C@H](NC(=O)[C@@H](NC(=O)[C@@H](N)CNC(=O)c1nn[nH]n1)C(C)C)C(=O)N[C@@H](Cc1ccccc1)[C@@H](O)C(=O)Nc1cccc(-c2noc(S)n2)c1,,,CHEMBL1147649,Bioorg Med Chem Lett,2006,,,CHEMBL208060,,CHEMBL208060,,0,http://qudt.org/vocab/unit#Percent,468453,=,1,1,=,,Inhibition,%,,97.2,CHEMBL4822,Homo sapiens,Beta-secretase 1,9606,,,Inhibition,%,UO_0000187,,97.2
,,1711306,[],CHEMBL867799,Inhibition of BACE1 at 0.2 uM,B,,,BAO_0000201,BAO_0000357,single protein format,CC(C)C[C@H](NC(=O)[C@@H](NC(=O)[C@@H](N)CNC(=O)c1nn[nH]n1)C(C)C)C(=O)N[C@@H](Cc1ccccc1)[C@@H](O)C(=O)Nc1cccc(-c2noc(O)n2)c1,,,CHEMBL1147649,Bioorg Med Chem Lett,2006,,,CHEMBL205333,,CHEMBL205333,,0,http://qudt.org/vocab/unit#Percent,468452,=,1,1,=,,Inhibition,%,,94.2,CHEMBL4822,Homo sapiens,Beta-secretase 1,9606,,,Inhibition,%,UO_0000187,,94.2
,,1711307,[],CHEMBL867799,Inhibition of BACE1 at 0.2 uM,B,,,BAO_0000201,BAO_0000357,single protein format,CC(C)C[C@H](NC(=O)[C@@H](NC(=O)[C@@H](N)CNC(=O)c1nn[nH]n1)C(C)C)C(=O)N[C@@H](Cc1ccccc1)[C@@H](O)C(=O)Nc1cc(-c2nn[nH]n2)cc(-c2nn[nH]n2)c1,,,CHEMBL1147649,Bioorg Med Chem Lett,2006,,,CHEMBL439521,,CHEMBL439521,,0,http://qudt.org/vocab/unit#Percent,468451,=,1,1,=,,Inhibition,%,,100.0,CHEMBL4822,Homo sapiens,Beta-secretase 1,9606,,,Inhibition,%,UO_0000187,,100.0
,,1711308,[],CHEMBL867799,Inhibition of BACE1 at 0.2 uM,B,,,BAO_0000201,BAO_0000357,single protein format,CC(C)C[C@H](NC(=O)[C@@H](NC(=O)[C@@H](N)CNC(=O)c1nn[nH]n1)C(C)C)C(=O)N[C@@H](Cc1ccccc1)[C@@H](O)C(=O)Nc1cccc(-c2nn[nH]n2)c1,,,CHEMBL1147649,Bioorg Med Chem Lett,2006,,,CHEMBL381826,,CHEMBL381826,,1,http://qudt.org/vocab/unit#Percent,468450,=,1,1,=,,Inhibition,%,,98.1,CHEMBL4822,Homo sapiens,Beta-secretase 1,9606,,,Inhibition,%,UO_0000187,,98.1
,,1711309,[],CHEMBL867799,Inhibition of BACE1 at 0.2 uM,B,,,BAO_0000201,BAO_0000357,single protein format,CC(C)C[C@H](NC(=O)[C@@H](NC(=O)[C@@H](N)CNC(=O)c1nn[nH]n1)C(C)C)C(=O)N[C@@H](Cc1ccccc1)[C@@H](O)C(=O)Nc1cccc(C(N)=O)c1,,,CHEMBL1147649,Bioorg Med Chem Lett,2006,,,CHEMBL207898,,CHEMBL207898,,0,http://qudt.org/vocab/unit#Percent,468449,=,1,1,=,,Inhibition,%,,78.1,CHEMBL4822,Homo sapiens,Beta-secretase 1,9606,,,Inhibition,%,UO_0000187,,78.1
,,1711310,[],CHEMBL868970,Inhibition of BACE1 at 2 uM,B,,,BAO_0000201,BAO_0000357,single protein format,CC(C)C[C@H](NC(=O)[C@@H](NC(=O)[C@@H](N)CNC(=O)c1nn[nH]n1)C(C)C)C(=O)N[C@@H](Cc1ccccc1)[C@@H](O)C(=O)Nc1cc(C(=O)O)cc(C(=O)O)c1,,,CHEMBL1147649,Bioorg Med Chem Lett,2006,,,CHEMBL183546,,CHEMBL183546,,1,http://qudt.org/vocab/unit#Percent,468455,=,1,1,=,,Inhibition,%,,100.0,CHEMBL4822,Homo sapiens,Beta-secretase 1,9606,,,Inhibition,%,UO_0000187,,100.0
,,1711311,[],CHEMBL868970,Inhibition of BACE1 at 2 uM,B,,,BAO_0000201,BAO_0000357,single protein format,CC(C)C[C@H](NC(=O)[C@@H](NC(=O)[C@@H](N)CNC(=O)c1nn[nH]n1)C(C)C)C(=O)N[C@@H](Cc1ccccc1)[C@@H](O)C(=O)Nc1cccc(C(=O)O)c1,,,CHEMBL1147649,Bioorg Med Chem Lett,2006,,,CHEMBL183494,,CHEMBL183494,,1,http://qudt.org/vocab/unit#Percent,468454,=,1,1,=,,Inhibition,%,,99.1,CHEMBL4822,Homo sapiens,Beta-secretase 1,9606,,,Inhibition,%,UO_0000187,,99.1
,,1711312,[],CHEMBL868970,Inhibition of BACE1 at 2 uM,B,,,BAO_0000201,BAO_0000357,single protein format,CC(C)C[C@H](NC(=O)[C@@H](NC(=O)[C@@H](N)CNC(=O)c1nn[nH]n1)C(C)C)C(=O)N[C@@H](Cc1ccccc1)[C@@H](O)C(=O)Nc1cccc(-c2noc(S)n2)c1,,,CHEMBL1147649,Bioorg Med Chem Lett,2006,,,CHEMBL208060,,CHEMBL208060,,0,http://qudt.org/vocab/unit#Percent,468453,=,1,1,=,,Inhibition,%,,99.8,CHEMBL4822,Homo sapiens,Beta-secretase 1,9606,,,Inhibition,%,UO_0000187,,99.8
,,1711313,[],CHEMBL868970,Inhibition of BACE1 at 2 uM,B,,,BAO_0000201,BAO_0000357,single protein format,CC(C)C[C@H](NC(=O)[C@@H](NC(=O)[C@@H](N)CNC(=O)c1nn[nH]n1)C(C)C)C(=O)N[C@@H](Cc1ccccc1)[C@@H](O)C(=O)Nc1cccc(-c2noc(O)n2)c1,,,CHEMBL1147649,Bioorg Med Chem Lett,2006,,,CHEMBL205333,,CHEMBL205333,,0,http://qudt.org/vocab/unit#Percent,468452,=,1,1,=,,Inhibition,%,,100.0,CHEMBL4822,Homo sapiens,Beta-secretase 1,9606,,,Inhibition,%,UO_0000187,,100.0
,,1711314,[],CHEMBL868970,Inhibition of BACE1 at 2 uM,B,,,BAO_0000201,BAO_0000357,single protein format,CC(C)C[C@H](NC(=O)[C@@H](NC(=O)[C@@H](N)CNC(=O)c1nn[nH]n1)C(C)C)C(=O)N[C@@H](Cc1ccccc1)[C@@H](O)C(=O)Nc1cc(-c2nn[nH]n2)cc(-c2nn[nH]n2)c1,,,CHEMBL1147649,Bioorg Med Chem Lett,2006,,,CHEMBL439521,,CHEMBL439521,,0,http://qudt.org/vocab/unit#Percent,468451,=,1,1,=,,Inhibition,%,,100.0,CHEMBL4822,Homo sapiens,Beta-secretase 1,9606,,,Inhibition,%,UO_0000187,,100.0
,,1711315,[],CHEMBL868970,Inhibition of BACE1 at 2 uM,B,,,BAO_0000201,BAO_0000357,single protein format,CC(C)C[C@H](NC(=O)[C@@H](NC(=O)[C@@H](N)CNC(=O)c1nn[nH]n1)C(C)C)C(=O)N[C@@H](Cc1ccccc1)[C@@H](O)C(=O)Nc1cccc(-c2nn[nH]n2)c1,,,CHEMBL1147649,Bioorg Med Chem Lett,2006,,,CHEMBL381826,,CHEMBL381826,,1,http://qudt.org/vocab/unit#Percent,468450,=,1,1,=,,Inhibition,%,,100.0,CHEMBL4822,Homo sapiens,Beta-secretase 1,9606,,,Inhibition,%,UO_0000187,,100.0
,,1711316,[],CHEMBL868970,Inhibition of BACE1 at 2 uM,B,,,BAO_0000201,BAO_0000357,single protein format,CC(C)C[C@H](NC(=O)[C@@H](NC(=O)[C@@H](N)CNC(=O)c1nn[nH]n1)C(C)C)C(=O)N[C@@H](Cc1ccccc1)[C@@H](O)C(=O)Nc1cccc(C(N)=O)c1,,,CHEMBL1147649,Bioorg Med Chem Lett,2006,,,CHEMBL207898,,CHEMBL207898,,0,http://qudt.org/vocab/unit#Percent,468449,=,1,1,=,,Inhibition,%,,97.3,CHEMBL4822,Homo sapiens,Beta-secretase 1,9606,,,Inhibition,%,UO_0000187,,97.3
,,1711317,[],CHEMBL867800,Inhibition of BACE1,B,,,BAO_0000190,BAO_0000357,single protein format,CC(C)C[C@H](NC(=O)[C@@H](NC(=O)[C@@H](N)CNC(=O)c1nn[nH]n1)C(C)C)C(=O)N[C@@H](Cc1ccccc1)[C@@H](O)C(=O)Nc1cc(C(=O)O)cc(C(=O)O)c1,,,CHEMBL1147649,Bioorg Med Chem Lett,2006,"{'bei': '11.17', 'le': '0.21', 'lle': '9.36', 'sei': '2.62'}",,CHEMBL183546,,CHEMBL183546,8.41,1,http://www.openphacts.org/units/Nanomolar,468455,=,1,1,=,,IC50,nM,,3.9,CHEMBL4822,Homo sapiens,Beta-secretase 1,9606,,,IC50,nM,UO_0000065,,3.9
,,1711318,[],CHEMBL867800,Inhibition of BACE1,B,,,BAO_0000190,BAO_0000357,single protein format,CC(C)C[C@H](NC(=O)[C@@H](NC(=O)[C@@H](N)CNC(=O)c1nn[nH]n1)C(C)C)C(=O)N[C@@H](Cc1ccccc1)[C@@H](O)C(=O)Nc1cccc(C(=O)O)c1,,,CHEMBL1147649,Bioorg Med Chem Lett,2006,"{'bei': '11.41', 'le': '0.22', 'lle': '8.74', 'sei': '2.85'}",,CHEMBL183494,,CHEMBL183494,8.09,1,http://www.openphacts.org/units/Nanomolar,468454,=,1,1,=,,IC50,nM,,8.2,CHEMBL4822,Homo sapiens,Beta-secretase 1,9606,,,IC50,nM,UO_0000065,,8.2
,,1711319,[],CHEMBL867800,Inhibition of BACE1,B,,,BAO_0000190,BAO_0000357,single protein format,CC(C)C[C@H](NC(=O)[C@@H](NC(=O)[C@@H](N)CNC(=O)c1nn[nH]n1)C(C)C)C(=O)N[C@@H](Cc1ccccc1)[C@@H](O)C(=O)Nc1cccc(-c2noc(S)n2)c1,,,CHEMBL1147649,Bioorg Med Chem Lett,2006,"{'bei': '10.71', 'le': '0.21', 'lle': '8.20', 'sei': '2.87'}",,CHEMBL208060,,CHEMBL208060,8.19,0,http://www.openphacts.org/units/Nanomolar,468453,=,1,1,=,,IC50,nM,,6.4,CHEMBL4822,Homo sapiens,Beta-secretase 1,9606,,,IC50,nM,UO_0000065,,6.4
,,1711320,[],CHEMBL867800,Inhibition of BACE1,B,,,BAO_0000190,BAO_0000357,single protein format,CC(C)C[C@H](NC(=O)[C@@H](NC(=O)[C@@H](N)CNC(=O)c1nn[nH]n1)C(C)C)C(=O)N[C@@H](Cc1ccccc1)[C@@H](O)C(=O)Nc1cccc(-c2noc(O)n2)c1,,,CHEMBL1147649,Bioorg Med Chem Lett,2006,"{'bei': '10.92', 'le': '0.21', 'lle': '8.77', 'sei': '2.68'}",,CHEMBL205333,,CHEMBL205333,8.18,0,http://www.openphacts.org/units/Nanomolar,468452,=,1,1,=,,IC50,nM,,6.6,CHEMBL4822,Homo sapiens,Beta-secretase 1,9606,,,IC50,nM,UO_0000065,,6.6
,,1711321,[],CHEMBL867800,Inhibition of BACE1,B,,,BAO_0000190,BAO_0000357,single protein format,CC(C)C[C@H](NC(=O)[C@@H](NC(=O)[C@@H](N)CNC(=O)c1nn[nH]n1)C(C)C)C(=O)N[C@@H](Cc1ccccc1)[C@@H](O)C(=O)Nc1cc(-c2nn[nH]n2)cc(-c2nn[nH]n2)c1,,,CHEMBL1147649,Bioorg Med Chem Lett,2006,"{'bei': '11.14', 'le': '0.21', 'lle': '10.90', 'sei': '2.51'}",,CHEMBL439521,,CHEMBL439521,8.92,0,http://www.openphacts.org/units/Nanomolar,468451,=,1,1,=,,IC50,nM,,1.2,CHEMBL4822,Homo sapiens,Beta-secretase 1,9606,,,IC50,nM,UO_0000065,,1.2
,,1711322,[],CHEMBL867800,Inhibition of BACE1,B,,,BAO_0000190,BAO_0000357,single protein format,CC(C)C[C@H](NC(=O)[C@@H](NC(=O)[C@@H](N)CNC(=O)c1nn[nH]n1)C(C)C)C(=O)N[C@@H](Cc1ccccc1)[C@@H](O)C(=O)Nc1cccc(-c2nn[nH]n2)c1,,,CHEMBL1147649,Bioorg Med Chem Lett,2006,"{'bei': '11.35', 'le': '0.21', 'lle': '9.48', 'sei': '2.77'}",,CHEMBL381826,,CHEMBL381826,8.32,1,http://www.openphacts.org/units/Nanomolar,468450,=,1,1,=,,IC50,nM,,4.8,CHEMBL4822,Homo sapiens,Beta-secretase 1,9606,,,IC50,nM,UO_0000065,,4.8
,,1736320,[],CHEMBL864805,Inhibition of soluble APPbeta N-terminal fragment production in HEK293T cells,F,,,BAO_0000190,BAO_0000219,cell-based format,CC(C)CNC(=O)[C@H](C)NC[C@H](Cc1ccccc1)NC(=O)c1cc(CCC2C[C@@H]2C)cc(N(C)S(C)(=O)=O)c1,,,CHEMBL1138941,Bioorg Med Chem Lett,2006,,,CHEMBL210414,,CHEMBL210414,7.64,0,http://www.openphacts.org/units/Nanomolar,521692,=,1,1,=,,IC50,nM,,23.0,CHEMBL4822,Homo sapiens,Beta-secretase 1,9606,,,IC50,nM,UO_0000065,,23.0
,,1736322,[],CHEMBL864804,Inhibition of BACE1,B,,,BAO_0000190,BAO_0000357,single protein format,CC(C)CNC(=O)[C@H](C)NC[C@H](Cc1ccccc1)NC(=O)c1cc(CCC2C[C@@H]2C)cc(N(C)S(C)(=O)=O)c1,,,CHEMBL1138941,Bioorg Med Chem Lett,2006,"{'bei': '13.49', 'le': '0.26', 'lle': '3.94', 'sei': '7.15'}",,CHEMBL210414,,CHEMBL210414,7.70,0,http://www.openphacts.org/units/Nanomolar,521692,=,1,1,=,,IC50,nM,,20.0,CHEMBL4822,Homo sapiens,Beta-secretase 1,9606,,,IC50,nM,UO_0000065,,20.0
,,1736329,[],CHEMBL864805,Inhibition of soluble APPbeta N-terminal fragment production in HEK293T cells,F,,,BAO_0000190,BAO_0000219,cell-based format,C[C@H](NC[C@H](Cc1ccccc1)NC(=O)c1cc(C(=O)N[C@H](C)c2ccc(F)cc2)cc(N(C)S(C)(=O)=O)c1)C(=O)NCc1ccccc1,,,CHEMBL1138941,Bioorg Med Chem Lett,2006,,,CHEMBL212203,,CHEMBL212203,6.14,0,http://www.openphacts.org/units/Nanomolar,521688,=,1,1,=,,IC50,nM,,731.0,CHEMBL4822,Homo sapiens,Beta-secretase 1,9606,,,IC50,nM,UO_0000065,,731.0
,,1736331,[],CHEMBL864805,Inhibition of soluble APPbeta N-terminal fragment production in HEK293T cells,F,,,BAO_0000190,BAO_0000219,cell-based format,C[C@H](NC[C@H](Cc1ccccc1)NC(=O)c1cc(C(=O)N[C@H](C)c2ccc(F)cc2)cc(N(C)S(C)(=O)=O)c1)C(=O)N1CCC[C@H]1C(=O)O,,,CHEMBL1138941,Bioorg Med Chem Lett,2006,,,CHEMBL377624,,CHEMBL377624,,0,http://www.openphacts.org/units/Nanomolar,521689,>,1,1,>,,IC50,nM,,20000.0,CHEMBL4822,Homo sapiens,Beta-secretase 1,9606,,,IC50,nM,UO_0000065,,20000.0
,,1736333,[],CHEMBL864804,Inhibition of BACE1,B,,,BAO_0000190,BAO_0000357,single protein format,C[C@H](NC[C@H](Cc1ccccc1)NC(=O)c1cc(C(=O)N[C@H](C)c2ccc(F)cc2)cc(N(C)S(C)(=O)=O)c1)C(=O)N1CCC[C@H]1C(=O)O,,,CHEMBL1138941,Bioorg Med Chem Lett,2006,"{'bei': '6.85', 'le': '0.13', 'lle': '1.65', 'sei': '2.88'}",,CHEMBL377624,,CHEMBL377624,4.76,0,http://www.openphacts.org/units/Nanomolar,521689,=,1,1,=,,IC50,nM,,17200.0,CHEMBL4822,Homo sapiens,Beta-secretase 1,9606,,,IC50,nM,UO_0000065,,17200.0
,,1736337,[],CHEMBL864804,Inhibition of BACE1,B,,,BAO_0000190,BAO_0000357,single protein format,C[C@H](NC[C@H](Cc1ccccc1)NC(=O)c1cc(C(=O)N[C@H](C)c2ccc(F)cc2)cc(N(C)S(C)(=O)=O)c1)C(=O)NCc1ccccc1,,,CHEMBL1138941,Bioorg Med Chem Lett,2006,"{'bei': '9.97', 'le': '0.19', 'lle': '2.51', 'sei': '5.02'}",,CHEMBL212203,,CHEMBL212203,6.86,0,http://www.openphacts.org/units/Nanomolar,521688,=,1,1,=,,IC50,nM,,139.0,CHEMBL4822,Homo sapiens,Beta-secretase 1,9606,,,IC50,nM,UO_0000065,,139.0
,,1736340,[],CHEMBL864805,Inhibition of soluble APPbeta N-terminal fragment production in HEK293T cells,F,,,BAO_0000190,BAO_0000219,cell-based format,C[C@H](NC[C@H](Cc1ccccc1)NC(=O)c1cc(C(=O)N[C@H](C)c2ccc(F)cc2)cc(N(C)S(C)(=O)=O)c1)C(=O)NC1CC1,,,CHEMBL1138941,Bioorg Med Chem Lett,2006,,,CHEMBL208809,,CHEMBL208809,6.88,0,http://www.openphacts.org/units/Nanomolar,521687,=,1,1,=,,IC50,nM,,133.0,CHEMBL4822,Homo sapiens,Beta-secretase 1,9606,,,IC50,nM,UO_0000065,,133.0
,,1736343,[],CHEMBL864804,Inhibition of BACE1,B,,,BAO_0000190,BAO_0000357,single protein format,C[C@H](NC[C@H](Cc1ccccc1)NC(=O)c1cc(C(=O)N[C@H](C)c2ccc(F)cc2)cc(N(C)S(C)(=O)=O)c1)C(=O)NC1CC1,,,CHEMBL1138941,Bioorg Med Chem Lett,2006,"{'bei': '11.95', 'le': '0.23', 'lle': '4.31', 'sei': '5.57'}",,CHEMBL208809,,CHEMBL208809,7.62,0,http://www.openphacts.org/units/Nanomolar,521687,=,1,1,=,,IC50,nM,,24.0,CHEMBL4822,Homo sapiens,Beta-secretase 1,9606,,,IC50,nM,UO_0000065,,24.0
,,1736345,[],CHEMBL864805,Inhibition of soluble APPbeta N-terminal fragment production in HEK293T cells,F,,,BAO_0000190,BAO_0000219,cell-based format,CCNC(=O)[C@H](C)NC[C@H](Cc1ccccc1)NC(=O)c1cc(C(=O)N[C@H](C)c2ccc(F)cc2)cc(N(C)S(C)(=O)=O)c1,,,CHEMBL1138941,Bioorg Med Chem Lett,2006,,,CHEMBL208808,,CHEMBL208808,6.62,0,http://www.openphacts.org/units/Nanomolar,521686,=,1,1,=,,IC50,nM,,242.0,CHEMBL4822,Homo sapiens,Beta-secretase 1,9606,,,IC50,nM,UO_0000065,,242.0
,,1736346,[],CHEMBL864804,Inhibition of BACE1,B,,,BAO_0000190,BAO_0000357,single protein format,CCNC(=O)[C@H](C)NC[C@H](Cc1ccccc1)NC(=O)c1cc(C(=O)N[C@H](C)c2ccc(F)cc2)cc(N(C)S(C)(=O)=O)c1,,,CHEMBL1138941,Bioorg Med Chem Lett,2006,"{'bei': '11.64', 'le': '0.23', 'lle': '4.11', 'sei': '5.33'}",,CHEMBL208808,,CHEMBL208808,7.28,0,http://www.openphacts.org/units/Nanomolar,521686,=,1,1,=,,IC50,nM,,52.0,CHEMBL4822,Homo sapiens,Beta-secretase 1,9606,,,IC50,nM,UO_0000065,,52.0
,,1736347,[],CHEMBL864804,Inhibition of BACE1,B,,,BAO_0000190,BAO_0000357,single protein format,C[C@@H](NC(=O)c1cc(C(=O)N[C@H](CN)Cc2ccccc2)cc(N(C)S(C)(=O)=O)c1)c1ccc(F)cc1,,,CHEMBL1138941,Bioorg Med Chem Lett,2006,"{'bei': '9.93', 'le': '0.19', 'lle': '2.22', 'sei': '4.30'}",,CHEMBL211937,,CHEMBL211937,5.23,0,http://www.openphacts.org/units/Nanomolar,521691,=,1,1,=,,IC50,nM,,5900.0,CHEMBL4822,Homo sapiens,Beta-secretase 1,9606,,,IC50,uM,UO_0000065,,5.9
,,1736349,[],CHEMBL864804,Inhibition of BACE1,B,,,BAO_0000190,BAO_0000357,single protein format,C[C@@H](NC(=O)c1cc(C(=O)N[C@H](CO)Cc2ccccc2)cc(N(C)S(C)(=O)=O)c1)c1ccc(F)cc1,,,CHEMBL1138941,Bioorg Med Chem Lett,2006,"{'bei': '11.75', 'le': '0.23', 'lle': '3.15', 'sei': '5.35'}",,CHEMBL380257,,CHEMBL380257,6.20,0,http://www.openphacts.org/units/Nanomolar,521690,=,1,1,=,,IC50,nM,,630.0,CHEMBL4822,Homo sapiens,Beta-secretase 1,9606,,,IC50,nM,UO_0000065,,630.0
,,1736351,[],CHEMBL864805,Inhibition of soluble APPbeta N-terminal fragment production in HEK293T cells,F,,,BAO_0000190,BAO_0000219,cell-based format,CC(C)CNC(=O)[C@H](CCS(C)(=O)=O)NC[C@H](Cc1ccccc1)NC(=O)c1cc(C(=O)N[C@H](C)c2ccc(F)cc2)cc(N(C)S(C)(=O)=O)c1,,,CHEMBL1138941,Bioorg Med Chem Lett,2006,,,CHEMBL211899,,CHEMBL211899,4.76,0,http://www.openphacts.org/units/Nanomolar,521685,=,1,1,=,,IC50,nM,,17500.0,CHEMBL4822,Homo sapiens,Beta-secretase 1,9606,,,IC50,nM,UO_0000065,,17500.0
,,1736352,[],CHEMBL864804,Inhibition of BACE1,B,,,BAO_0000190,BAO_0000357,single protein format,CC(C)CNC(=O)[C@H](CCS(C)(=O)=O)NC[C@H](Cc1ccccc1)NC(=O)c1cc(C(=O)N[C@H](C)c2ccc(F)cc2)cc(N(C)S(C)(=O)=O)c1,,,CHEMBL1138941,Bioorg Med Chem Lett,2006,"{'bei': '10.57', 'le': '0.21', 'lle': '4.67', 'sei': '4.62'}",,CHEMBL211899,,CHEMBL211899,7.89,0,http://www.openphacts.org/units/Nanomolar,521685,=,1,1,=,,IC50,nM,,13.0,CHEMBL4822,Homo sapiens,Beta-secretase 1,9606,,,IC50,nM,UO_0000065,,13.0
,,1736354,[],CHEMBL864805,Inhibition of soluble APPbeta N-terminal fragment production in HEK293T cells,F,,,BAO_0000190,BAO_0000219,cell-based format,CC(C)CNC(=O)[C@H](CCO)NC[C@H](Cc1ccccc1)NC(=O)c1cc(C(=O)N[C@H](C)c2ccc(F)cc2)cc(N(C)S(C)(=O)=O)c1,,,CHEMBL1138941,Bioorg Med Chem Lett,2006,,,CHEMBL379781,,CHEMBL379781,6.12,0,http://www.openphacts.org/units/Nanomolar,521684,=,1,1,=,,IC50,nM,,751.0,CHEMBL4822,Homo sapiens,Beta-secretase 1,9606,,,IC50,nM,UO_0000065,,751.0
,,1736355,[],CHEMBL864804,Inhibition of BACE1,B,,,BAO_0000190,BAO_0000357,single protein format,CC(C)CNC(=O)[C@H](CCO)NC[C@H](Cc1ccccc1)NC(=O)c1cc(C(=O)N[C@H](C)c2ccc(F)cc2)cc(N(C)S(C)(=O)=O)c1,,,CHEMBL1138941,Bioorg Med Chem Lett,2006,"{'bei': '11.53', 'le': '0.22', 'lle': '4.72', 'sei': '5.02'}",,CHEMBL379781,,CHEMBL379781,7.89,0,http://www.openphacts.org/units/Nanomolar,521684,=,1,1,=,,IC50,nM,,13.0,CHEMBL4822,Homo sapiens,Beta-secretase 1,9606,,,IC50,nM,UO_0000065,,13.0
,,1736356,[],CHEMBL864805,Inhibition of soluble APPbeta N-terminal fragment production in HEK293T cells,F,,,BAO_0000190,BAO_0000219,cell-based format,CCC[C@H](NC[C@H](Cc1ccccc1)NC(=O)c1cc(C(=O)N[C@H](C)c2ccc(F)cc2)cc(N(C)S(C)(=O)=O)c1)C(=O)NCC(C)C,,,CHEMBL1138941,Bioorg Med Chem Lett,2006,,,CHEMBL211563,,CHEMBL211563,7.77,0,http://www.openphacts.org/units/Nanomolar,521683,=,1,1,=,,IC50,nM,,17.0,CHEMBL4822,Homo sapiens,Beta-secretase 1,9606,,,IC50,nM,UO_0000065,,17.0
,,1736357,[],CHEMBL864804,Inhibition of BACE1,B,,,BAO_0000190,BAO_0000357,single protein format,CCC[C@H](NC[C@H](Cc1ccccc1)NC(=O)c1cc(C(=O)N[C@H](C)c2ccc(F)cc2)cc(N(C)S(C)(=O)=O)c1)C(=O)NCC(C)C,,,CHEMBL1138941,Bioorg Med Chem Lett,2006,"{'bei': '12.32', 'le': '0.24', 'lle': '3.82', 'sei': '6.14'}",,CHEMBL211563,,CHEMBL211563,8.40,0,http://www.openphacts.org/units/Nanomolar,521683,=,1,1,=,,IC50,nM,,4.0,CHEMBL4822,Homo sapiens,Beta-secretase 1,9606,,,IC50,nM,UO_0000065,,4.0
,,1736360,[],CHEMBL864805,Inhibition of soluble APPbeta N-terminal fragment production in HEK293T cells,F,,,BAO_0000190,BAO_0000219,cell-based format,CC[C@H](NC[C@H](Cc1ccccc1)NC(=O)c1cc(C(=O)N[C@H](C)c2ccc(F)cc2)cc(N(C)S(C)(=O)=O)c1)C(=O)NCC(C)C,,,CHEMBL1138941,Bioorg Med Chem Lett,2006,,,CHEMBL209372,,CHEMBL209372,7.70,0,http://www.openphacts.org/units/Nanomolar,521682,=,1,1,=,,IC50,nM,,20.0,CHEMBL4822,Homo sapiens,Beta-secretase 1,9606,,,IC50,nM,UO_0000065,,20.0
,,1736361,[],CHEMBL864804,Inhibition of BACE1,B,,,BAO_0000190,BAO_0000357,single protein format,CC[C@H](NC[C@H](Cc1ccccc1)NC(=O)c1cc(C(=O)N[C@H](C)c2ccc(F)cc2)cc(N(C)S(C)(=O)=O)c1)C(=O)NCC(C)C,,,CHEMBL1138941,Bioorg Med Chem Lett,2006,"{'bei': '12.21', 'le': '0.24', 'lle': '3.96', 'sei': '5.97'}",,CHEMBL209372,,CHEMBL209372,8.15,0,http://www.openphacts.org/units/Nanomolar,521682,=,1,1,=,,IC50,nM,,7.0,CHEMBL4822,Homo sapiens,Beta-secretase 1,9606,,,IC50,nM,UO_0000065,,7.0
,,1736363,[],CHEMBL864805,Inhibition of soluble APPbeta N-terminal fragment production in HEK293T cells,F,,,BAO_0000190,BAO_0000219,cell-based format,CC(C)CNC(=O)[C@H](C)NC[C@H](Cc1ccccc1)NC(=O)c1cc(C(=O)N[C@H](C)c2ccc(F)cc2)cc(N(C)S(C)(=O)=O)c1,,,CHEMBL1138941,Bioorg Med Chem Lett,2006,,,CHEMBL379513,,CHEMBL379513,7.66,0,http://www.openphacts.org/units/Nanomolar,521681,=,1,1,=,,IC50,nM,,22.0,CHEMBL4822,Homo sapiens,Beta-secretase 1,9606,,,IC50,nM,UO_0000065,,22.0
,,1736364,[],CHEMBL864804,Inhibition of BACE1,B,,,BAO_0000190,BAO_0000357,single protein format,CC(C)CNC(=O)[C@H](C)NC[C@H](Cc1ccccc1)NC(=O)c1cc(C(=O)N[C@H](C)c2ccc(F)cc2)cc(N(C)S(C)(=O)=O)c1,,,CHEMBL1138941,Bioorg Med Chem Lett,2006,"{'bei': '12.38', 'le': '0.24', 'lle': '4.30', 'sei': '5.92'}",,CHEMBL379513,,CHEMBL379513,8.10,0,http://www.openphacts.org/units/Nanomolar,521681,=,1,1,=,,IC50,nM,,8.0,CHEMBL4822,Homo sapiens,Beta-secretase 1,9606,,,IC50,nM,UO_0000065,,8.0
,,1736366,[],CHEMBL864805,Inhibition of soluble APPbeta N-terminal fragment production in HEK293T cells,F,,,BAO_0000190,BAO_0000219,cell-based format,CC(C)CNC(=O)CNC[C@H](Cc1ccccc1)NC(=O)c1cc(C(=O)N[C@H](C)c2ccc(F)cc2)cc(N(C)S(C)(=O)=O)c1,,,CHEMBL1138941,Bioorg Med Chem Lett,2006,,,CHEMBL384678,,CHEMBL384678,5.43,0,http://www.openphacts.org/units/Nanomolar,521680,=,1,1,=,,IC50,nM,,3710.0,CHEMBL4822,Homo sapiens,Beta-secretase 1,9606,,,IC50,nM,UO_0000065,,3710.0
,,1736369,[],CHEMBL864804,Inhibition of BACE1,B,,,BAO_0000190,BAO_0000357,single protein format,CC(C)CNC(=O)CNC[C@H](Cc1ccccc1)NC(=O)c1cc(C(=O)N[C@H](C)c2ccc(F)cc2)cc(N(C)S(C)(=O)=O)c1,,,CHEMBL1138941,Bioorg Med Chem Lett,2006,"{'bei': '10.83', 'le': '0.21', 'lle': '3.51', 'sei': '5.07'}",,CHEMBL384678,,CHEMBL384678,6.93,0,http://www.openphacts.org/units/Nanomolar,521680,=,1,1,=,,IC50,nM,,117.0,CHEMBL4822,Homo sapiens,Beta-secretase 1,9606,,,IC50,nM,UO_0000065,,117.0
,,1737220,[],CHEMBL866006,Inhibition of BACE,B,,,BAO_0000190,BAO_0000357,single protein format,CCCCNC(=O)[C@H](C)C[C@H](O)[C@@H]1CSC/C=C/CC[C@H]2CCCN[C@H]2C(=O)N[C@@H](C)C(=O)N1,,,CHEMBL1137429,J Med Chem,2006,,,CHEMBL210022,,CHEMBL210022,,0,http://www.openphacts.org/units/Nanomolar,499633,>,1,1,>,,IC50,nM,,10000.0,CHEMBL4822,Homo sapiens,Beta-secretase 1,9606,,,IC50,uM,UO_0000065,,10.0
,,1737231,[],CHEMBL866006,Inhibition of BACE,B,,,BAO_0000190,BAO_0000357,single protein format,CCCCNC(=O)[C@H](C)C[C@H](O)[C@@H]1CSC/C=C/CC[C@@H]2CCCN[C@@H]2C(=O)N[C@@H](C)C(=O)N1,,,CHEMBL1137429,J Med Chem,2006,,,CHEMBL437496,,CHEMBL437496,,0,http://www.openphacts.org/units/Nanomolar,499632,>,1,1,>,,IC50,nM,,10000.0,CHEMBL4822,Homo sapiens,Beta-secretase 1,9606,,,IC50,uM,UO_0000065,,10.0
,,1737239,[],CHEMBL866006,Inhibition of BACE,B,,,BAO_0000190,BAO_0000357,single protein format,CCCCNC(=O)[C@H](C)C[C@H](O)[C@@H]1CSC/C=C/CC[C@H]2CNCC[C@H]2C(=O)N[C@@H](C)C(=O)N1,,,CHEMBL1137429,J Med Chem,2006,,,CHEMBL439148,,CHEMBL439148,,0,http://www.openphacts.org/units/Nanomolar,499631,>,1,1,>,,IC50,nM,,10000.0,CHEMBL4822,Homo sapiens,Beta-secretase 1,9606,,,IC50,uM,UO_0000065,,10.0
,,1737247,[],CHEMBL866006,Inhibition of BACE,B,,,BAO_0000190,BAO_0000357,single protein format,CCCCNC(=O)[C@H](C)C[C@H](O)[C@@H]1CSC/C=C/CC[C@@H]2CNCC[C@@H]2C(=O)N[C@@H](C)C(=O)N1,,,CHEMBL1137429,J Med Chem,2006,,,CHEMBL211193,,CHEMBL211193,,0,http://www.openphacts.org/units/Nanomolar,499630,>,1,1,>,,IC50,nM,,10000.0,CHEMBL4822,Homo sapiens,Beta-secretase 1,9606,,,IC50,uM,UO_0000065,,10.0
,,1737287,[],CHEMBL866006,Inhibition of BACE,B,,,BAO_0000190,BAO_0000357,single protein format,CCCCNC(=O)[C@H](C)C[C@H](O)[C@@H]1CSC/C=C/CS[C@H]2CCCN[C@H]2C(=O)N[C@@H](C)C(=O)N1,,,CHEMBL1137429,J Med Chem,2006,"{'bei': '13.06', 'le': '0.27', 'lle': '5.28', 'sei': '5.62'}",,CHEMBL210240,,CHEMBL210240,6.72,0,http://www.openphacts.org/units/Nanomolar,499629,=,1,1,=,,IC50,nM,,190.0,CHEMBL4822,Homo sapiens,Beta-secretase 1,9606,,,IC50,uM,UO_0000065,,0.19
,,1737314,[],CHEMBL866006,Inhibition of BACE,B,,,BAO_0000190,BAO_0000357,single protein format,CCCCNC(=O)[C@H](C)C[C@H](O)[C@@H]1CSC/C=C/CS[C@@H]2CCCN[C@@H]2C(=O)N[C@@H](C)C(=O)N1,,,CHEMBL1137429,J Med Chem,2006,"{'bei': '9.56', 'le': '0.20', 'lle': '3.48', 'sei': '4.12'}",,CHEMBL211194,,CHEMBL211194,4.92,0,http://www.openphacts.org/units/Nanomolar,499628,=,1,1,=,,IC50,nM,,12000.0,CHEMBL4822,Homo sapiens,Beta-secretase 1,9606,,,IC50,uM,UO_0000065,,12.0
,,1737335,[],CHEMBL866006,Inhibition of BACE,B,,,BAO_0000190,BAO_0000357,single protein format,CCCCNC(=O)[C@H](C)C[C@H](O)[C@@H]1CSC/C=C/CS[C@H]2CNCC[C@H]2C(=O)N[C@@H](C)C(=O)N1,,,CHEMBL1137429,J Med Chem,2006,,,CHEMBL213300,,CHEMBL213300,,0,http://www.openphacts.org/units/Nanomolar,499627,>,1,1,>,,IC50,nM,,10000.0,CHEMBL4822,Homo sapiens,Beta-secretase 1,9606,,,IC50,uM,UO_0000065,,10.0
,,1737340,[],CHEMBL866006,Inhibition of BACE,B,,,BAO_0000190,BAO_0000357,single protein format,CCCCNC(=O)[C@H](C)C[C@H](O)[C@@H]1CSC/C=C/CS[C@@H]2CNCC[C@@H]2C(=O)N[C@@H](C)C(=O)N1,,,CHEMBL1137429,J Med Chem,2006,,,CHEMBL210176,,CHEMBL210176,,0,http://www.openphacts.org/units/Nanomolar,499626,>,1,1,>,,IC50,nM,,10000.0,CHEMBL4822,Homo sapiens,Beta-secretase 1,9606,,,IC50,uM,UO_0000065,,10.0
,,1737350,[],CHEMBL866006,Inhibition of BACE,B,,,BAO_0000190,BAO_0000357,single protein format,CCCCNC(=O)[C@@H](NC(=O)[C@H](C)C[C@H](O)[C@@H]1CSC/C=C/CSC[C@H](NC(=O)OC(C)(C)C)C(=O)N[C@@H](C)C(=O)N1)C(C)C,,,CHEMBL1137429,J Med Chem,2006,"{'bei': '10.10', 'le': '0.21', 'lle': '4.46', 'sei': '3.89'}",,CHEMBL377149,,CHEMBL377149,6.81,0,http://www.openphacts.org/units/Nanomolar,499625,=,1,1,=,,IC50,nM,,156.0,CHEMBL4822,Homo sapiens,Beta-secretase 1,9606,,,IC50,uM,UO_0000065,,0.156
,,1737365,[],CHEMBL866006,Inhibition of BACE,B,,,BAO_0000190,BAO_0000357,single protein format,CCCCNC(=O)[C@@H](NC(=O)[C@H](C)C[C@H](O)[C@@H]1CSC/C=C\CSC[C@H](NC(=O)OC(C)(C)C)C(=O)N[C@@H](C)C(=O)N1)C(C)C,,,CHEMBL1137429,J Med Chem,2006,"{'bei': '8.47', 'le': '0.17', 'lle': '3.36', 'sei': '3.26'}",,CHEMBL208681,,CHEMBL208681,5.71,0,http://www.openphacts.org/units/Nanomolar,499624,=,1,1,=,,IC50,nM,,1970.0,CHEMBL4822,Homo sapiens,Beta-secretase 1,9606,,,IC50,uM,UO_0000065,,1.97
,,1737370,[],CHEMBL866006,Inhibition of BACE,B,,,BAO_0000190,BAO_0000357,single protein format,CCCCNC(=O)[C@H](C)C[C@H](O)[C@@H]1COC/C=C/CSC[C@H](NC(C)=O)C(=O)N[C@@H](C)C(=O)N1,,,CHEMBL1137429,J Med Chem,2006,"{'bei': '11.89', 'le': '0.24', 'lle': '5.85', 'sei': '4.08'}",,CHEMBL212102,,CHEMBL212102,5.95,0,http://www.openphacts.org/units/Nanomolar,499623,=,1,1,=,,IC50,nM,,1120.0,CHEMBL4822,Homo sapiens,Beta-secretase 1,9606,,,IC50,uM,UO_0000065,,1.12
,,1737379,[],CHEMBL866006,Inhibition of BACE,B,,,BAO_0000190,BAO_0000357,single protein format,CCCCNC(=O)[C@H](C)C[C@H](O)[C@@H]1CSCc2ccc(cc2)CSC[C@H](NC(C)=O)C(=O)N[C@@H](C)C(=O)N1,,,CHEMBL1137429,J Med Chem,2006,,,CHEMBL425424,,CHEMBL425424,,0,http://www.openphacts.org/units/Nanomolar,499614,>,1,1,>,,IC50,nM,,10000.0,CHEMBL4822,Homo sapiens,Beta-secretase 1,9606,,,IC50,uM,UO_0000065,,10.0
,,1737391,[],CHEMBL866006,Inhibition of BACE,B,,,BAO_0000190,BAO_0000357,single protein format,CCCCNC(=O)[C@H](C)C[C@H](O)[C@@H]1COC/C=C/CSC[C@H](NC(=O)OC(C)(C)C)C(=O)N[C@@H](C)C(=O)N1,,,CHEMBL1137429,J Med Chem,2006,"{'bei': '11.26', 'le': '0.23', 'lle': '4.80', 'sei': '4.06'}",,CHEMBL377548,,CHEMBL377548,6.29,0,http://www.openphacts.org/units/Nanomolar,499622,=,1,1,=,,IC50,nM,,510.0,CHEMBL4822,Homo sapiens,Beta-secretase 1,9606,,,IC50,uM,UO_0000065,,0.51
,,1737403,[],CHEMBL866006,Inhibition of BACE,B,,,BAO_0000190,BAO_0000357,single protein format,CCCCNC(=O)[C@H](C)C[C@H](O)[C@@H]1COC/C=C/COC[C@H](NC(=O)OC(C)(C)C)C(=O)N[C@@H](C)C(=O)N1,,,CHEMBL1137429,J Med Chem,2006,"{'bei': '8.65', 'le': '0.17', 'lle': '3.91', 'sei': '2.86'}",,CHEMBL213595,,CHEMBL213595,4.69,0,http://www.openphacts.org/units/Nanomolar,499621,=,1,1,=,,IC50,nM,,20300.0,CHEMBL4822,Homo sapiens,Beta-secretase 1,9606,,,IC50,uM,UO_0000065,,20.3
,,1737417,[],CHEMBL866006,Inhibition of BACE,B,,,BAO_0000190,BAO_0000357,single protein format,CCCCNC(=O)[C@H](C)C[C@H](O)[C@@H]1COCCCCOC[C@H](NC(=O)OC(C)(C)C)C(=O)N[C@@H](C)C(=O)N1,,,CHEMBL1137429,J Med Chem,2006,,,CHEMBL379824,,CHEMBL379824,,0,http://www.openphacts.org/units/Nanomolar,499620,>,1,1,>,,IC50,nM,,10000.0,CHEMBL4822,Homo sapiens,Beta-secretase 1,9606,,,IC50,uM,UO_0000065,,10.0
,,1737431,[],CHEMBL866006,Inhibition of BACE,B,,,BAO_0000190,BAO_0000357,single protein format,CCCCNC(=O)[C@H](C)C[C@H](O)[C@H](CC(C)C)NC(=O)[C@H](C)N(C)C(=O)[C@H](CC(C)C)NC(C)=O,,,CHEMBL1137429,J Med Chem,2006,"{'bei': '14.04', 'le': '0.27', 'lle': '4.78', 'sei': '5.48'}",,CHEMBL211384,,CHEMBL211384,7.00,0,http://www.openphacts.org/units/Nanomolar,499619,=,1,1,=,,IC50,nM,,100.0,CHEMBL4822,Homo sapiens,Beta-secretase 1,9606,,,IC50,uM,UO_0000065,,0.1
,,1737441,[],CHEMBL866006,Inhibition of BACE,B,,,BAO_0000190,BAO_0000357,single protein format,CCCCNC(=O)[C@H](C)C[C@H](O)[C@H](CC(C)C)NC(=O)[C@H](C)NC(=O)[C@H](CC(C)C)NC(C)=O,,,CHEMBL1137429,J Med Chem,2006,"{'bei': '14.28', 'le': '0.28', 'lle': '5.04', 'sei': '5.07'}",,CHEMBL209795,,CHEMBL209795,6.92,0,http://www.openphacts.org/units/Nanomolar,499618,=,1,1,=,,IC50,nM,,120.0,CHEMBL4822,Homo sapiens,Beta-secretase 1,9606,,,IC50,uM,UO_0000065,,0.12
,,1737451,[],CHEMBL866006,Inhibition of BACE,B,,,BAO_0000190,BAO_0000357,single protein format,CCCCNC(=O)[C@H](C)C[C@H](O)[C@@H]1CSC/C=C/CSC[C@H](N)C(=O)N[C@@H](C)C(=O)N1,,,CHEMBL1137429,J Med Chem,2006,,,CHEMBL209847,,CHEMBL209847,,0,http://www.openphacts.org/units/Nanomolar,499617,>,1,1,>,,IC50,nM,,10000.0,CHEMBL4822,Homo sapiens,Beta-secretase 1,9606,,,IC50,uM,UO_0000065,,10.0
,,1737458,[],CHEMBL866006,Inhibition of BACE,B,,,BAO_0000190,BAO_0000357,single protein format,CCCCNC(=O)[C@H](C)C[C@H](O)[C@@H]1CSC/C=C/CSCCC(=O)N[C@@H](C)C(=O)N1,,,CHEMBL1137429,J Med Chem,2006,,,CHEMBL212321,,CHEMBL212321,,0,http://www.openphacts.org/units/Nanomolar,499616,>,1,1,>,,IC50,nM,,10000.0,CHEMBL4822,Homo sapiens,Beta-secretase 1,9606,,,IC50,uM,UO_0000065,,10.0
,,1737466,[],CHEMBL866006,Inhibition of BACE,B,,,BAO_0000190,BAO_0000357,single protein format,CCCCNC(=O)[C@H](C)C[C@H](O)[C@@H]1CSC/C=C\CSCCC(=O)N[C@@H](C)C(=O)N1,,,CHEMBL1137429,J Med Chem,2006,,,CHEMBL211848,,CHEMBL211848,,0,http://www.openphacts.org/units/Nanomolar,499615,>,1,1,>,,IC50,nM,,10000.0,CHEMBL4822,Homo sapiens,Beta-secretase 1,9606,,,IC50,uM,UO_0000065,,10.0
,,1737476,[],CHEMBL866006,Inhibition of BACE,B,,,BAO_0000190,BAO_0000357,single protein format,CCCCNC(=O)[C@H](C)C[C@H](O)[C@@H]1CSCCCCCCSC[C@H](NC(C)=O)C(=O)N[C@@H](C)C(=O)N1,,,CHEMBL1137429,J Med Chem,2006,,,CHEMBL213830,,CHEMBL213830,,0,http://www.openphacts.org/units/Nanomolar,499613,>,1,1,>,,IC50,nM,,10000.0,CHEMBL4822,Homo sapiens,Beta-secretase 1,9606,,,IC50,uM,UO_0000065,,10.0
,,1737492,[],CHEMBL866006,Inhibition of BACE,B,,,BAO_0000190,BAO_0000357,single protein format,CCCCNC(=O)[C@H](C)C[C@H](O)[C@@H]1CSCCCCCSC[C@H](NC(C)=O)C(=O)N[C@@H](C)C(=O)N1,,,CHEMBL1137429,J Med Chem,2006,,,CHEMBL213858,,CHEMBL213858,,0,http://www.openphacts.org/units/Nanomolar,499612,>,1,1,>,,IC50,nM,,10000.0,CHEMBL4822,Homo sapiens,Beta-secretase 1,9606,,,IC50,uM,UO_0000065,,10.0
,,1737575,[],CHEMBL866006,Inhibition of BACE,B,,,BAO_0000190,BAO_0000357,single protein format,CCCCNC(=O)[C@H](C)C[C@H](O)[C@@H]1CSCCCCSC[C@H](NC(C)=O)C(=O)N[C@@H](C)C(=O)N1,,,CHEMBL1137429,J Med Chem,2006,,,CHEMBL211152,,CHEMBL211152,,0,http://www.openphacts.org/units/Nanomolar,499611,>,1,1,>,,IC50,nM,,10000.0,CHEMBL4822,Homo sapiens,Beta-secretase 1,9606,,,IC50,uM,UO_0000065,,10.0
,,1737586,[],CHEMBL866006,Inhibition of BACE,B,,,BAO_0000190,BAO_0000357,single protein format,CCCCNC(=O)[C@H](C)C[C@H](O)[C@@H]1CSC/C=C/CSC[C@H](NC(=O)OC(C)(C)C)C(=O)N[C@@H](C)C(=O)N1,,,CHEMBL1137429,J Med Chem,2006,"{'bei': '10.24', 'le': '0.21', 'lle': '3.68', 'sei': '4.04'}",,CHEMBL378897,,CHEMBL378897,5.89,0,http://www.openphacts.org/units/Nanomolar,499610,=,1,1,=,,IC50,nM,,1300.0,CHEMBL4822,Homo sapiens,Beta-secretase 1,9606,,,IC50,uM,UO_0000065,,1.3
,,1737597,[],CHEMBL866006,Inhibition of BACE,B,,,BAO_0000190,BAO_0000357,single protein format,CCCCNC(=O)[C@H](C)C[C@H](O)[C@@H]1CSC/C=C\CSC[C@H](NC(=O)OC(C)(C)C)C(=O)N[C@@H](C)C(=O)N1,,,CHEMBL1137429,J Med Chem,2006,"{'bei': '8.78', 'le': '0.18', 'lle': '2.84', 'sei': '3.46'}",,CHEMBL211499,,CHEMBL211499,5.05,0,http://www.openphacts.org/units/Nanomolar,499609,=,1,1,=,,IC50,nM,,9000.0,CHEMBL4822,Homo sapiens,Beta-secretase 1,9606,,,IC50,uM,UO_0000065,,9.0
,,1737614,[],CHEMBL866006,Inhibition of BACE,B,,,BAO_0000190,BAO_0000357,single protein format,CCCCNC(=O)[C@H](C)C[C@H](O)[C@@H]1CSCc2ccc(cc2)CSC[C@H](NC(=O)OC(C)(C)C)C(=O)N[C@@H](C)C(=O)N1,,,CHEMBL1137429,J Med Chem,2006,,,CHEMBL212357,,CHEMBL212357,,0,http://www.openphacts.org/units/Nanomolar,499608,>,1,1,>,,IC50,nM,,10000.0,CHEMBL4822,Homo sapiens,Beta-secretase 1,9606,,,IC50,uM,UO_0000065,,10.0
,,1737624,[],CHEMBL866006,Inhibition of BACE,B,,,BAO_0000190,BAO_0000357,single protein format,CCCCNC(=O)[C@H](C)C[C@H](O)[C@@H]1CSCCCCCCSC[C@H](NC(=O)OC(C)(C)C)C(=O)N[C@@H](C)C(=O)N1,,,CHEMBL1137429,J Med Chem,2006,,,CHEMBL211107,,CHEMBL211107,,0,http://www.openphacts.org/units/Nanomolar,499607,>,1,1,>,,IC50,nM,,10000.0,CHEMBL4822,Homo sapiens,Beta-secretase 1,9606,,,IC50,uM,UO_0000065,,10.0
,,1737635,[],CHEMBL866006,Inhibition of BACE,B,,,BAO_0000190,BAO_0000357,single protein format,CCCCNC(=O)[C@H](C)C[C@H](O)[C@@H]1CSCCCCCSC[C@H](NC(=O)OC(C)(C)C)C(=O)N[C@@H](C)C(=O)N1,,,CHEMBL1137429,J Med Chem,2006,"{'bei': '8.08', 'le': '0.17', 'lle': '1.95', 'sei': '3.27'}",,CHEMBL211432,,CHEMBL211432,4.77,0,http://www.openphacts.org/units/Nanomolar,499606,=,1,1,=,,IC50,nM,,16900.0,CHEMBL4822,Homo sapiens,Beta-secretase 1,9606,,,IC50,uM,UO_0000065,,16.9
,,1737643,[],CHEMBL866006,Inhibition of BACE,B,,,BAO_0000190,BAO_0000357,single protein format,CCCCNC(=O)[C@H](C)C[C@H](O)[C@@H]1CSCCCCSC[C@H](NC(=O)OC(C)(C)C)C(=O)N[C@@H](C)C(=O)N1,,,CHEMBL1137429,J Med Chem,2006,"{'bei': '8.15', 'le': '0.17', 'lle': '2.27', 'sei': '3.22'}",,CHEMBL213301,,CHEMBL213301,4.70,0,http://www.openphacts.org/units/Nanomolar,499605,=,1,1,=,,IC50,nM,,20000.0,CHEMBL4822,Homo sapiens,Beta-secretase 1,9606,,,IC50,uM,UO_0000065,,20.0
,,1738465,[],CHEMBL871431,Inhibition of BACE1 by FRET assay,B,,,BAO_0000190,BAO_0000357,single protein format,O=C(Nc1cc(-c2ccccc2)ccc1N1CCNCC1)c1cc2ccccc2oc1=O.O=C(O)C(F)(F)F,,,CHEMBL1138092,J Med Chem,2006,"{'bei': '14.66', 'le': '0.27', 'lle': '2.12', 'sei': '8.36'}",,CHEMBL209632,,CHEMBL1164612,6.24,0,http://www.openphacts.org/units/Nanomolar,509985,=,1,1,=,,IC50,nM,,580.0,CHEMBL4822,Homo sapiens,Beta-secretase 1,9606,,,IC50,uM,UO_0000065,,0.58
,,1738467,[],CHEMBL871431,Inhibition of BACE1 by FRET assay,B,,,BAO_0000190,BAO_0000357,single protein format,O=C(Nc1cc(-c2ccccc2)ccc1N1CCN(Cc2ccccc2)CC1)c1cc2ccccc2oc1=O,,,CHEMBL1138092,J Med Chem,2006,"{'bei': '13.23', 'le': '0.24', 'lle': '0.79', 'sei': '10.37'}",,CHEMBL212578,,CHEMBL212578,6.82,0,http://www.openphacts.org/units/Nanomolar,509984,=,1,1,=,,IC50,nM,,151.0,CHEMBL4822,Homo sapiens,Beta-secretase 1,9606,,,IC50,uM,UO_0000065,,0.151
,,1738469,[],CHEMBL871431,Inhibition of BACE1 by FRET assay,B,,,BAO_0000190,BAO_0000357,single protein format,CC(C)(C)OC(=O)N1CCN(c2ccc(-c3ccccc3)cc2NC(=O)c2cc3ccccc3oc2=O)CC1,,,CHEMBL1138092,J Med Chem,2006,"{'bei': '9.51', 'le': '0.18', 'lle': '-0.77', 'sei': '5.43'}",,CHEMBL210451,,CHEMBL210451,5.00,0,http://www.openphacts.org/units/Nanomolar,509983,=,1,1,=,,IC50,nM,,10000.0,CHEMBL4822,Homo sapiens,Beta-secretase 1,9606,,,IC50,uM,UO_0000065,,10.0
,,1738470,[],CHEMBL871431,Inhibition of BACE1 by FRET assay,B,,,BAO_0000190,BAO_0000357,single protein format,COc1cccc2cc(C(=O)Nc3cc(Br)ccc3N3CCN(CCO)CC3)c(=O)oc12,,,CHEMBL1138092,J Med Chem,2006,"{'bei': '11.94', 'le': '0.26', 'lle': '3.07', 'sei': '6.30'}",,CHEMBL209052,,CHEMBL209052,6.00,0,http://www.openphacts.org/units/Nanomolar,509982,=,1,1,=,,IC50,nM,,1000.0,CHEMBL4822,Homo sapiens,Beta-secretase 1,9606,,,IC50,uM,UO_0000065,,1.0
,,1738471,[],CHEMBL871431,Inhibition of BACE1 by FRET assay,B,,,BAO_0000190,BAO_0000357,single protein format,COc1cccc2cc(C(=O)Nc3cc(Br)ccc3N3CCNCC3)c(=O)oc12.O=C(O)C(F)(F)F,,,CHEMBL1138092,J Med Chem,2006,"{'bei': '11.57', 'le': '0.25', 'lle': '2.07', 'sei': '6.33'}",,CHEMBL206557,,CHEMBL1165583,5.30,0,http://www.openphacts.org/units/Nanomolar,509981,=,1,1,=,,IC50,nM,,5000.0,CHEMBL4822,Homo sapiens,Beta-secretase 1,9606,,,IC50,uM,UO_0000065,,5.0
,,1738472,[],CHEMBL871431,Inhibition of BACE1 by FRET assay,B,,,BAO_0000190,BAO_0000357,single protein format,COc1cccc2cc(C(=O)Nc3cc(Br)ccc3N3CCN(Cc4ccccc4)CC3)c(=O)oc12,,,CHEMBL1138092,J Med Chem,2006,,,CHEMBL381617,,CHEMBL381617,,0,http://www.openphacts.org/units/Nanomolar,509980,>,1,1,>,,IC50,nM,,5000.0,CHEMBL4822,Homo sapiens,Beta-secretase 1,9606,,,IC50,uM,UO_0000065,,5.0
,,1738474,[],CHEMBL871431,Inhibition of BACE1 by FRET assay,B,,,BAO_0000190,BAO_0000357,single protein format,COc1cccc2cc(C(=O)Nc3cc(Br)ccc3N3CCN(C(=O)OC(C)(C)C)CC3)c(=O)oc12,,,CHEMBL1138092,J Med Chem,2006,,,CHEMBL206854,,CHEMBL206854,,0,http://www.openphacts.org/units/Nanomolar,509979,>,1,1,>,,IC50,nM,,1000.0,CHEMBL4822,Homo sapiens,Beta-secretase 1,9606,,,IC50,uM,UO_0000065,,1.0
,,1738484,[],CHEMBL871431,Inhibition of BACE1 by FRET assay,B,,,BAO_0000190,BAO_0000357,single protein format,COc1cccc2cc(C(=O)Nc3cc(Br)ccc3N3CCOCC3)c(=O)oc12,,,CHEMBL1138092,J Med Chem,2006,,,CHEMBL379100,,CHEMBL379100,,0,http://www.openphacts.org/units/Nanomolar,509978,>,1,1,>,,IC50,nM,,10000.0,CHEMBL4822,Homo sapiens,Beta-secretase 1,9606,,,IC50,uM,UO_0000065,,10.0
,,1738503,[],CHEMBL871431,Inhibition of BACE1 by FRET assay,B,,,BAO_0000190,BAO_0000357,single protein format,O=C(Nc1cc(Br)ccc1N1CCN(CCO)CC1)c1cc2ccccc2oc1=O,,,CHEMBL1138092,J Med Chem,2006,"{'bei': '13.13', 'le': '0.28', 'lle': '3.28', 'sei': '7.21'}",,CHEMBL211214,,CHEMBL211214,6.20,0,http://www.openphacts.org/units/Nanomolar,509977,=,1,1,=,,IC50,nM,,630.0,CHEMBL4822,Homo sapiens,Beta-secretase 1,9606,,,IC50,uM,UO_0000065,,0.63
,,1738509,[],CHEMBL871431,Inhibition of BACE1 by FRET assay,B,,,BAO_0000190,BAO_0000357,single protein format,O=C(Nc1cc(Br)ccc1N1CCNCC1)c1cc2ccccc2oc1=O.O=C(O)C(F)(F)F,,,CHEMBL1138092,J Med Chem,2006,"{'bei': '14.42', 'le': '0.31', 'lle': '2.95', 'sei': '8.28'}",,CHEMBL381919,,CHEMBL1165089,6.17,0,http://www.openphacts.org/units/Nanomolar,509976,=,1,1,=,,IC50,nM,,670.0,CHEMBL4822,Homo sapiens,Beta-secretase 1,9606,,,IC50,uM,UO_0000065,,0.67
,,1738525,[],CHEMBL871431,Inhibition of BACE1 by FRET assay,B,,,BAO_0000190,BAO_0000357,single protein format,O=C(Nc1cc(Br)ccc1N1CCN(Cc2ccccc2)CC1)c1cc2ccccc2oc1=O,,,CHEMBL1138092,J Med Chem,2006,"{'bei': '11.80', 'le': '0.25', 'lle': '0.99', 'sei': '9.30'}",,CHEMBL206442,,CHEMBL206442,6.12,0,http://www.openphacts.org/units/Nanomolar,509975,=,1,1,=,,IC50,nM,,760.0,CHEMBL4822,Homo sapiens,Beta-secretase 1,9606,,,IC50,uM,UO_0000065,,0.76
,,1738528,[],CHEMBL871431,Inhibition of BACE1 by FRET assay,B,,,BAO_0000190,BAO_0000357,single protein format,CC(C)(C)OC(=O)N1CCN(c2ccc(Br)cc2NC(=O)c2cc3ccccc3oc2=O)CC1,,,CHEMBL1138092,J Med Chem,2006,"{'bei': '11.36', 'le': '0.24', 'lle': '1.14', 'sei': '6.52'}",,CHEMBL207083,,CHEMBL207083,6.00,0,http://www.openphacts.org/units/Nanomolar,509974,=,1,1,=,,IC50,nM,,1000.0,CHEMBL4822,Homo sapiens,Beta-secretase 1,9606,,,IC50,uM,UO_0000065,,1.0
,,1738534,[],CHEMBL871431,Inhibition of BACE1 by FRET assay,B,,,BAO_0000190,BAO_0000357,single protein format,O=C(Nc1cc(Br)ccc1N1CCOCC1)c1cc2ccccc2oc1=O,,,CHEMBL1138092,J Med Chem,2006,,,CHEMBL212873,,CHEMBL212873,,0,http://www.openphacts.org/units/Nanomolar,509973,>,1,1,>,,IC50,nM,,10000.0,CHEMBL4822,Homo sapiens,Beta-secretase 1,9606,,,IC50,uM,UO_0000065,,10.0
,,1738538,[],CHEMBL871431,Inhibition of BACE1 by FRET assay,B,,,BAO_0000190,BAO_0000357,single protein format,O=C(Nc1cc(-c2ccccc2)ccc1N1CCN(C(=O)CCCCC2SCCS2)CC1)c1cccc2ccccc12,,,CHEMBL1138092,J Med Chem,2006,"{'bei': '9.10', 'le': '0.18', 'lle': '-2.35', 'sei': '10.29'}",,CHEMBL211097,,CHEMBL211097,5.42,0,http://www.openphacts.org/units/Nanomolar,509972,=,1,1,=,,IC50,nM,,3800.0,CHEMBL4822,Homo sapiens,Beta-secretase 1,9606,,,IC50,uM,UO_0000065,,3.8
,,1738541,[],CHEMBL871431,Inhibition of BACE1 by FRET assay,B,,,BAO_0000190,BAO_0000357,single protein format,O=C(Nc1cc(-c2ccccc2)ccc1N1CCN(C(=O)c2ccccc2)CC1)c1cccc2ccccc12,,,CHEMBL1138092,J Med Chem,2006,"{'bei': '13.88', 'le': '0.25', 'lle': '0.38', 'sei': '13.49'}",,CHEMBL212627,,CHEMBL212627,7.10,0,http://www.openphacts.org/units/Nanomolar,509971,=,1,1,=,,IC50,nM,,79.0,CHEMBL4822,Homo sapiens,Beta-secretase 1,9606,,,IC50,uM,UO_0000065,,0.079
,,1738547,[],CHEMBL871431,Inhibition of BACE1 by FRET assay,B,,,BAO_0000190,BAO_0000357,single protein format,O=C(Nc1cc(-c2ccccc2)ccc1N1CCN(CC[C@@H](O)c2ccccc2)CC1)c1cccc2ccccc12,,,CHEMBL1138092,J Med Chem,2006,"{'bei': '13.54', 'le': '0.24', 'lle': '0.34', 'sei': '13.15'}",,CHEMBL208903,,CHEMBL208903,7.34,0,http://www.openphacts.org/units/Nanomolar,509970,=,1,1,=,,IC50,nM,,46.0,CHEMBL4822,Homo sapiens,Beta-secretase 1,9606,,,IC50,uM,UO_0000065,,0.046
,,1738554,[],CHEMBL871431,Inhibition of BACE1 by FRET assay,B,,,BAO_0000190,BAO_0000357,single protein format,O=C(Nc1cc(-c2ccccc2)ccc1N1CCN(CC[C@H](O)c2ccccc2)CC1)c1cccc2ccccc12,,,CHEMBL1138092,J Med Chem,2006,"{'bei': '13.22', 'le': '0.24', 'lle': '0.16', 'sei': '12.83'}",,CHEMBL378052,,CHEMBL378052,7.16,0,http://www.openphacts.org/units/Nanomolar,509969,=,1,1,=,,IC50,nM,,69.0,CHEMBL4822,Homo sapiens,Beta-secretase 1,9606,,,IC50,uM,UO_0000065,,0.069
,,1738576,[],CHEMBL871431,Inhibition of BACE1 by FRET assay,B,,,BAO_0000190,BAO_0000357,single protein format,NCCCCCN1CCN(c2ccc(-c3ccccc3)cc2NC(=O)c2cccc3ccccc23)CC1,,,CHEMBL1138092,J Med Chem,2006,"{'bei': '14.55', 'le': '0.26', 'lle': '1.16', 'sei': '11.64'}",,CHEMBL379820,,CHEMBL379820,7.17,0,http://www.openphacts.org/units/Nanomolar,509968,=,1,1,=,,IC50,nM,,68.0,CHEMBL4822,Homo sapiens,Beta-secretase 1,9606,,,IC50,uM,UO_0000065,,0.068
,,1738580,[],CHEMBL871431,Inhibition of BACE1 by FRET assay,B,,,BAO_0000190,BAO_0000357,single protein format,O=C(Nc1cc(-c2ccccc2)ccc1N1CCN(CCCCCN2C(=O)c3ccccc3C2=O)CC1)c1cccc2ccccc12,,,CHEMBL1138092,J Med Chem,2006,"{'bei': '11.24', 'le': '0.20', 'lle': '-0.35', 'sei': '9.59'}",,CHEMBL379067,,CHEMBL379067,7.00,0,http://www.openphacts.org/units/Nanomolar,509967,=,1,1,=,,IC50,nM,,100.0,CHEMBL4822,Homo sapiens,Beta-secretase 1,9606,,,IC50,uM,UO_0000065,,0.1
,,1738585,[],CHEMBL871431,Inhibition of BACE1 by FRET assay,B,,,BAO_0000190,BAO_0000357,single protein format,CCOC(=O)CN1CCN(c2ccc(-c3ccccc3)cc2NC(=O)c2cccc3ccccc23)CC1,,,CHEMBL1138092,J Med Chem,2006,"{'bei': '14.27', 'le': '0.26', 'lle': '1.61', 'sei': '11.39'}",,CHEMBL211256,,CHEMBL211256,7.05,0,http://www.openphacts.org/units/Nanomolar,509966,=,1,1,=,,IC50,nM,,90.0,CHEMBL4822,Homo sapiens,Beta-secretase 1,9606,,,IC50,uM,UO_0000065,,0.09
,,1738603,[],CHEMBL871431,Inhibition of BACE1 by FRET assay,B,,,BAO_0000190,BAO_0000357,single protein format,O=C(Nc1cc(-c2ccccc2)ccc1N1CCN(CCO)CC1)c1cccc2ccccc12,,,CHEMBL1138092,J Med Chem,2006,"{'bei': '15.41', 'le': '0.28', 'lle': '2.09', 'sei': '12.47'}",,CHEMBL377581,,CHEMBL377581,6.96,0,http://www.openphacts.org/units/Nanomolar,509965,=,1,1,=,,IC50,nM,,110.0,CHEMBL4822,Homo sapiens,Beta-secretase 1,9606,,,IC50,uM,UO_0000065,,0.11
,,1738630,[],CHEMBL871431,Inhibition of BACE1 by FRET assay,B,,,BAO_0000190,BAO_0000357,single protein format,O=C(Nc1cc(-c2ccccc2)ccc1N1CCNCC1)c1cccc2ccccc12,,,CHEMBL1138092,J Med Chem,2006,"{'bei': '16.01', 'le': '0.29', 'lle': '1.35', 'sei': '14.70'}",,CHEMBL211995,,CHEMBL211995,6.52,0,http://www.openphacts.org/units/Nanomolar,509964,=,1,1,=,,IC50,nM,,300.0,CHEMBL4822,Homo sapiens,Beta-secretase 1,9606,,,IC50,uM,UO_0000065,,0.3
,,1738638,[],CHEMBL871431,Inhibition of BACE1 by FRET assay,B,,,BAO_0000190,BAO_0000357,single protein format,O=C(Nc1cc(-c2ccccc2)ccc1N1CCN(Cc2ccccc2)CC1)c1cccc2ccccc12,,,CHEMBL1138092,J Med Chem,2006,"{'bei': '11.86', 'le': '0.21', 'lle': '-1.18', 'sei': '16.59'}",,CHEMBL379334,,CHEMBL379334,5.90,0,http://www.openphacts.org/units/Nanomolar,509963,=,1,1,=,,IC50,nM,,1250.0,CHEMBL4822,Homo sapiens,Beta-secretase 1,9606,,,IC50,uM,UO_0000065,,1.25
,Not Determined,1738644,[],CHEMBL871431,Inhibition of BACE1 by FRET assay,B,,,BAO_0000190,BAO_0000357,single protein format,CC(C)(C)OC(=O)N1CCN(c2ccc(-c3ccccc3)cc2NC(=O)c2cccc3ccccc23)CC1,,,CHEMBL1138092,J Med Chem,2006,,,CHEMBL444358,,CHEMBL444358,,0,,509962,,1,0,,,IC50,,,,CHEMBL4822,Homo sapiens,Beta-secretase 1,9606,,,IC50,,,,
,,1738725,[],CHEMBL871431,Inhibition of BACE1 by FRET assay,B,,,BAO_0000190,BAO_0000357,single protein format,O=C(Nc1cc(Br)ccc1N1CCN(CCO)CC1)c1cccc2ccccc12,,,CHEMBL1138092,J Med Chem,2006,"{'bei': '15.63', 'le': '0.33', 'lle': '3.13', 'sei': '12.73'}",,CHEMBL213904,,CHEMBL213904,7.10,0,http://www.openphacts.org/units/Nanomolar,509961,=,1,1,=,,IC50,nM,,79.0,CHEMBL4822,Homo sapiens,Beta-secretase 1,9606,,,IC50,uM,UO_0000065,,0.079
,,1738730,[],CHEMBL871431,Inhibition of BACE1 by FRET assay,B,,,BAO_0000190,BAO_0000357,single protein format,O=C(Nc1cc(Br)ccc1N1CCNCC1)c1cccc2ccccc12,,,CHEMBL1138092,J Med Chem,2006,"{'bei': '14.62', 'le': '0.32', 'lle': '1.74', 'sei': '13.52'}",,CHEMBL378032,,CHEMBL378032,6.00,0,http://www.openphacts.org/units/Nanomolar,509960,=,1,1,=,,IC50,nM,,1000.0,CHEMBL4822,Homo sapiens,Beta-secretase 1,9606,,,IC50,uM,UO_0000065,,1.0
,,1738733,[],CHEMBL871431,Inhibition of BACE1 by FRET assay,B,,,BAO_0000190,BAO_0000357,single protein format,O=C(Nc1cc(Br)ccc1N1CCN(Cc2ccccc2)CC1)c1cccc2ccccc12,,,CHEMBL1138092,J Med Chem,2006,,,CHEMBL380521,,CHEMBL380521,,0,http://www.openphacts.org/units/Nanomolar,509959,>,1,1,>,,IC50,nM,,5000.0,CHEMBL4822,Homo sapiens,Beta-secretase 1,9606,,,IC50,uM,UO_0000065,,5.0
,,1738736,[],CHEMBL871431,Inhibition of BACE1 by FRET assay,B,,,BAO_0000190,BAO_0000357,single protein format,CC(C)(C)OC(=O)N1CCN(c2ccc(Br)cc2NC(=O)c2cccc3ccccc23)CC1,,,CHEMBL1138092,J Med Chem,2006,,,CHEMBL381618,,CHEMBL381618,,0,http://www.openphacts.org/units/Nanomolar,509958,>,1,1,>,,IC50,nM,,1000.0,CHEMBL4822,Homo sapiens,Beta-secretase 1,9606,,,IC50,uM,UO_0000065,,1.0
,,1738740,[],CHEMBL871431,Inhibition of BACE1 by FRET assay,B,,,BAO_0000190,BAO_0000357,single protein format,O=C(Nc1cc(Br)ccc1N1CCOCC1)c1cccc2ccccc12,,,CHEMBL1138092,J Med Chem,2006,,,CHEMBL212681,,CHEMBL212681,,0,http://www.openphacts.org/units/Nanomolar,509957,>,1,1,>,,IC50,nM,,20000.0,CHEMBL4822,Homo sapiens,Beta-secretase 1,9606,,,IC50,uM,UO_0000065,,20.0
,,1753808,[],CHEMBL863608,Inhibition of human recombinant BACE1 at 0.2 uM,B,,,BAO_0000201,BAO_0000357,single protein format,CC(C)C[C@H](NC(=O)[C@@H](NC(=O)[C@@H](N)CNC(=O)c1cccc(O)c1O)C(C)C)C(=O)N[C@@H](Cc1ccccc1)[C@@H](O)C(=O)Nc1cccc(C(=O)O)c1,,,CHEMBL1145305,Bioorg Med Chem Lett,2006,,,CHEMBL209496,,CHEMBL209496,,0,http://qudt.org/vocab/unit#Percent,527334,=,1,1,=,,Inhibition,%,,75.0,CHEMBL4822,Homo sapiens,Beta-secretase 1,9606,,,Inhibition,%,UO_0000187,,75.0
,,1753809,[],CHEMBL863608,Inhibition of human recombinant BACE1 at 0.2 uM,B,,,BAO_0000201,BAO_0000357,single protein format,CC(C)C[C@H](NC(=O)[C@@H](NC(=O)[C@@H](N)CNC(=O)c1ccc(O)cc1O)C(C)C)C(=O)N[C@@H](Cc1ccccc1)[C@@H](O)C(=O)Nc1cccc(C(=O)O)c1,,,CHEMBL1145305,Bioorg Med Chem Lett,2006,,,CHEMBL209745,,CHEMBL209745,,0,http://qudt.org/vocab/unit#Percent,527335,=,1,1,=,,Inhibition,%,,59.0,CHEMBL4822,Homo sapiens,Beta-secretase 1,9606,,,Inhibition,%,UO_0000187,,59.0
,,1753810,[],CHEMBL863608,Inhibition of human recombinant BACE1 at 0.2 uM,B,,,BAO_0000201,BAO_0000357,single protein format,CC(C)C[C@H](NC(=O)[C@@H](NC(=O)[C@@H](N)CNC(=O)c1cc(O)ccc1O)C(C)C)C(=O)N[C@@H](Cc1ccccc1)[C@@H](O)C(=O)Nc1cccc(C(=O)O)c1,,,CHEMBL1145305,Bioorg Med Chem Lett,2006,,,CHEMBL377385,,CHEMBL377385,,0,http://qudt.org/vocab/unit#Percent,527336,=,1,1,=,,Inhibition,%,,84.0,CHEMBL4822,Homo sapiens,Beta-secretase 1,9606,,,Inhibition,%,UO_0000187,,84.0
,,1753811,[],CHEMBL863608,Inhibition of human recombinant BACE1 at 0.2 uM,B,,,BAO_0000201,BAO_0000357,single protein format,CC(C)C[C@H](NC(=O)[C@@H](NC(=O)[C@@H](N)CNC(=O)c1cc(O)cc(O)c1)C(C)C)C(=O)N[C@@H](Cc1ccccc1)[C@@H](O)C(=O)Nc1cccc(C(=O)O)c1,,,CHEMBL1145305,Bioorg Med Chem Lett,2006,,,CHEMBL375314,,CHEMBL375314,,0,http://qudt.org/vocab/unit#Percent,527337,=,1,1,=,,Inhibition,%,,60.0,CHEMBL4822,Homo sapiens,Beta-secretase 1,9606,,,Inhibition,%,UO_0000187,,60.0
,,1753812,[],CHEMBL863608,Inhibition of human recombinant BACE1 at 0.2 uM,B,,,BAO_0000201,BAO_0000357,single protein format,CC(C)C[C@H](NC(=O)[C@@H](NC(=O)[C@@H](N)CNC(=O)c1ccoc1)C(C)C)C(=O)N[C@@H](Cc1ccccc1)[C@@H](O)C(=O)Nc1cccc(C(=O)O)c1,,,CHEMBL1145305,Bioorg Med Chem Lett,2006,,,CHEMBL387369,,CHEMBL387369,,0,http://qudt.org/vocab/unit#Percent,527338,=,1,1,=,,Inhibition,%,,38.0,CHEMBL4822,Homo sapiens,Beta-secretase 1,9606,,,Inhibition,%,UO_0000187,,38.0
,,1753815,[],CHEMBL863610,Inhibition of human recombinant BACE1,B,,,BAO_0000190,BAO_0000357,single protein format,CC(C)C[C@H](NC(=O)[C@@H](NC(=O)[C@@H](N)CNC(=O)c1nn[nH]n1)C(C)C)C(=O)N[C@@H](Cc1ccccc1)[C@@H](O)C(=O)Nc1cccc(-c2nn[nH]n2)c1,,,CHEMBL1145305,Bioorg Med Chem Lett,2006,"{'bei': '11.35', 'le': '0.21', 'lle': '9.48', 'sei': '2.77'}",,CHEMBL381826,,CHEMBL381826,8.32,0,http://www.openphacts.org/units/Nanomolar,527350,=,1,1,=,,IC50,nM,,4.8,CHEMBL4822,Homo sapiens,Beta-secretase 1,9606,,,IC50,nM,UO_0000065,,4.8
,,1753816,[],CHEMBL863608,Inhibition of human recombinant BACE1 at 0.2 uM,B,,,BAO_0000201,BAO_0000357,single protein format,CC(C)C[C@H](NC(=O)[C@@H](NC(=O)[C@@H](N)CNC(=O)c1cc(O)nc(O)n1)C(C)C)C(=O)N[C@@H](Cc1ccccc1)[C@@H](O)C(=O)Nc1cccc(C(=O)O)c1,,,CHEMBL1145305,Bioorg Med Chem Lett,2006,,,CHEMBL213551,,CHEMBL213551,,0,http://qudt.org/vocab/unit#Percent,527342,=,1,1,=,,Inhibition,%,,54.0,CHEMBL4822,Homo sapiens,Beta-secretase 1,9606,,,Inhibition,%,UO_0000187,,54.0
,,1753817,[],CHEMBL863608,Inhibition of human recombinant BACE1 at 0.2 uM,B,,,BAO_0000201,BAO_0000357,single protein format,CC(C)C[C@H](NC(=O)[C@@H](NC(=O)[C@@H](N)CNC(=O)c1nc(O)nc(O)c1F)C(C)C)C(=O)N[C@@H](Cc1ccccc1)[C@@H](O)C(=O)Nc1cccc(C(=O)O)c1,,,CHEMBL1145305,Bioorg Med Chem Lett,2006,,,CHEMBL212925,,CHEMBL212925,,0,http://qudt.org/vocab/unit#Percent,527343,=,1,1,=,,Inhibition,%,,82.0,CHEMBL4822,Homo sapiens,Beta-secretase 1,9606,,,Inhibition,%,UO_0000187,,82.0
,,1753818,[],CHEMBL863608,Inhibition of human recombinant BACE1 at 0.2 uM,B,,,BAO_0000201,BAO_0000357,single protein format,CC(C)C[C@H](NC(=O)[C@@H](NC(=O)[C@@H](N)CNC(=O)c1nc(O)nc(O)c1I)C(C)C)C(=O)N[C@@H](Cc1ccccc1)[C@@H](O)C(=O)Nc1cccc(C(=O)O)c1,,,CHEMBL1145305,Bioorg Med Chem Lett,2006,,,CHEMBL384423,,CHEMBL384423,,0,http://qudt.org/vocab/unit#Percent,527344,=,1,1,=,,Inhibition,%,,72.0,CHEMBL4822,Homo sapiens,Beta-secretase 1,9606,,,Inhibition,%,UO_0000187,,72.0
,,1753819,[],CHEMBL863608,Inhibition of human recombinant BACE1 at 0.2 uM,B,,,BAO_0000201,BAO_0000357,single protein format,CC(C)C[C@H](NC(=O)[C@@H](NC(=O)[C@@H](N)CNC(=O)c1nn[nH]n1)C(C)C)C(=O)N[C@@H](Cc1ccccc1)[C@@H](O)C(=O)Nc1cccc(C(=O)O)c1,,,CHEMBL1145305,Bioorg Med Chem Lett,2006,,,CHEMBL183494,,CHEMBL183494,,1,http://qudt.org/vocab/unit#Percent,527345,=,1,1,=,,Inhibition,%,,87.0,CHEMBL4822,Homo sapiens,Beta-secretase 1,9606,,,Inhibition,%,UO_0000187,,87.0
,,1753820,[],CHEMBL863608,Inhibition of human recombinant BACE1 at 0.2 uM,B,,,BAO_0000201,BAO_0000357,single protein format,CC(C)C[C@H](NC(=O)[C@@H](NC(=O)[C@@H](N)CNC(=O)c1cc(O)ccc1O)C(C)C)C(=O)N[C@@H](Cc1ccccc1)[C@@H](O)C(=O)Nc1cccc(-c2nn[nH]n2)c1,,,CHEMBL1145305,Bioorg Med Chem Lett,2006,,,CHEMBL213597,,CHEMBL213597,,0,http://qudt.org/vocab/unit#Percent,527346,=,1,1,=,,Inhibition,%,,93.0,CHEMBL4822,Homo sapiens,Beta-secretase 1,9606,,,Inhibition,%,UO_0000187,,93.0
,,1753821,[],CHEMBL863608,Inhibition of human recombinant BACE1 at 0.2 uM,B,,,BAO_0000201,BAO_0000357,single protein format,CC(C)[C@H](NC(=O)[C@@H](N)CNC(=O)c1cc(O)ccc1O)C(=O)N[C@@H](CC1CCCCC1)C(=O)N[C@@H](Cc1ccccc1)[C@@H](O)C(=O)Nc1cccc(-c2nn[nH]n2)c1,,,CHEMBL1145305,Bioorg Med Chem Lett,2006,,,CHEMBL373789,,CHEMBL373789,,0,http://qudt.org/vocab/unit#Percent,527347,=,1,1,=,,Inhibition,%,,92.0,CHEMBL4822,Homo sapiens,Beta-secretase 1,9606,,,Inhibition,%,UO_0000187,,92.0
,,1753822,[],CHEMBL863608,Inhibition of human recombinant BACE1 at 0.2 uM,B,,,BAO_0000201,BAO_0000357,single protein format,CC(C)C[C@H](NC(=O)[C@@H](NC(=O)[C@@H](N)CNC(=O)c1[nH]c(=O)[nH]c(=O)c1F)C(C)C)C(=O)N[C@@H](Cc1ccccc1)[C@@H](O)C(=O)Nc1cccc(-c2nn[nH]n2)c1,,,CHEMBL1145305,Bioorg Med Chem Lett,2006,,,CHEMBL380381,,CHEMBL380381,,0,http://qudt.org/vocab/unit#Percent,527348,=,1,1,=,,Inhibition,%,,98.0,CHEMBL4822,Homo sapiens,Beta-secretase 1,9606,,,Inhibition,%,UO_0000187,,98.0
,,1753823,[],CHEMBL863608,Inhibition of human recombinant BACE1 at 0.2 uM,B,,,BAO_0000201,BAO_0000357,single protein format,CC(C)[C@H](NC(=O)[C@@H](N)CNC(=O)c1[nH]c(=O)[nH]c(=O)c1F)C(=O)N[C@@H](CC1CCCCC1)C(=O)N[C@@H](Cc1ccccc1)[C@@H](O)C(=O)Nc1cccc(-c2nn[nH]n2)c1,,,CHEMBL1145305,Bioorg Med Chem Lett,2006,,,CHEMBL255838,,CHEMBL255838,,0,http://qudt.org/vocab/unit#Percent,527349,=,1,1,=,,Inhibition,%,,97.0,CHEMBL4822,Homo sapiens,Beta-secretase 1,9606,,,Inhibition,%,UO_0000187,,97.0
,,1753824,[],CHEMBL863608,Inhibition of human recombinant BACE1 at 0.2 uM,B,,,BAO_0000201,BAO_0000357,single protein format,CC(C)C[C@H](NC(=O)[C@@H](NC(=O)[C@@H](N)CNC(=O)c1nn[nH]n1)C(C)C)C(=O)N[C@@H](Cc1ccccc1)[C@@H](O)C(=O)Nc1cccc(-c2nn[nH]n2)c1,,,CHEMBL1145305,Bioorg Med Chem Lett,2006,,,CHEMBL381826,,CHEMBL381826,,0,http://qudt.org/vocab/unit#Percent,527350,=,1,1,=,,Inhibition,%,,98.0,CHEMBL4822,Homo sapiens,Beta-secretase 1,9606,,,Inhibition,%,UO_0000187,,98.0
,,1753825,[],CHEMBL863608,Inhibition of human recombinant BACE1 at 0.2 uM,B,,,BAO_0000201,BAO_0000357,single protein format,CC(C)[C@H](NC(=O)[C@@H](N)CNC(=O)c1nn[nH]n1)C(=O)N[C@@H](CC1CCCCC1)C(=O)N[C@@H](Cc1ccccc1)[C@@H](O)C(=O)Nc1cccc(-c2nn[nH]n2)c1,,,CHEMBL1145305,Bioorg Med Chem Lett,2006,,,CHEMBL411711,,CHEMBL411711,,0,http://qudt.org/vocab/unit#Percent,527351,=,1,1,=,,Inhibition,%,,98.0,CHEMBL4822,Homo sapiens,Beta-secretase 1,9606,,,Inhibition,%,UO_0000187,,98.0
,,1753826,[],CHEMBL863608,Inhibition of human recombinant BACE1 at 0.2 uM,B,,,BAO_0000201,BAO_0000357,single protein format,CC(C)C[C@H](NC(=O)[C@@H](NC(=O)[C@@H](N)CNC(=O)c1cccc(O)c1)C(C)C)C(=O)N[C@@H](Cc1ccccc1)[C@@H](O)C(=O)Nc1cccc(C(=O)O)c1,,,CHEMBL1145305,Bioorg Med Chem Lett,2006,,,CHEMBL378204,,CHEMBL378204,,0,http://qudt.org/vocab/unit#Percent,527333,=,1,1,=,,Inhibition,%,,49.0,CHEMBL4822,Homo sapiens,Beta-secretase 1,9606,,,Inhibition,%,UO_0000187,,49.0
,,1753827,[],CHEMBL863609,Inhibition of BACE1 expressed in HEK293 cells at 100 uM,B,,,BAO_0000201,BAO_0000219,cell-based format,CC(C)C[C@H](NC(=O)[C@@H](NC(=O)[C@@H](N)CNC(=O)c1cccc(O)c1)C(C)C)C(=O)N[C@@H](Cc1ccccc1)[C@@H](O)C(=O)Nc1cccc(C(=O)O)c1,,,CHEMBL1145305,Bioorg Med Chem Lett,2006,,,CHEMBL378204,,CHEMBL378204,,0,http://qudt.org/vocab/unit#Percent,527333,=,1,1,=,,Inhibition,%,,57.0,CHEMBL4822,Homo sapiens,Beta-secretase 1,9606,,,Inhibition,%,UO_0000187,,57.0
,,1753828,[],CHEMBL863609,Inhibition of BACE1 expressed in HEK293 cells at 100 uM,B,,,BAO_0000201,BAO_0000219,cell-based format,CC(C)C[C@H](NC(=O)[C@@H](NC(=O)[C@@H](N)CNC(=O)c1cccc(O)c1O)C(C)C)C(=O)N[C@@H](Cc1ccccc1)[C@@H](O)C(=O)Nc1cccc(C(=O)O)c1,,,CHEMBL1145305,Bioorg Med Chem Lett,2006,,,CHEMBL209496,,CHEMBL209496,,0,http://qudt.org/vocab/unit#Percent,527334,=,1,1,=,,Inhibition,%,,0.0,CHEMBL4822,Homo sapiens,Beta-secretase 1,9606,,,Inhibition,%,UO_0000187,,0.0
,,1753829,[],CHEMBL863609,Inhibition of BACE1 expressed in HEK293 cells at 100 uM,B,,,BAO_0000201,BAO_0000219,cell-based format,CC(C)C[C@H](NC(=O)[C@@H](NC(=O)[C@@H](N)CNC(=O)c1ccc(O)cc1O)C(C)C)C(=O)N[C@@H](Cc1ccccc1)[C@@H](O)C(=O)Nc1cccc(C(=O)O)c1,,,CHEMBL1145305,Bioorg Med Chem Lett,2006,,,CHEMBL209745,,CHEMBL209745,,0,http://qudt.org/vocab/unit#Percent,527335,=,1,1,=,,Inhibition,%,,20.0,CHEMBL4822,Homo sapiens,Beta-secretase 1,9606,,,Inhibition,%,UO_0000187,,20.0
,,1753830,[],CHEMBL863609,Inhibition of BACE1 expressed in HEK293 cells at 100 uM,B,,,BAO_0000201,BAO_0000219,cell-based format,CC(C)C[C@H](NC(=O)[C@@H](NC(=O)[C@@H](N)CNC(=O)c1cc(O)ccc1O)C(C)C)C(=O)N[C@@H](Cc1ccccc1)[C@@H](O)C(=O)Nc1cccc(C(=O)O)c1,,,CHEMBL1145305,Bioorg Med Chem Lett,2006,,,CHEMBL377385,,CHEMBL377385,,0,http://qudt.org/vocab/unit#Percent,527336,=,1,1,=,,Inhibition,%,,58.0,CHEMBL4822,Homo sapiens,Beta-secretase 1,9606,,,Inhibition,%,UO_0000187,,58.0
,,1753831,[],CHEMBL863609,Inhibition of BACE1 expressed in HEK293 cells at 100 uM,B,,,BAO_0000201,BAO_0000219,cell-based format,CC(C)C[C@H](NC(=O)[C@@H](NC(=O)[C@@H](N)CNC(=O)c1cc(O)cc(O)c1)C(C)C)C(=O)N[C@@H](Cc1ccccc1)[C@@H](O)C(=O)Nc1cccc(C(=O)O)c1,,,CHEMBL1145305,Bioorg Med Chem Lett,2006,,,CHEMBL375314,,CHEMBL375314,,0,http://qudt.org/vocab/unit#Percent,527337,=,1,1,=,,Inhibition,%,,69.0,CHEMBL4822,Homo sapiens,Beta-secretase 1,9606,,,Inhibition,%,UO_0000187,,69.0
,,1753832,[],CHEMBL863609,Inhibition of BACE1 expressed in HEK293 cells at 100 uM,B,,,BAO_0000201,BAO_0000219,cell-based format,CC(C)C[C@H](NC(=O)[C@@H](NC(=O)[C@@H](N)CNC(=O)c1ccoc1)C(C)C)C(=O)N[C@@H](Cc1ccccc1)[C@@H](O)C(=O)Nc1cccc(C(=O)O)c1,,,CHEMBL1145305,Bioorg Med Chem Lett,2006,,,CHEMBL387369,,CHEMBL387369,,0,http://qudt.org/vocab/unit#Percent,527338,=,1,1,=,,Inhibition,%,,4.0,CHEMBL4822,Homo sapiens,Beta-secretase 1,9606,,,Inhibition,%,UO_0000187,,4.0
,,1753834,[],CHEMBL863610,Inhibition of human recombinant BACE1,B,,,BAO_0000190,BAO_0000357,single protein format,CC(C)[C@H](NC(=O)[C@@H](N)CNC(=O)c1[nH]c(=O)[nH]c(=O)c1F)C(=O)N[C@@H](CC1CCCCC1)C(=O)N[C@@H](Cc1ccccc1)[C@@H](O)C(=O)Nc1cccc(-c2nn[nH]n2)c1,,,CHEMBL1145305,Bioorg Med Chem Lett,2006,"{'bei': '9.91', 'le': '0.19', 'lle': '8.49', 'sei': '2.65'}",,CHEMBL255838,,CHEMBL255838,8.25,0,http://www.openphacts.org/units/Nanomolar,527349,=,1,1,=,,IC50,nM,,5.6,CHEMBL4822,Homo sapiens,Beta-secretase 1,9606,,,IC50,nM,UO_0000065,,5.6
,,1753835,[],CHEMBL863610,Inhibition of human recombinant BACE1,B,,,BAO_0000190,BAO_0000357,single protein format,CC(C)[C@H](NC(=O)[C@@H](N)CNC(=O)c1nn[nH]n1)C(=O)N[C@@H](CC1CCCCC1)C(=O)N[C@@H](Cc1ccccc1)[C@@H](O)C(=O)Nc1cccc(-c2nn[nH]n2)c1,,,CHEMBL1145305,Bioorg Med Chem Lett,2006,"{'bei': '10.97', 'le': '0.21', 'lle': '8.72', 'sei': '2.82'}",,CHEMBL411711,,CHEMBL411711,8.48,0,http://www.openphacts.org/units/Nanomolar,527351,=,1,1,=,,IC50,nM,,3.3,CHEMBL4822,Homo sapiens,Beta-secretase 1,9606,,,IC50,nM,UO_0000065,,3.3
,,1753836,[],CHEMBL863609,Inhibition of BACE1 expressed in HEK293 cells at 100 uM,B,,,BAO_0000201,BAO_0000219,cell-based format,CC(C)C[C@H](NC(=O)[C@@H](NC(=O)[C@@H](N)CNC(=O)c1cc(O)nc(O)n1)C(C)C)C(=O)N[C@@H](Cc1ccccc1)[C@@H](O)C(=O)Nc1cccc(C(=O)O)c1,,,CHEMBL1145305,Bioorg Med Chem Lett,2006,,,CHEMBL213551,,CHEMBL213551,,0,http://qudt.org/vocab/unit#Percent,527342,=,1,1,=,,Inhibition,%,,46.0,CHEMBL4822,Homo sapiens,Beta-secretase 1,9606,,,Inhibition,%,UO_0000187,,46.0
,,1753837,[],CHEMBL863609,Inhibition of BACE1 expressed in HEK293 cells at 100 uM,B,,,BAO_0000201,BAO_0000219,cell-based format,CC(C)C[C@H](NC(=O)[C@@H](NC(=O)[C@@H](N)CNC(=O)c1nc(O)nc(O)c1F)C(C)C)C(=O)N[C@@H](Cc1ccccc1)[C@@H](O)C(=O)Nc1cccc(C(=O)O)c1,,,CHEMBL1145305,Bioorg Med Chem Lett,2006,,,CHEMBL212925,,CHEMBL212925,,0,http://qudt.org/vocab/unit#Percent,527343,=,1,1,=,,Inhibition,%,,76.0,CHEMBL4822,Homo sapiens,Beta-secretase 1,9606,,,Inhibition,%,UO_0000187,,76.0
,,1753838,[],CHEMBL863609,Inhibition of BACE1 expressed in HEK293 cells at 100 uM,B,,,BAO_0000201,BAO_0000219,cell-based format,CC(C)C[C@H](NC(=O)[C@@H](NC(=O)[C@@H](N)CNC(=O)c1nc(O)nc(O)c1I)C(C)C)C(=O)N[C@@H](Cc1ccccc1)[C@@H](O)C(=O)Nc1cccc(C(=O)O)c1,,,CHEMBL1145305,Bioorg Med Chem Lett,2006,,,CHEMBL384423,,CHEMBL384423,,0,http://qudt.org/vocab/unit#Percent,527344,=,1,1,=,,Inhibition,%,,73.0,CHEMBL4822,Homo sapiens,Beta-secretase 1,9606,,,Inhibition,%,UO_0000187,,73.0
,,1753839,[],CHEMBL863610,Inhibition of human recombinant BACE1,B,,,BAO_0000190,BAO_0000357,single protein format,CC(C)C[C@H](NC(=O)[C@@H](NC(=O)[C@@H](N)CNC(=O)c1[nH]c(=O)[nH]c(=O)c1F)C(C)C)C(=O)N[C@@H](Cc1ccccc1)[C@@H](O)C(=O)Nc1cccc(-c2nn[nH]n2)c1,,,CHEMBL1145305,Bioorg Med Chem Lett,2006,"{'bei': '10.33', 'le': '0.20', 'lle': '9.35', 'sei': '2.62'}",,CHEMBL380381,,CHEMBL380381,8.19,0,http://www.openphacts.org/units/Nanomolar,527348,=,1,1,=,,IC50,nM,,6.5,CHEMBL4822,Homo sapiens,Beta-secretase 1,9606,,,IC50,nM,UO_0000065,,6.5
,,1753840,[],CHEMBL863609,Inhibition of BACE1 expressed in HEK293 cells at 100 uM,B,,,BAO_0000201,BAO_0000219,cell-based format,CC(C)C[C@H](NC(=O)[C@@H](NC(=O)[C@@H](N)CNC(=O)c1cc(O)ccc1O)C(C)C)C(=O)N[C@@H](Cc1ccccc1)[C@@H](O)C(=O)Nc1cccc(-c2nn[nH]n2)c1,,,CHEMBL1145305,Bioorg Med Chem Lett,2006,,,CHEMBL213597,,CHEMBL213597,,0,http://qudt.org/vocab/unit#Percent,527346,=,1,1,=,,Inhibition,%,,65.0,CHEMBL4822,Homo sapiens,Beta-secretase 1,9606,,,Inhibition,%,UO_0000187,,65.0
,,1753841,[],CHEMBL863609,Inhibition of BACE1 expressed in HEK293 cells at 100 uM,B,,,BAO_0000201,BAO_0000219,cell-based format,CC(C)[C@H](NC(=O)[C@@H](N)CNC(=O)c1cc(O)ccc1O)C(=O)N[C@@H](CC1CCCCC1)C(=O)N[C@@H](Cc1ccccc1)[C@@H](O)C(=O)Nc1cccc(-c2nn[nH]n2)c1,,,CHEMBL1145305,Bioorg Med Chem Lett,2006,,,CHEMBL373789,,CHEMBL373789,,0,http://qudt.org/vocab/unit#Percent,527347,=,1,1,=,,Inhibition,%,,69.0,CHEMBL4822,Homo sapiens,Beta-secretase 1,9606,,,Inhibition,%,UO_0000187,,69.0
,,1753842,[],CHEMBL863609,Inhibition of BACE1 expressed in HEK293 cells at 100 uM,B,,,BAO_0000201,BAO_0000219,cell-based format,CC(C)C[C@H](NC(=O)[C@@H](NC(=O)[C@@H](N)CNC(=O)c1[nH]c(=O)[nH]c(=O)c1F)C(C)C)C(=O)N[C@@H](Cc1ccccc1)[C@@H](O)C(=O)Nc1cccc(-c2nn[nH]n2)c1,,,CHEMBL1145305,Bioorg Med Chem Lett,2006,,,CHEMBL380381,,CHEMBL380381,,0,http://qudt.org/vocab/unit#Percent,527348,=,1,1,=,,Inhibition,%,,63.0,CHEMBL4822,Homo sapiens,Beta-secretase 1,9606,,,Inhibition,%,UO_0000187,,63.0
,,1753843,[],CHEMBL863609,Inhibition of BACE1 expressed in HEK293 cells at 100 uM,B,,,BAO_0000201,BAO_0000219,cell-based format,CC(C)[C@H](NC(=O)[C@@H](N)CNC(=O)c1[nH]c(=O)[nH]c(=O)c1F)C(=O)N[C@@H](CC1CCCCC1)C(=O)N[C@@H](Cc1ccccc1)[C@@H](O)C(=O)Nc1cccc(-c2nn[nH]n2)c1,,,CHEMBL1145305,Bioorg Med Chem Lett,2006,,,CHEMBL255838,,CHEMBL255838,,0,http://qudt.org/vocab/unit#Percent,527349,=,1,1,=,,Inhibition,%,,84.0,CHEMBL4822,Homo sapiens,Beta-secretase 1,9606,,,Inhibition,%,UO_0000187,,84.0
,,1753844,[],CHEMBL863609,Inhibition of BACE1 expressed in HEK293 cells at 100 uM,B,,,BAO_0000201,BAO_0000219,cell-based format,CC(C)C[C@H](NC(=O)[C@@H](NC(=O)[C@@H](N)CNC(=O)c1nn[nH]n1)C(C)C)C(=O)N[C@@H](Cc1ccccc1)[C@@H](O)C(=O)Nc1cccc(-c2nn[nH]n2)c1,,,CHEMBL1145305,Bioorg Med Chem Lett,2006,,,CHEMBL381826,,CHEMBL381826,,0,http://qudt.org/vocab/unit#Percent,527350,=,1,1,=,,Inhibition,%,,66.0,CHEMBL4822,Homo sapiens,Beta-secretase 1,9606,,,Inhibition,%,UO_0000187,,66.0
,,1753845,[],CHEMBL863609,Inhibition of BACE1 expressed in HEK293 cells at 100 uM,B,,,BAO_0000201,BAO_0000219,cell-based format,CC(C)[C@H](NC(=O)[C@@H](N)CNC(=O)c1nn[nH]n1)C(=O)N[C@@H](CC1CCCCC1)C(=O)N[C@@H](Cc1ccccc1)[C@@H](O)C(=O)Nc1cccc(-c2nn[nH]n2)c1,,,CHEMBL1145305,Bioorg Med Chem Lett,2006,,,CHEMBL411711,,CHEMBL411711,,0,http://qudt.org/vocab/unit#Percent,527351,=,1,1,=,,Inhibition,%,,59.0,CHEMBL4822,Homo sapiens,Beta-secretase 1,9606,,,Inhibition,%,UO_0000187,,59.0
,,1753846,[],CHEMBL863607,Inhibition of human recombinant BACE1 at 2 uM,B,,,BAO_0000201,BAO_0000357,single protein format,CC(C)C[C@H](NC(=O)[C@@H](NC(=O)[C@@H](N)CNC(=O)c1cccc(O)c1)C(C)C)C(=O)N[C@@H](Cc1ccccc1)[C@@H](O)C(=O)Nc1cccc(C(=O)O)c1,,,CHEMBL1145305,Bioorg Med Chem Lett,2006,,,CHEMBL378204,,CHEMBL378204,,0,http://qudt.org/vocab/unit#Percent,527333,=,1,1,=,,Inhibition,%,,91.0,CHEMBL4822,Homo sapiens,Beta-secretase 1,9606,,,Inhibition,%,UO_0000187,,91.0
,,1753847,[],CHEMBL863607,Inhibition of human recombinant BACE1 at 2 uM,B,,,BAO_0000201,BAO_0000357,single protein format,CC(C)C[C@H](NC(=O)[C@@H](NC(=O)[C@@H](N)CNC(=O)c1cccc(O)c1O)C(C)C)C(=O)N[C@@H](Cc1ccccc1)[C@@H](O)C(=O)Nc1cccc(C(=O)O)c1,,,CHEMBL1145305,Bioorg Med Chem Lett,2006,,,CHEMBL209496,,CHEMBL209496,,0,http://qudt.org/vocab/unit#Percent,527334,=,1,1,=,,Inhibition,%,,89.0,CHEMBL4822,Homo sapiens,Beta-secretase 1,9606,,,Inhibition,%,UO_0000187,,89.0
,,1753848,[],CHEMBL863607,Inhibition of human recombinant BACE1 at 2 uM,B,,,BAO_0000201,BAO_0000357,single protein format,CC(C)C[C@H](NC(=O)[C@@H](NC(=O)[C@@H](N)CNC(=O)c1ccc(O)cc1O)C(C)C)C(=O)N[C@@H](Cc1ccccc1)[C@@H](O)C(=O)Nc1cccc(C(=O)O)c1,,,CHEMBL1145305,Bioorg Med Chem Lett,2006,,,CHEMBL209745,,CHEMBL209745,,0,http://qudt.org/vocab/unit#Percent,527335,=,1,1,=,,Inhibition,%,,86.0,CHEMBL4822,Homo sapiens,Beta-secretase 1,9606,,,Inhibition,%,UO_0000187,,86.0
,,1753849,[],CHEMBL863607,Inhibition of human recombinant BACE1 at 2 uM,B,,,BAO_0000201,BAO_0000357,single protein format,CC(C)C[C@H](NC(=O)[C@@H](NC(=O)[C@@H](N)CNC(=O)c1cc(O)ccc1O)C(C)C)C(=O)N[C@@H](Cc1ccccc1)[C@@H](O)C(=O)Nc1cccc(C(=O)O)c1,,,CHEMBL1145305,Bioorg Med Chem Lett,2006,,,CHEMBL377385,,CHEMBL377385,,0,http://qudt.org/vocab/unit#Percent,527336,=,1,1,=,,Inhibition,%,,98.0,CHEMBL4822,Homo sapiens,Beta-secretase 1,9606,,,Inhibition,%,UO_0000187,,98.0
,,1753850,[],CHEMBL863607,Inhibition of human recombinant BACE1 at 2 uM,B,,,BAO_0000201,BAO_0000357,single protein format,CC(C)C[C@H](NC(=O)[C@@H](NC(=O)[C@@H](N)CNC(=O)c1cc(O)cc(O)c1)C(C)C)C(=O)N[C@@H](Cc1ccccc1)[C@@H](O)C(=O)Nc1cccc(C(=O)O)c1,,,CHEMBL1145305,Bioorg Med Chem Lett,2006,,,CHEMBL375314,,CHEMBL375314,,0,http://qudt.org/vocab/unit#Percent,527337,=,1,1,=,,Inhibition,%,,94.0,CHEMBL4822,Homo sapiens,Beta-secretase 1,9606,,,Inhibition,%,UO_0000187,,94.0
,,1753851,[],CHEMBL863607,Inhibition of human recombinant BACE1 at 2 uM,B,,,BAO_0000201,BAO_0000357,single protein format,CC(C)C[C@H](NC(=O)[C@@H](NC(=O)[C@@H](N)CNC(=O)c1ccoc1)C(C)C)C(=O)N[C@@H](Cc1ccccc1)[C@@H](O)C(=O)Nc1cccc(C(=O)O)c1,,,CHEMBL1145305,Bioorg Med Chem Lett,2006,,,CHEMBL387369,,CHEMBL387369,,0,http://qudt.org/vocab/unit#Percent,527338,=,1,1,=,,Inhibition,%,,82.0,CHEMBL4822,Homo sapiens,Beta-secretase 1,9606,,,Inhibition,%,UO_0000187,,82.0
,,1753852,[],CHEMBL863607,Inhibition of human recombinant BACE1 at 2 uM,B,,,BAO_0000201,BAO_0000357,single protein format,CC(C)C[C@H](NC(=O)[C@@H](NC(=O)[C@@H](N)CNC(=O)c1cc[nH]c1)C(C)C)C(=O)N[C@@H](Cc1ccccc1)[C@@H](O)C(=O)Nc1cccc(C(=O)O)c1,,,CHEMBL1145305,Bioorg Med Chem Lett,2006,,,CHEMBL377127,,CHEMBL377127,,0,http://qudt.org/vocab/unit#Percent,527339,=,1,1,=,,Inhibition,%,,69.0,CHEMBL4822,Homo sapiens,Beta-secretase 1,9606,,,Inhibition,%,UO_0000187,,69.0
,,1753853,[],CHEMBL863607,Inhibition of human recombinant BACE1 at 2 uM,B,,,BAO_0000201,BAO_0000357,single protein format,CC(C)C[C@H](NC(=O)[C@@H](NC(=O)[C@@H](N)CNC(=O)[C@@H]1CC(=O)NC(=O)N1)C(C)C)C(=O)N[C@@H](Cc1ccccc1)[C@@H](O)C(=O)Nc1cccc(C(=O)O)c1,,,CHEMBL1145305,Bioorg Med Chem Lett,2006,,,CHEMBL380166,,CHEMBL380166,,0,http://qudt.org/vocab/unit#Percent,527340,=,1,1,=,,Inhibition,%,,40.0,CHEMBL4822,Homo sapiens,Beta-secretase 1,9606,,,Inhibition,%,UO_0000187,,40.0
,,1753854,[],CHEMBL863607,Inhibition of human recombinant BACE1 at 2 uM,B,,,BAO_0000201,BAO_0000357,single protein format,CC(C)C[C@H](NC(=O)[C@@H](NC(=O)[C@@H](N)CNC(=O)[C@H]1CC(=O)NC(=O)N1)C(C)C)C(=O)N[C@@H](Cc1ccccc1)[C@@H](O)C(=O)Nc1cccc(C(=O)O)c1,,,CHEMBL1145305,Bioorg Med Chem Lett,2006,,,CHEMBL213644,,CHEMBL213644,,0,http://qudt.org/vocab/unit#Percent,527341,=,1,1,=,,Inhibition,%,,13.0,CHEMBL4822,Homo sapiens,Beta-secretase 1,9606,,,Inhibition,%,UO_0000187,,13.0
,,1753855,[],CHEMBL863607,Inhibition of human recombinant BACE1 at 2 uM,B,,,BAO_0000201,BAO_0000357,single protein format,CC(C)C[C@H](NC(=O)[C@@H](NC(=O)[C@@H](N)CNC(=O)c1cc(O)nc(O)n1)C(C)C)C(=O)N[C@@H](Cc1ccccc1)[C@@H](O)C(=O)Nc1cccc(C(=O)O)c1,,,CHEMBL1145305,Bioorg Med Chem Lett,2006,,,CHEMBL213551,,CHEMBL213551,,0,http://qudt.org/vocab/unit#Percent,527342,=,1,1,=,,Inhibition,%,,90.0,CHEMBL4822,Homo sapiens,Beta-secretase 1,9606,,,Inhibition,%,UO_0000187,,90.0
,,1753856,[],CHEMBL863607,Inhibition of human recombinant BACE1 at 2 uM,B,,,BAO_0000201,BAO_0000357,single protein format,CC(C)C[C@H](NC(=O)[C@@H](NC(=O)[C@@H](N)CNC(=O)c1nc(O)nc(O)c1F)C(C)C)C(=O)N[C@@H](Cc1ccccc1)[C@@H](O)C(=O)Nc1cccc(C(=O)O)c1,,,CHEMBL1145305,Bioorg Med Chem Lett,2006,,,CHEMBL212925,,CHEMBL212925,,0,http://qudt.org/vocab/unit#Percent,527343,=,1,1,=,,Inhibition,%,,99.0,CHEMBL4822,Homo sapiens,Beta-secretase 1,9606,,,Inhibition,%,UO_0000187,,99.0
,,1753857,[],CHEMBL863607,Inhibition of human recombinant BACE1 at 2 uM,B,,,BAO_0000201,BAO_0000357,single protein format,CC(C)C[C@H](NC(=O)[C@@H](NC(=O)[C@@H](N)CNC(=O)c1nc(O)nc(O)c1I)C(C)C)C(=O)N[C@@H](Cc1ccccc1)[C@@H](O)C(=O)Nc1cccc(C(=O)O)c1,,,CHEMBL1145305,Bioorg Med Chem Lett,2006,,,CHEMBL384423,,CHEMBL384423,,0,http://qudt.org/vocab/unit#Percent,527344,=,1,1,=,,Inhibition,%,,99.0,CHEMBL4822,Homo sapiens,Beta-secretase 1,9606,,,Inhibition,%,UO_0000187,,99.0
,,1753858,[],CHEMBL863607,Inhibition of human recombinant BACE1 at 2 uM,B,,,BAO_0000201,BAO_0000357,single protein format,CC(C)C[C@H](NC(=O)[C@@H](NC(=O)[C@@H](N)CNC(=O)c1nn[nH]n1)C(C)C)C(=O)N[C@@H](Cc1ccccc1)[C@@H](O)C(=O)Nc1cccc(C(=O)O)c1,,,CHEMBL1145305,Bioorg Med Chem Lett,2006,,,CHEMBL183494,,CHEMBL183494,,1,http://qudt.org/vocab/unit#Percent,527345,=,1,1,=,,Inhibition,%,,99.0,CHEMBL4822,Homo sapiens,Beta-secretase 1,9606,,,Inhibition,%,UO_0000187,,99.0
,,1753859,[],CHEMBL863607,Inhibition of human recombinant BACE1 at 2 uM,B,,,BAO_0000201,BAO_0000357,single protein format,CC(C)C[C@H](NC(=O)[C@@H](NC(=O)[C@@H](N)CNC(=O)c1cc(O)ccc1O)C(C)C)C(=O)N[C@@H](Cc1ccccc1)[C@@H](O)C(=O)Nc1cccc(-c2nn[nH]n2)c1,,,CHEMBL1145305,Bioorg Med Chem Lett,2006,,,CHEMBL213597,,CHEMBL213597,,0,http://qudt.org/vocab/unit#Percent,527346,=,1,1,=,,Inhibition,%,,99.0,CHEMBL4822,Homo sapiens,Beta-secretase 1,9606,,,Inhibition,%,UO_0000187,,99.0
,,1753860,[],CHEMBL863607,Inhibition of human recombinant BACE1 at 2 uM,B,,,BAO_0000201,BAO_0000357,single protein format,CC(C)[C@H](NC(=O)[C@@H](N)CNC(=O)c1cc(O)ccc1O)C(=O)N[C@@H](CC1CCCCC1)C(=O)N[C@@H](Cc1ccccc1)[C@@H](O)C(=O)Nc1cccc(-c2nn[nH]n2)c1,,,CHEMBL1145305,Bioorg Med Chem Lett,2006,,,CHEMBL373789,,CHEMBL373789,,0,http://qudt.org/vocab/unit#Percent,527347,=,1,1,=,,Inhibition,%,,99.0,CHEMBL4822,Homo sapiens,Beta-secretase 1,9606,,,Inhibition,%,UO_0000187,,99.0
,,1753861,[],CHEMBL863607,Inhibition of human recombinant BACE1 at 2 uM,B,,,BAO_0000201,BAO_0000357,single protein format,CC(C)C[C@H](NC(=O)[C@@H](NC(=O)[C@@H](N)CNC(=O)c1[nH]c(=O)[nH]c(=O)c1F)C(C)C)C(=O)N[C@@H](Cc1ccccc1)[C@@H](O)C(=O)Nc1cccc(-c2nn[nH]n2)c1,,,CHEMBL1145305,Bioorg Med Chem Lett,2006,,,CHEMBL380381,,CHEMBL380381,,0,http://qudt.org/vocab/unit#Percent,527348,=,1,1,=,,Inhibition,%,,100.0,CHEMBL4822,Homo sapiens,Beta-secretase 1,9606,,,Inhibition,%,UO_0000187,,100.0
,,1753862,[],CHEMBL863607,Inhibition of human recombinant BACE1 at 2 uM,B,,,BAO_0000201,BAO_0000357,single protein format,CC(C)[C@H](NC(=O)[C@@H](N)CNC(=O)c1[nH]c(=O)[nH]c(=O)c1F)C(=O)N[C@@H](CC1CCCCC1)C(=O)N[C@@H](Cc1ccccc1)[C@@H](O)C(=O)Nc1cccc(-c2nn[nH]n2)c1,,,CHEMBL1145305,Bioorg Med Chem Lett,2006,,,CHEMBL255838,,CHEMBL255838,,0,http://qudt.org/vocab/unit#Percent,527349,=,1,1,=,,Inhibition,%,,100.0,CHEMBL4822,Homo sapiens,Beta-secretase 1,9606,,,Inhibition,%,UO_0000187,,100.0
,,1753863,[],CHEMBL863607,Inhibition of human recombinant BACE1 at 2 uM,B,,,BAO_0000201,BAO_0000357,single protein format,CC(C)C[C@H](NC(=O)[C@@H](NC(=O)[C@@H](N)CNC(=O)c1nn[nH]n1)C(C)C)C(=O)N[C@@H](Cc1ccccc1)[C@@H](O)C(=O)Nc1cccc(-c2nn[nH]n2)c1,,,CHEMBL1145305,Bioorg Med Chem Lett,2006,,,CHEMBL381826,,CHEMBL381826,,0,http://qudt.org/vocab/unit#Percent,527350,=,1,1,=,,Inhibition,%,,100.0,CHEMBL4822,Homo sapiens,Beta-secretase 1,9606,,,Inhibition,%,UO_0000187,,100.0
,,1753864,[],CHEMBL863607,Inhibition of human recombinant BACE1 at 2 uM,B,,,BAO_0000201,BAO_0000357,single protein format,CC(C)[C@H](NC(=O)[C@@H](N)CNC(=O)c1nn[nH]n1)C(=O)N[C@@H](CC1CCCCC1)C(=O)N[C@@H](Cc1ccccc1)[C@@H](O)C(=O)Nc1cccc(-c2nn[nH]n2)c1,,,CHEMBL1145305,Bioorg Med Chem Lett,2006,,,CHEMBL411711,,CHEMBL411711,,0,http://qudt.org/vocab/unit#Percent,527351,=,1,1,=,,Inhibition,%,,100.0,CHEMBL4822,Homo sapiens,Beta-secretase 1,9606,,,Inhibition,%,UO_0000187,,100.0
,,1753865,[],CHEMBL863609,Inhibition of BACE1 expressed in HEK293 cells at 100 uM,B,,,BAO_0000201,BAO_0000219,cell-based format,CC(C)C[C@H](NC(=O)[C@@H](NC(=O)[C@@H](N)CNC(=O)c1ccccc1O)C(C)C)C(=O)N[C@@H](Cc1ccccc1)[C@@H](O)C(=O)Nc1cccc(C(=O)O)c1,,,CHEMBL1145305,Bioorg Med Chem Lett,2006,,,CHEMBL378203,,CHEMBL378203,,0,http://qudt.org/vocab/unit#Percent,527332,=,1,1,=,,Inhibition,%,,29.0,CHEMBL4822,Homo sapiens,Beta-secretase 1,9606,,,Inhibition,%,UO_0000187,,29.0
,,1753866,[],CHEMBL863607,Inhibition of human recombinant BACE1 at 2 uM,B,,,BAO_0000201,BAO_0000357,single protein format,CC(C)C[C@H](NC(=O)[C@@H](NC(=O)[C@@H](N)CNC(=O)c1ccccc1O)C(C)C)C(=O)N[C@@H](Cc1ccccc1)[C@@H](O)C(=O)Nc1cccc(C(=O)O)c1,,,CHEMBL1145305,Bioorg Med Chem Lett,2006,,,CHEMBL378203,,CHEMBL378203,,0,http://qudt.org/vocab/unit#Percent,527332,=,1,1,=,,Inhibition,%,,75.0,CHEMBL4822,Homo sapiens,Beta-secretase 1,9606,,,Inhibition,%,UO_0000187,,75.0
,,1771988,[],CHEMBL907773,Inhibition of BACE1 in HEK293T cells,B,,,BAO_0000190,BAO_0000219,cell-based format,CC[C@H](NCC1Cc2cccc(c2)OCCNC(=O)c2cc(cc(N(C)S(C)(=O)=O)c2)C(=O)N1)C(=O)NCC(C)C,,,CHEMBL1137385,J Med Chem,2006,"{'bei': '8.96', 'le': '0.18', 'lle': '3.58', 'sei': '3.61'}",,CHEMBL384496,,CHEMBL384496,5.27,0,http://www.openphacts.org/units/Nanomolar,606309,=,1,1,=,,IC50,nM,,5400.0,CHEMBL4822,Homo sapiens,Beta-secretase 1,9606,,,IC50,nM,UO_0000065,,5400.0
,,1773733,[],CHEMBL908315,Inhibition of BACE1 at pH 4.5,B,,,BAO_0000190,BAO_0000357,single protein format,CNC(=O)c1cc(C(=O)NC(CO)Cc2cccc(OC)c2)cc(N(C)S(C)(=O)=O)c1,,,CHEMBL1137385,J Med Chem,2006,,,CHEMBL264296,,CHEMBL264296,,0,http://www.openphacts.org/units/Nanomolar,606307,>,1,1,>,,IC50,nM,,100000.0,CHEMBL4822,Homo sapiens,Beta-secretase 1,9606,,,IC50,uM,UO_0000065,,100.0
,,1773734,[],CHEMBL908315,Inhibition of BACE1 at pH 4.5,B,,,BAO_0000190,BAO_0000357,single protein format,CCCC[C@H](NC[C@@H]1Cc2cccc(c2)CCCCc2cc(cc(N(CCC)S(C)(=O)=O)c2)C(=O)N1)C(=O)NCC(C)C,,,CHEMBL1137385,J Med Chem,2006,"{'bei': '13.70', 'le': '0.27', 'lle': '3.40', 'sei': '7.80'}",,CHEMBL385374,,CHEMBL385374,8.40,0,http://www.openphacts.org/units/Nanomolar,606312,=,1,1,=,,IC50,nM,,4.0,CHEMBL4822,Homo sapiens,Beta-secretase 1,9606,,,IC50,nM,UO_0000065,,4.0
,,1773735,[],CHEMBL908315,Inhibition of BACE1 at pH 4.5,B,,,BAO_0000190,BAO_0000357,single protein format,CC[C@H](NCC1Cc2cccc(c2)CCCCc2cc(cc(N(C)S(C)(=O)=O)c2)C(=O)N1)C(=O)NCC(C)C,,,CHEMBL1137385,J Med Chem,2006,"{'bei': '12.65', 'le': '0.25', 'lle': '3.61', 'sei': '6.55'}",,CHEMBL217374,,CHEMBL217374,7.05,0,http://www.openphacts.org/units/Nanomolar,606311,=,1,1,=,,IC50,nM,,90.0,CHEMBL4822,Homo sapiens,Beta-secretase 1,9606,,,IC50,nM,UO_0000065,,90.0
,,1773736,[],CHEMBL908315,Inhibition of BACE1 at pH 4.5,B,,,BAO_0000190,BAO_0000357,single protein format,CC[C@H](NCC1Cc2cccc(c2)CCCCCc2cc(cc(N(C)S(C)(=O)=O)c2)C(=O)N1)C(=O)NCC(C)C,,,CHEMBL1137385,J Med Chem,2006,"{'bei': '10.44', 'le': '0.20', 'lle': '2.13', 'sei': '5.54'}",,CHEMBL214963,,CHEMBL214963,5.96,0,http://www.openphacts.org/units/Nanomolar,606310,=,1,1,=,,IC50,nM,,1100.0,CHEMBL4822,Homo sapiens,Beta-secretase 1,9606,,,IC50,nM,UO_0000065,,1100.0
,,1773737,[],CHEMBL908315,Inhibition of BACE1 at pH 4.5,B,,,BAO_0000190,BAO_0000357,single protein format,CC[C@H](NCC1Cc2cccc(c2)OCCNC(=O)c2cc(cc(N(C)S(C)(=O)=O)c2)C(=O)N1)C(=O)NCC(C)C,,,CHEMBL1137385,J Med Chem,2006,"{'bei': '12.75', 'le': '0.25', 'lle': '5.80', 'sei': '5.14'}",,CHEMBL384496,,CHEMBL384496,7.50,0,http://www.openphacts.org/units/Nanomolar,606309,=,1,1,=,,IC50,nM,,32.0,CHEMBL4822,Homo sapiens,Beta-secretase 1,9606,,,IC50,nM,UO_0000065,,32.0
,,1773738,[],CHEMBL908315,Inhibition of BACE1 at pH 4.5,B,,,BAO_0000190,BAO_0000357,single protein format,CN(c1cc2cc(c1)C(=O)NC(CO)Cc1cccc(c1)OCCNC2=O)S(C)(=O)=O,,,CHEMBL1137385,J Med Chem,2006,"{'bei': '12.37', 'le': '0.24', 'lle': '5.00', 'sei': '4.43'}",,CHEMBL386666,,CHEMBL386666,5.54,0,http://www.openphacts.org/units/Nanomolar,606308,=,1,1,=,,IC50,nM,,2900.0,CHEMBL4822,Homo sapiens,Beta-secretase 1,9606,,,IC50,uM,UO_0000065,,2.9
,,1773739,[],CHEMBL907773,Inhibition of BACE1 in HEK293T cells,B,,,BAO_0000190,BAO_0000219,cell-based format,CCCC[C@H](NC[C@@H]1Cc2cccc(c2)CCCCc2cc(cc(N(CCC)S(C)(=O)=O)c2)C(=O)N1)C(=O)NCC(C)C,,,CHEMBL1137385,J Med Chem,2006,"{'bei': '11.62', 'le': '0.23', 'lle': '2.12', 'sei': '6.62'}",,CHEMBL385374,,CHEMBL385374,7.12,0,http://www.openphacts.org/units/Nanomolar,606312,=,1,1,=,,IC50,nM,,76.0,CHEMBL4822,Homo sapiens,Beta-secretase 1,9606,,,IC50,nM,UO_0000065,,76.0
,,1773740,[],CHEMBL907773,Inhibition of BACE1 in HEK293T cells,B,,,BAO_0000190,BAO_0000219,cell-based format,CC[C@H](NCC1Cc2cccc(c2)CCCCc2cc(cc(N(C)S(C)(=O)=O)c2)C(=O)N1)C(=O)NCC(C)C,,,CHEMBL1137385,J Med Chem,2006,"{'bei': '10.67', 'le': '0.21', 'lle': '2.50', 'sei': '5.52'}",,CHEMBL217374,,CHEMBL217374,5.94,0,http://www.openphacts.org/units/Nanomolar,606311,=,1,1,=,,IC50,nM,,1139.0,CHEMBL4822,Homo sapiens,Beta-secretase 1,9606,,,IC50,nM,UO_0000065,,1139.0
,,1776121,[],CHEMBL855556,Inhibition of human recombinant BACE1 by FRET based peptide cleavage assay,B,,,BAO_0000190,BAO_0000357,single protein format,N=C(N)NC(=O)Cn1c(-c2ccccc2)ccc1-c1ccccc1,,,CHEMBL1137408,J Med Chem,2006,"{'bei': '17.06', 'le': '0.31', 'lle': '2.60', 'sei': '6.47'}",,CHEMBL217068,,CHEMBL217068,5.43,0,http://www.openphacts.org/units/Nanomolar,612530,=,1,1,=,,IC50,nM,,3700.0,CHEMBL4822,Homo sapiens,Beta-secretase 1,9606,,,IC50,uM,UO_0000065,,3.7
,,1776126,[],CHEMBL855556,Inhibition of human recombinant BACE1 by FRET based peptide cleavage assay,B,,,BAO_0000190,BAO_0000357,single protein format,CCCOc1ccc(-c2ccc(-c3ccccc3Cl)n2CC(=O)/N=C(/N)NCCCO)cc1,,,CHEMBL1137408,J Med Chem,2006,"{'bei': '14.84', 'le': '0.29', 'lle': '2.88', 'sei': '6.83'}",,CHEMBL401587,,CHEMBL401587,6.96,0,http://www.openphacts.org/units/Nanomolar,612534,=,1,1,=,,IC50,nM,,110.0,CHEMBL4822,Homo sapiens,Beta-secretase 1,9606,,,IC50,uM,UO_0000065,,0.11
,,1776127,[],CHEMBL855556,Inhibition of human recombinant BACE1 by FRET based peptide cleavage assay,B,,,BAO_0000190,BAO_0000357,single protein format,N/C(=N/C(=O)Cn1c(-c2ccccc2)ccc1C12CC3CC(CC(C3)C1)C2)NCCCO,,,CHEMBL1137408,J Med Chem,2006,"{'bei': '15.23', 'le': '0.28', 'lle': '3.18', 'sei': '7.15'}",,CHEMBL403819,,CHEMBL403819,6.62,0,http://www.openphacts.org/units/Nanomolar,612533,=,1,1,=,,IC50,nM,,240.0,CHEMBL4822,Homo sapiens,Beta-secretase 1,9606,,,IC50,uM,UO_0000065,,0.24
,,1776128,[],CHEMBL855556,Inhibition of human recombinant BACE1 by FRET based peptide cleavage assay,B,,,BAO_0000190,BAO_0000357,single protein format,CC(=O)c1ccc(Oc2ccc(-c3ccc(-c4ccccc4Cl)n3CC(=O)NC(=N)N)cc2)cc1,,,CHEMBL1137408,J Med Chem,2006,"{'bei': '13.96', 'le': '0.27', 'lle': '1.32', 'sei': '6.17'}",,CHEMBL253237,,CHEMBL253237,6.80,0,http://www.openphacts.org/units/Nanomolar,612532,=,1,1,=,,IC50,nM,,160.0,CHEMBL4822,Homo sapiens,Beta-secretase 1,9606,,,IC50,uM,UO_0000065,,0.16
,,1776129,[],CHEMBL855556,Inhibition of human recombinant BACE1 by FRET based peptide cleavage assay,B,,,BAO_0000190,BAO_0000357,single protein format,NC(N)=NC(=O)Cn1c(-c2ccccc2)ccc1C12CC3CC(CC(C3)C1)C2,,,CHEMBL1137408,J Med Chem,2006,"{'bei': '16.53', 'le': '0.30', 'lle': '2.80', 'sei': '7.20'}",,CHEMBL402330,,CHEMBL402330,6.22,0,http://www.openphacts.org/units/Nanomolar,612531,=,1,1,=,,IC50,nM,,600.0,CHEMBL4822,Homo sapiens,Beta-secretase 1,9606,,,IC50,uM,UO_0000065,,0.6
,,1795291,[],CHEMBL909824,Inhibition of BACE1-mediated APP processing in HEK293 cells,B,,,BAO_0000190,BAO_0000219,cell-based format,C[C@@H](NC(=O)c1cc(-c2nnc([C@](C)(N)Cc3ccccc3)o2)cc(N(C)S(C)(=O)=O)c1)c1ccc(F)cc1,,,CHEMBL1137293,J Med Chem,2006,"{'bei': '13.03', 'le': '0.25', 'lle': '3.01', 'sei': '5.47'}",,CHEMBL219601,,CHEMBL219601,7.19,0,http://www.openphacts.org/units/Nanomolar,619545,=,1,1,=,,IC50,nM,,65.0,CHEMBL4822,Homo sapiens,Beta-secretase 1,9606,,,IC50,nM,UO_0000065,,65.0
,,1795444,[],CHEMBL909822,Inhibition of BACE1,B,,,BAO_0000190,BAO_0000357,single protein format,C[C@@H](NC(=O)c1cc(-c2nnc([C@](C)(N)Cc3ccccc3)o2)cc(N(C)S(C)(=O)=O)c1)c1ccc(F)cc1,,,CHEMBL1137293,J Med Chem,2006,"{'bei': '14.36', 'le': '0.28', 'lle': '3.74', 'sei': '6.03'}",,CHEMBL219601,,CHEMBL219601,7.92,0,http://www.openphacts.org/units/Nanomolar,619545,=,1,1,=,,IC50,nM,,12.0,CHEMBL4822,Homo sapiens,Beta-secretase 1,9606,,,IC50,nM,UO_0000065,,12.0
,,1795445,[],CHEMBL909822,Inhibition of BACE1,B,,,BAO_0000190,BAO_0000357,single protein format,C[C@@H](NC(=O)c1cc(COC(=O)[C@](C)(N)Cc2ccccc2)cc(N(C)S(C)(=O)=O)c1)c1ccc(F)cc1,,,CHEMBL1137293,J Med Chem,2006,"{'bei': '13.97', 'le': '0.27', 'lle': '3.85', 'sei': '6.37'}",,CHEMBL218451,,CHEMBL218451,7.57,0,http://www.openphacts.org/units/Nanomolar,619544,=,1,1,=,,IC50,nM,,27.0,CHEMBL4822,Homo sapiens,Beta-secretase 1,9606,,,IC50,nM,UO_0000065,,27.0
,,1795446,[],CHEMBL909822,Inhibition of BACE1,B,,,BAO_0000190,BAO_0000357,single protein format,C[C@@H](NC(=O)c1cc(COC[C@](C)(N)Cc2ccccc2)cc(N(C)S(C)(=O)=O)c1)c1ccc(F)cc1,,,CHEMBL1137293,J Med Chem,2006,"{'bei': '12.07', 'le': '0.23', 'lle': '2.18', 'sei': '6.26'}",,CHEMBL373423,,CHEMBL373423,6.37,0,http://www.openphacts.org/units/Nanomolar,619543,=,1,1,=,,IC50,nM,,430.0,CHEMBL4822,Homo sapiens,Beta-secretase 1,9606,,,IC50,nM,UO_0000065,,430.0
,,1795447,[],CHEMBL909822,Inhibition of BACE1,B,,,BAO_0000190,BAO_0000357,single protein format,C[C@@H](NC(=O)c1cc(COC[C@@](N)(CO)Cc2ccccc2)cc(N(C)S(C)(=O)=O)c1)c1ccc(F)cc1,,,CHEMBL1137293,J Med Chem,2006,"{'bei': '10.78', 'le': '0.21', 'lle': '2.70', 'sei': '4.81'}",,CHEMBL386445,,CHEMBL386445,5.86,0,http://www.openphacts.org/units/Nanomolar,619542,=,1,1,=,,IC50,nM,,1370.0,CHEMBL4822,Homo sapiens,Beta-secretase 1,9606,,,IC50,nM,UO_0000065,,1370.0
,,1795448,[],CHEMBL909822,Inhibition of BACE1,B,,,BAO_0000190,BAO_0000357,single protein format,C[C@@H](NC(=O)c1cc(C(=O)NC(CO)(CO)Cc2ccccc2)cc(N(C)S(C)(=O)=O)c1)c1ccc(F)cc1,,,CHEMBL1137293,J Med Chem,2006,"{'bei': '9.99', 'le': '0.20', 'lle': '3.16', 'sei': '4.09'}",,CHEMBL218846,,CHEMBL218846,5.57,0,http://www.openphacts.org/units/Nanomolar,619541,=,1,1,=,,IC50,nM,,2700.0,CHEMBL4822,Homo sapiens,Beta-secretase 1,9606,,,IC50,nM,UO_0000065,,2700.0
,,1795449,[],CHEMBL909822,Inhibition of BACE1,B,,,BAO_0000190,BAO_0000357,single protein format,C[C@@H](NC(=O)c1cc(C(=O)OCC(N)(CO)Cc2ccccc2)cc(N(C)S(C)(=O)=O)c1)c1ccc(F)cc1,,,CHEMBL1137293,J Med Chem,2006,"{'bei': '12.01', 'le': '0.23', 'lle': '3.90', 'sei': '4.82'}",,CHEMBL375217,,CHEMBL375217,6.70,0,http://www.openphacts.org/units/Nanomolar,619540,=,1,1,=,,IC50,nM,,200.0,CHEMBL4822,Homo sapiens,Beta-secretase 1,9606,,,IC50,nM,UO_0000065,,200.0
,,1795450,[],CHEMBL909822,Inhibition of BACE1,B,,,BAO_0000190,BAO_0000357,single protein format,C[C@@H](NC(=O)c1cc(C2=NC(CO)(Cc3ccccc3)CO2)cc(N(C)S(C)(=O)=O)c1)c1ccc(F)cc1,,,CHEMBL1137293,J Med Chem,2006,"{'bei': '9.09', 'le': '0.18', 'lle': '1.44', 'sei': '4.53'}",,CHEMBL216593,,CHEMBL216593,4.90,0,http://www.openphacts.org/units/Nanomolar,619539,=,1,1,=,,IC50,nM,,12500.0,CHEMBL4822,Homo sapiens,Beta-secretase 1,9606,,,IC50,nM,UO_0000065,,12500.0
,,1817949,[],CHEMBL856870,Inhibition of human BACE1 by MBPC125Swe assay,B,,,BAO_0000190,BAO_0000219,cell-based format,CCCN(CCC)C(=O)c1cccc(C(=O)N[C@@H](Cc2cc(F)cc(F)c2)[C@H](O)CN[C@@H](C)C(=O)NCC(C)C)c1,,,CHEMBL1141415,J Med Chem,2007,"{'bei': '11.98', 'le': '0.23', 'lle': '3.21', 'sei': '6.22'}",,CHEMBL375540,,CHEMBL375540,6.89,0,http://www.openphacts.org/units/Nanomolar,625374,=,1,1,=,,IC50,nM,,130.0,CHEMBL4822,Homo sapiens,Beta-secretase 1,9606,,,IC50,nM,UO_0000065,,130.0
,,1817951,[],CHEMBL856870,Inhibition of human BACE1 by MBPC125Swe assay,B,,,BAO_0000190,BAO_0000219,cell-based format,CCCN(CCC)C(=O)c1cc(C)cc(C(=O)N[C@@H](Cc2cc(F)cc(F)c2)[C@H](O)CNCc2cccc(OC)c2)c1,,,CHEMBL1141415,J Med Chem,2007,"{'bei': '13.24', 'le': '0.25', 'lle': '2.66', 'sei': '8.47'}",,CHEMBL221597,,CHEMBL221597,7.70,0,http://www.openphacts.org/units/Nanomolar,625380,=,1,1,=,,IC50,nM,,20.0,CHEMBL4822,Homo sapiens,Beta-secretase 1,9606,,,IC50,nM,UO_0000065,,20.0
,,1817952,[],CHEMBL856870,Inhibition of human BACE1 by MBPC125Swe assay,B,,,BAO_0000190,BAO_0000219,cell-based format,CCCN(CCC)C(=O)c1cc(C)cc(C(=O)N[C@@H](Cc2cc(F)cc(F)c2)[C@H](O)CNCc2cccc(I)c2)c1,,,CHEMBL1141415,J Med Chem,2007,"{'bei': '12.25', 'le': '0.28', 'lle': '2.67', 'sei': '10.16'}",,CHEMBL373533,,CHEMBL373533,8.30,1,http://www.openphacts.org/units/Nanomolar,625379,=,1,1,=,,IC50,nM,,5.0,CHEMBL4822,Homo sapiens,Beta-secretase 1,9606,,,IC50,nM,UO_0000065,,5.0
,,1817953,[],CHEMBL856870,Inhibition of human BACE1 by MBPC125Swe assay,B,,,BAO_0000190,BAO_0000219,cell-based format,CCCN(CCC)C(=O)c1cc(C)cc(C(=O)N[C@@H](Cc2cc(F)cc(F)c2)[C@H](O)CNCc2ccccc2)c1,,,CHEMBL1141415,J Med Chem,2007,"{'bei': '12.48', 'le': '0.24', 'lle': '1.86', 'sei': '8.43'}",,CHEMBL221086,,CHEMBL221086,6.89,0,http://www.openphacts.org/units/Nanomolar,625378,=,1,1,=,,IC50,nM,,130.0,CHEMBL4822,Homo sapiens,Beta-secretase 1,9606,,,IC50,nM,UO_0000065,,130.0
,,1817954,[],CHEMBL856870,Inhibition of human BACE1 by MBPC125Swe assay,B,,,BAO_0000190,BAO_0000219,cell-based format,CCCN(CCC)C(=O)c1cc(C)cc(C(=O)N[C@@H](Cc2cc(F)cc(F)c2)[C@H](O)CNC(C)(C)C(=O)NCC(C)C)c1,,,CHEMBL1141415,J Med Chem,2007,"{'bei': '11.11', 'le': '0.21', 'lle': '2.32', 'sei': '6.05'}",,CHEMBL265862,,CHEMBL265862,6.70,0,http://www.openphacts.org/units/Nanomolar,625377,=,1,1,=,,IC50,nM,,200.0,CHEMBL4822,Homo sapiens,Beta-secretase 1,9606,,,IC50,nM,UO_0000065,,200.0
,,1817955,[],CHEMBL856870,Inhibition of human BACE1 by MBPC125Swe assay,B,,,BAO_0000190,BAO_0000219,cell-based format,CCCN(CCC)C(=O)c1cc(C)cc(C(=O)N[C@@H](Cc2cc(F)cc(F)c2)[C@H](O)CN[C@@H](C)C(=O)NCC(C)C)c1,,,CHEMBL1141415,J Med Chem,2007,"{'bei': '12.15', 'le': '0.23', 'lle': '3.16', 'sei': '6.46'}",,CHEMBL265861,,CHEMBL265861,7.16,0,http://www.openphacts.org/units/Nanomolar,625376,=,1,1,=,,IC50,nM,,70.0,CHEMBL4822,Homo sapiens,Beta-secretase 1,9606,,,IC50,nM,UO_0000065,,70.0
,,1817956,[],CHEMBL856870,Inhibition of human BACE1 by MBPC125Swe assay,B,,,BAO_0000190,BAO_0000219,cell-based format,CCCN(CCC)C(=O)c1cccc(C(=O)N[C@@H](Cc2cc(F)cc(F)c2)[C@H](O)CN[C@H](C)C(=O)NCC(C)C)c1,,,CHEMBL1141415,J Med Chem,2007,"{'bei': '10.96', 'le': '0.21', 'lle': '2.62', 'sei': '5.69'}",,CHEMBL220813,,CHEMBL220813,6.30,0,http://www.openphacts.org/units/Nanomolar,625375,=,1,1,=,,IC50,nM,,500.0,CHEMBL4822,Homo sapiens,Beta-secretase 1,9606,,,IC50,nM,UO_0000065,,500.0
,,1818976,[],CHEMBL919510,Inhibition of BACE1,B,,,BAO_0000190,BAO_0000357,single protein format,Nc1ccc2ccccc2n1,,,CHEMBL1142946,J Med Chem,2007,"{'bei': '18.72', 'le': '0.34', 'lle': '0.88', 'sei': '6.94'}",,CHEMBL61236,,CHEMBL61236,2.70,0,http://www.openphacts.org/units/Nanomolar,626914,=,1,1,=,,IC50,nM,,2000000.0,CHEMBL4822,Homo sapiens,Beta-secretase 1,9606,,,IC50,mM,UO_0000065,,2.0
,,1820610,[],CHEMBL919510,Inhibition of BACE1,B,,,BAO_0000190,BAO_0000357,single protein format,Nc1cccc(CCc2ccccc2)n1,,,CHEMBL1142946,J Med Chem,2007,,,CHEMBL219680,,CHEMBL219680,,0,http://www.openphacts.org/units/Nanomolar,626915,>,1,1,>,,IC50,nM,,2000000.0,CHEMBL4822,Homo sapiens,Beta-secretase 1,9606,,,IC50,mM,UO_0000065,,2.0
,,1820611,[],CHEMBL919510,Inhibition of BACE1,B,,,BAO_0000190,BAO_0000357,single protein format,Nc1cccc(CCc2ccc3cc[nH]c3c2)n1,,,CHEMBL1142946,J Med Chem,2007,"{'bei': '16.97', 'le': '0.31', 'lle': '1.10', 'sei': '7.36'}",,CHEMBL221118,,CHEMBL221118,4.03,0,http://www.openphacts.org/units/Nanomolar,626916,=,1,1,=,,IC50,nM,,94000.0,CHEMBL4822,Homo sapiens,Beta-secretase 1,9606,,,IC50,uM,UO_0000065,,94.0
,,1820612,[],CHEMBL919510,Inhibition of BACE1,B,,,BAO_0000190,BAO_0000357,single protein format,COc1cccc(-c2cccc(CCc3cccc(N)n3)c2)c1,,,CHEMBL1142946,J Med Chem,2007,"{'bei': '15.12', 'le': '0.27', 'lle': '0.48', 'sei': '9.56'}",,CHEMBL221170,,CHEMBL221170,4.60,0,http://www.openphacts.org/units/Nanomolar,626917,=,1,1,=,,IC50,nM,,25000.0,CHEMBL4822,Homo sapiens,Beta-secretase 1,9606,,,IC50,uM,UO_0000065,,25.0
,,1820613,[],CHEMBL919510,Inhibition of BACE1,B,,,BAO_0000190,BAO_0000357,single protein format,CCCOc1cncc(-c2cccc(CNc3cccnc3N)c2)c1,,,CHEMBL1142946,J Med Chem,2007,"{'bei': '13.81', 'le': '0.25', 'lle': '0.49', 'sei': '6.32'}",,CHEMBL220895,,CHEMBL220895,4.62,0,http://www.openphacts.org/units/Nanomolar,626921,=,1,1,=,,IC50,nM,,24000.0,CHEMBL4822,Homo sapiens,Beta-secretase 1,9606,,,IC50,uM,UO_0000065,,24.0
,,1820614,[],CHEMBL919510,Inhibition of BACE1,B,,,BAO_0000190,BAO_0000357,single protein format,COc1cncc(-c2cccc(CNc3cccnc3N)c2)c1,,,CHEMBL1142946,J Med Chem,2007,"{'bei': '14.35', 'le': '0.26', 'lle': '1.05', 'sei': '6.02'}",,CHEMBL220396,,CHEMBL220396,4.40,0,http://www.openphacts.org/units/Nanomolar,626920,=,1,1,=,,IC50,nM,,40000.0,CHEMBL4822,Homo sapiens,Beta-secretase 1,9606,,,IC50,uM,UO_0000065,,40.0
,,1820615,[],CHEMBL919510,Inhibition of BACE1,B,,,BAO_0000190,BAO_0000357,single protein format,Nc1ncccc1NCc1cccc(-c2cccnc2)c1,,,CHEMBL1142946,J Med Chem,2007,"{'bei': '14.47', 'le': '0.26', 'lle': '0.66', 'sei': '6.27'}",,CHEMBL220346,,CHEMBL220346,4.00,0,http://www.openphacts.org/units/Nanomolar,626919,=,1,1,=,,IC50,nM,,100000.0,CHEMBL4822,Homo sapiens,Beta-secretase 1,9606,,,IC50,uM,UO_0000065,,100.0
,,1820616,[],CHEMBL919510,Inhibition of BACE1,B,,,BAO_0000190,BAO_0000357,single protein format,Nc1ncccc1NCc1ccccc1,,,CHEMBL1142946,J Med Chem,2007,"{'bei': '17.61', 'le': '0.32', 'lle': '1.23', 'sei': '6.89'}",,CHEMBL435747,,CHEMBL435747,3.51,0,http://www.openphacts.org/units/Nanomolar,626918,=,1,1,=,,IC50,nM,,310000.0,CHEMBL4822,Homo sapiens,Beta-secretase 1,9606,,,IC50,uM,UO_0000065,,310.0
,,1820617,[],CHEMBL919510,Inhibition of BACE1,B,,,BAO_0000190,BAO_0000357,single protein format,Nc1ncccc1NCc1cc(-c2ccc3cc[nH]c3c2)ccc1OCc1ccccn1,,,CHEMBL1142946,J Med Chem,2007,"{'bei': '12.76', 'le': '0.23', 'lle': '-0.02', 'sei': '6.05'}",,CHEMBL220428,,CHEMBL220428,5.38,0,http://www.openphacts.org/units/Nanomolar,626924,=,1,1,=,,IC50,nM,,4200.0,CHEMBL4822,Homo sapiens,Beta-secretase 1,9606,,,IC50,uM,UO_0000065,,4.2
,,1820618,[],CHEMBL919510,Inhibition of BACE1,B,,,BAO_0000190,BAO_0000357,single protein format,Nc1ncccc1NCc1cc(-c2ccc3cc[nH]c3c2)ccc1OCc1ccccc1,,,CHEMBL1142946,J Med Chem,2007,"{'bei': '14.65', 'le': '0.26', 'lle': '0.16', 'sei': '8.11'}",,CHEMBL220826,,CHEMBL220826,6.16,0,http://www.openphacts.org/units/Nanomolar,626923,=,1,1,=,,IC50,nM,,690.0,CHEMBL4822,Homo sapiens,Beta-secretase 1,9606,,,IC50,uM,UO_0000065,,0.69
,,1820619,[],CHEMBL919510,Inhibition of BACE1,B,,,BAO_0000190,BAO_0000357,single protein format,Nc1ncccc1NCc1cccc(-c2ccc3cc[nH]c3c2)c1,,,CHEMBL1142946,J Med Chem,2007,"{'bei': '16.03', 'le': '0.29', 'lle': '0.62', 'sei': '7.55'}",,CHEMBL220896,,CHEMBL220896,5.04,0,http://www.openphacts.org/units/Nanomolar,626922,=,1,1,=,,IC50,nM,,9100.0,CHEMBL4822,Homo sapiens,Beta-secretase 1,9606,,,IC50,uM,UO_0000065,,9.1
,,1831714,[],CHEMBL919508,Inhibition of human BACE1,B,,,BAO_0000190,BAO_0000357,single protein format,Nc1ncccc1NCc1ccccc1,,,CHEMBL1142945,J Med Chem,2007,"{'bei': '17.61', 'le': '0.32', 'lle': '1.23', 'sei': '6.89'}",,CHEMBL435747,,CHEMBL435747,3.51,1,http://www.openphacts.org/units/Nanomolar,626911,=,1,1,=,,IC50,nM,,310000.0,CHEMBL4822,Homo sapiens,Beta-secretase 1,9606,,,IC50,uM,UO_0000065,,310.0
,,1831715,[],CHEMBL919509,Inhibition of human BACE1 at 1 mM,B,,,BAO_0000201,BAO_0000357,single protein format,Fc1ccc(CC2CCNCC2)cc1,,,CHEMBL1142945,J Med Chem,2007,,,CHEMBL144527,,CHEMBL144527,,0,http://qudt.org/vocab/unit#Percent,626912,=,1,1,=,,Inhibition,%,,66.0,CHEMBL4822,Homo sapiens,Beta-secretase 1,9606,,,Inhibition,%,UO_0000187,,66.0
,,1831717,[],CHEMBL919509,Inhibition of human BACE1 at 1 mM,B,,,BAO_0000375,BAO_0000357,single protein format,Cc1ccc(C)c(OCC(O)CN2CCOCC2)c1,,,CHEMBL1142945,J Med Chem,2007,,,CHEMBL222087,,CHEMBL222087,,0,,626913,,1,0,,Not active,Activity,,,,CHEMBL4822,Homo sapiens,Beta-secretase 1,9606,Not Active,,Activity,,,,
,,1831718,[],CHEMBL919509,Inhibition of human BACE1 at 1 mM,B,,,BAO_0000201,BAO_0000357,single protein format,Nc1cccc2ccncc12,,,CHEMBL1142945,J Med Chem,2007,,,CHEMBL384666,,CHEMBL384666,,0,http://qudt.org/vocab/unit#Percent,626909,=,1,1,=,,Inhibition,%,,30.0,CHEMBL4822,Homo sapiens,Beta-secretase 1,9606,,,Inhibition,%,UO_0000187,,30.0
,,1831719,[],CHEMBL919509,Inhibition of human BACE1 at 1 mM,B,,,BAO_0000201,BAO_0000357,single protein format,Nc1ccc2ccccc2n1,,,CHEMBL1142945,J Med Chem,2007,,,CHEMBL61236,,CHEMBL61236,,0,http://qudt.org/vocab/unit#Percent,626910,=,1,1,=,,Inhibition,%,,30.0,CHEMBL4822,Homo sapiens,Beta-secretase 1,9606,,,Inhibition,%,UO_0000187,,30.0
,,1836967,[],CHEMBL918066,Inhibition of BACE1 by electrochemiluminescence assay,B,,,BAO_0000190,BAO_0000357,single protein format,C=CCN(CC=C)C(=O)c1cc(OCC(=O)NCCCCCN)cc(C(=O)N[C@H](C)c2ccccc2)c1,,,CHEMBL1149241,J Med Chem,2004,"{'bei': '9.08', 'le': '0.17', 'lle': '0.98', 'sei': '4.05'}",,CHEMBL222533,,CHEMBL222533,4.60,0,http://www.openphacts.org/units/Nanomolar,629406,=,1,1,=,,IC50,nM,,25000.0,CHEMBL4822,Homo sapiens,Beta-secretase 1,9606,,,IC50,uM,UO_0000065,,25.0
,,1836968,[],CHEMBL918066,Inhibition of BACE1 by electrochemiluminescence assay,B,,,BAO_0000190,BAO_0000357,single protein format,C[C@@H](NC(=O)c1cc(OCC(=O)NCCCCCN)cc(OS(=O)(=O)Cc2ccccc2)c1)c1ccc(F)cc1,,,CHEMBL1149241,J Med Chem,2004,"{'bei': '10.24', 'le': '0.20', 'lle': '2.00', 'sei': '4.28'}",,CHEMBL426717,,CHEMBL426717,5.85,0,http://www.openphacts.org/units/Nanomolar,629410,=,1,1,=,,IC50,nM,,1400.0,CHEMBL4822,Homo sapiens,Beta-secretase 1,9606,,,IC50,uM,UO_0000065,,1.4
,,1836969,[],CHEMBL918066,Inhibition of BACE1 by electrochemiluminescence assay,B,,,BAO_0000190,BAO_0000357,single protein format,C[C@@H](NC(=O)c1cc(OCC(=O)NCCCCCN)cc(OS(=O)(=O)Cc2ccccc2)c1)c1ccccc1,,,CHEMBL1149241,J Med Chem,2004,,,CHEMBL374512,,CHEMBL374512,,0,http://www.openphacts.org/units/Nanomolar,629409,>,1,1,>,,IC50,nM,,100000.0,CHEMBL4822,Homo sapiens,Beta-secretase 1,9606,,,IC50,uM,UO_0000065,,100.0
,,1836970,[],CHEMBL918066,Inhibition of BACE1 by electrochemiluminescence assay,B,,,BAO_0000190,BAO_0000357,single protein format,C[C@@H](NC(=O)c1cc(OCC(=O)NCCCCCN)cc(OS(=O)(=O)Cc2ccccc2)c1)c1ccccc1,,,CHEMBL1149241,J Med Chem,2004,"{'bei': '9.88', 'le': '0.19', 'lle': '1.76', 'sei': '4.00'}",,CHEMBL374512,,CHEMBL374512,5.47,0,http://www.openphacts.org/units/Nanomolar,629408,=,1,1,=,,IC50,nM,,3400.0,CHEMBL4822,Homo sapiens,Beta-secretase 1,9606,,,IC50,uM,UO_0000065,,3.4
,,1836971,[],CHEMBL918066,Inhibition of BACE1 by electrochemiluminescence assay,B,,,BAO_0000190,BAO_0000357,single protein format,C[C@@H](NC(=O)c1cc(OCC(=O)NCCCCCN)cc(-c2ccccc2C#N)c1)c1ccccc1,,,CHEMBL1149241,J Med Chem,2004,"{'bei': '9.65', 'le': '0.18', 'lle': '0.34', 'sei': '3.99'}",,CHEMBL222794,,CHEMBL222794,4.68,0,http://www.openphacts.org/units/Nanomolar,629407,=,1,1,=,,IC50,nM,,21000.0,CHEMBL4822,Homo sapiens,Beta-secretase 1,9606,,,IC50,uM,UO_0000065,,21.0
,,1840281,[],CHEMBL917719,Inhibition of BACE1,B,,,BAO_0000190,BAO_0000357,single protein format,C[C@@H](NC(=O)c1cc(C(=O)N[C@@H](Cc2ccccc2)C(O)CNC2CC2)cc(N(C)S(C)(=O)=O)c1)c1ccccc1,,,CHEMBL1149268,J Med Chem,2004,"{'bei': '13.52', 'le': '0.26', 'lle': '4.79', 'sei': '6.12'}",,CHEMBL221454,,CHEMBL221454,7.82,0,http://www.openphacts.org/units/Nanomolar,630088,=,1,1,=,,IC50,nM,,15.0,CHEMBL4822,Homo sapiens,Beta-secretase 1,9606,,,IC50,nM,UO_0000065,,15.0
,,1840282,[],CHEMBL917719,Inhibition of BACE1,B,,,BAO_0000190,BAO_0000357,single protein format,C[C@@H](NC(=O)c1cc(C(=O)N[C@@H](Cc2ccccc2)[C@H](O)CNC2CC2)cc(N(C)S(=O)(=O)N(C)C)c1)c1ccccc1,,,CHEMBL1149268,J Med Chem,2004,"{'bei': '12.92', 'le': '0.25', 'lle': '4.98', 'sei': '5.99'}",,CHEMBL376277,,CHEMBL376277,7.85,0,http://www.openphacts.org/units/Nanomolar,630095,=,1,1,=,,IC50,nM,,14.0,CHEMBL4822,Homo sapiens,Beta-secretase 1,9606,,,IC50,nM,UO_0000065,,14.0
,,1840283,[],CHEMBL917719,Inhibition of BACE1,B,,,BAO_0000190,BAO_0000357,single protein format,CC(C)S(=O)(=O)N(C)c1cc(C(=O)N[C@@H](Cc2ccccc2)[C@H](O)CNC2CC2)cc(C(=O)N[C@H](C)c2ccccc2)c1,,,CHEMBL1149268,J Med Chem,2004,"{'bei': '12.17', 'le': '0.23', 'lle': '3.58', 'sei': '5.78'}",,CHEMBL162970,,CHEMBL162970,7.39,0,http://www.openphacts.org/units/Nanomolar,630094,=,1,1,=,,IC50,nM,,41.0,CHEMBL4822,Homo sapiens,Beta-secretase 1,9606,,,IC50,nM,UO_0000065,,41.0
,,1840284,[],CHEMBL917719,Inhibition of BACE1,B,,,BAO_0000190,BAO_0000357,single protein format,C[C@@H](NC(=O)c1cc(C(=O)N[C@@H](Cc2ccccc2)[C@H](O)CNC(C)(C)C)cc(N(C)S(C)(=O)=O)c1)c1ccc(F)cc1,,,CHEMBL1149268,J Med Chem,2004,"{'bei': '12.77', 'le': '0.25', 'lle': '4.02', 'sei': '6.12'}",,CHEMBL266891,,CHEMBL266891,7.82,0,http://www.openphacts.org/units/Nanomolar,630093,=,1,1,=,,IC50,nM,,15.0,CHEMBL4822,Homo sapiens,Beta-secretase 1,9606,,,IC50,nM,UO_0000065,,15.0
,,1840285,[],CHEMBL917719,Inhibition of BACE1,B,,,BAO_0000190,BAO_0000357,single protein format,CCNC[C@@H](O)[C@H](Cc1ccccc1)NC(=O)c1cc(C(=O)N[C@H](C)c2ccc(F)cc2)cc(N(C)S(C)(=O)=O)c1,,,CHEMBL1149268,J Med Chem,2004,"{'bei': '13.38', 'le': '0.26', 'lle': '4.80', 'sei': '6.12'}",,CHEMBL376072,,CHEMBL376072,7.82,0,http://www.openphacts.org/units/Nanomolar,630092,=,1,1,=,,IC50,nM,,15.0,CHEMBL4822,Homo sapiens,Beta-secretase 1,9606,,,IC50,nM,UO_0000065,,15.0
,,1840286,[],CHEMBL917719,Inhibition of BACE1,B,,,BAO_0000190,BAO_0000357,single protein format,C[C@@H](NC(=O)c1cc(C(=O)N[C@@H](Cc2ccccc2)[C@H](O)CN)cc(N(C)S(C)(=O)=O)c1)c1ccc(F)cc1,,,CHEMBL1149268,J Med Chem,2004,"{'bei': '13.72', 'le': '0.27', 'lle': '5.27', 'sei': '5.39'}",,CHEMBL225442,,CHEMBL225442,7.64,0,http://www.openphacts.org/units/Nanomolar,630091,=,1,1,=,,IC50,nM,,23.0,CHEMBL4822,Homo sapiens,Beta-secretase 1,9606,,,IC50,nM,UO_0000065,,23.0
,,1840287,[],CHEMBL917719,Inhibition of BACE1,B,,,BAO_0000190,BAO_0000357,single protein format,C[C@@H](NC(=O)c1cc(C(=O)N[C@@H](Cc2ccccc2)[C@H](O)CNC2CC2)cc(N(C)S(C)(=O)=O)c1)c1ccc(F)cc1,,,CHEMBL1149268,J Med Chem,2004,"{'bei': '13.41', 'le': '0.26', 'lle': '4.83', 'sei': '6.26'}",,CHEMBL377625,,CHEMBL377625,8.00,0,http://www.openphacts.org/units/Nanomolar,630090,=,1,1,=,,IC50,nM,,10.0,CHEMBL4822,Homo sapiens,Beta-secretase 1,9606,,,IC50,nM,UO_0000065,,10.0
,,1840288,[],CHEMBL917719,Inhibition of BACE1,B,,,BAO_0000190,BAO_0000357,single protein format,C[C@@H](NC(=O)c1cc(NS(C)(=O)=O)cc(C(=O)N[C@@H](Cc2ccccc2)C(O)CNC2CC2)c1)c1ccc(F)cc1,,,CHEMBL1149268,J Med Chem,2004,"{'bei': '12.36', 'le': '0.24', 'lle': '4.06', 'sei': '5.27'}",,CHEMBL222209,,CHEMBL222209,7.20,0,http://www.openphacts.org/units/Nanomolar,630089,=,1,1,=,,IC50,nM,,63.0,CHEMBL4822,Homo sapiens,Beta-secretase 1,9606,,,IC50,nM,UO_0000065,,63.0
,,1840289,[],CHEMBL917720,Inhibition of BACE1 in HEK293 cells assessed as decrease in production of N-terminal fragment of sAPP,F,,,BAO_0000190,BAO_0000219,cell-based format,C[C@@H](NC(=O)c1cc(C(=O)N[C@@H](Cc2ccccc2)C(O)CNC2CC2)cc(N(C)S(C)(=O)=O)c1)c1ccccc1,,,CHEMBL1149268,J Med Chem,2004,,,CHEMBL221454,,CHEMBL221454,7.54,0,http://www.openphacts.org/units/Nanomolar,630088,=,1,1,=,,IC50,nM,,29.0,CHEMBL4822,Homo sapiens,Beta-secretase 1,9606,,,IC50,nM,UO_0000065,,29.0
,,1840290,[],CHEMBL917720,Inhibition of BACE1 in HEK293 cells assessed as decrease in production of N-terminal fragment of sAPP,F,,,BAO_0000190,BAO_0000219,cell-based format,C[C@@H](NC(=O)c1cc(C(=O)N[C@@H](Cc2ccccc2)[C@H](O)CNC2CC2)cc(N(C)S(=O)(=O)N(C)C)c1)c1ccccc1,,,CHEMBL1149268,J Med Chem,2004,,,CHEMBL376277,,CHEMBL376277,8.05,0,http://www.openphacts.org/units/Nanomolar,630095,=,1,1,=,,IC50,nM,,9.0,CHEMBL4822,Homo sapiens,Beta-secretase 1,9606,,,IC50,nM,UO_0000065,,9.0
,,1840291,[],CHEMBL917720,Inhibition of BACE1 in HEK293 cells assessed as decrease in production of N-terminal fragment of sAPP,F,,,BAO_0000190,BAO_0000219,cell-based format,CC(C)S(=O)(=O)N(C)c1cc(C(=O)N[C@@H](Cc2ccccc2)[C@H](O)CNC2CC2)cc(C(=O)N[C@H](C)c2ccccc2)c1,,,CHEMBL1149268,J Med Chem,2004,,,CHEMBL162970,,CHEMBL162970,7.60,0,http://www.openphacts.org/units/Nanomolar,630094,=,1,1,=,,IC50,nM,,25.0,CHEMBL4822,Homo sapiens,Beta-secretase 1,9606,,,IC50,nM,UO_0000065,,25.0
,,1840292,[],CHEMBL917720,Inhibition of BACE1 in HEK293 cells assessed as decrease in production of N-terminal fragment of sAPP,F,,,BAO_0000190,BAO_0000219,cell-based format,C[C@@H](NC(=O)c1cc(C(=O)N[C@@H](Cc2ccccc2)[C@H](O)CNC(C)(C)C)cc(N(C)S(C)(=O)=O)c1)c1ccc(F)cc1,,,CHEMBL1149268,J Med Chem,2004,,,CHEMBL266891,,CHEMBL266891,5.67,0,http://www.openphacts.org/units/Nanomolar,630093,=,1,1,=,,IC50,nM,,2122.0,CHEMBL4822,Homo sapiens,Beta-secretase 1,9606,,,IC50,nM,UO_0000065,,2122.0
,,1840293,[],CHEMBL917720,Inhibition of BACE1 in HEK293 cells assessed as decrease in production of N-terminal fragment of sAPP,F,,,BAO_0000190,BAO_0000219,cell-based format,CCNC[C@@H](O)[C@H](Cc1ccccc1)NC(=O)c1cc(C(=O)N[C@H](C)c2ccc(F)cc2)cc(N(C)S(C)(=O)=O)c1,,,CHEMBL1149268,J Med Chem,2004,,,CHEMBL376072,,CHEMBL376072,6.40,0,http://www.openphacts.org/units/Nanomolar,630092,=,1,1,=,,IC50,nM,,396.0,CHEMBL4822,Homo sapiens,Beta-secretase 1,9606,,,IC50,nM,UO_0000065,,396.0
,,1840294,[],CHEMBL917720,Inhibition of BACE1 in HEK293 cells assessed as decrease in production of N-terminal fragment of sAPP,F,,,BAO_0000190,BAO_0000219,cell-based format,C[C@@H](NC(=O)c1cc(C(=O)N[C@@H](Cc2ccccc2)[C@H](O)CN)cc(N(C)S(C)(=O)=O)c1)c1ccc(F)cc1,,,CHEMBL1149268,J Med Chem,2004,,,CHEMBL225442,,CHEMBL225442,5.27,0,http://www.openphacts.org/units/Nanomolar,630091,=,1,1,=,,IC50,nM,,5389.0,CHEMBL4822,Homo sapiens,Beta-secretase 1,9606,,,IC50,nM,UO_0000065,,5389.0
,,1840295,[],CHEMBL917720,Inhibition of BACE1 in HEK293 cells assessed as decrease in production of N-terminal fragment of sAPP,F,,,BAO_0000190,BAO_0000219,cell-based format,C[C@@H](NC(=O)c1cc(C(=O)N[C@@H](Cc2ccccc2)[C@H](O)CNC2CC2)cc(N(C)S(C)(=O)=O)c1)c1ccc(F)cc1,,,CHEMBL1149268,J Med Chem,2004,,,CHEMBL377625,,CHEMBL377625,7.72,0,http://www.openphacts.org/units/Nanomolar,630090,=,1,1,=,,IC50,nM,,19.0,CHEMBL4822,Homo sapiens,Beta-secretase 1,9606,,,IC50,nM,UO_0000065,,19.0
,,1840296,[],CHEMBL917720,Inhibition of BACE1 in HEK293 cells assessed as decrease in production of N-terminal fragment of sAPP,F,,,BAO_0000190,BAO_0000219,cell-based format,C[C@@H](NC(=O)c1cc(NS(C)(=O)=O)cc(C(=O)N[C@@H](Cc2ccccc2)C(O)CNC2CC2)c1)c1ccc(F)cc1,,,CHEMBL1149268,J Med Chem,2004,,,CHEMBL222209,,CHEMBL222209,5.93,0,http://www.openphacts.org/units/Nanomolar,630089,=,1,1,=,,IC50,nM,,1180.0,CHEMBL4822,Homo sapiens,Beta-secretase 1,9606,,,IC50,nM,UO_0000065,,1180.0
,,1840323,[],CHEMBL917719,Inhibition of BACE1,B,,,BAO_0000190,BAO_0000357,single protein format,C[C@@H](NC(=O)c1cc(OCC(=O)NCCCCCN)cc(OS(=O)(=O)Cc2ccccc2)c1)c1ccc(F)cc1,,,CHEMBL1149268,J Med Chem,2004,"{'bei': '10.24', 'le': '0.20', 'lle': '2.00', 'sei': '4.28'}",,CHEMBL426717,,CHEMBL426717,5.85,1,http://www.openphacts.org/units/Nanomolar,630096,=,1,1,=,,IC50,nM,,1400.0,CHEMBL4822,Homo sapiens,Beta-secretase 1,9606,,,IC50,uM,UO_0000065,,1.4
,,1861608,[],CHEMBL915132,Inhibition of recombinant memapsin 2,B,,,BAO_0000192,BAO_0000357,single protein format,CCCNC(=O)c1cccc(C(=O)N[C@@H](CC(C)C)[C@@H](O)C[C@@H](C)C(=O)N[C@H](C(=O)NC(C)C)C(C)C)c1,,,CHEMBL1139858,J Med Chem,2007,"{'bei': '11.46', 'le': '0.22', 'lle': '3.08', 'sei': '4.47'}",,CHEMBL375678,,CHEMBL375678,6.10,0,http://www.openphacts.org/units/Nanomolar,635658,=,1,1,=,,Ki,nM,,788.0,CHEMBL4822,Homo sapiens,Beta-secretase 1,9606,,,Ki,nM,UO_0000065,,788.0
,,1861609,[],CHEMBL915132,Inhibition of recombinant memapsin 2,B,,,BAO_0000192,BAO_0000357,single protein format,CC(C)C[C@H](NC(=O)c1cc(C(=O)N[C@H](CO)c2ccccc2)cc(N(C)S(C)(=O)=O)c1)[C@@H](O)C[C@@H](C)C(=O)N[C@H](C(=O)NC(C)C)C(C)C,,,CHEMBL1139858,J Med Chem,2007,"{'bei': '8.86', 'le': '0.17', 'lle': '3.62', 'sei': '3.27'}",,CHEMBL387984,,CHEMBL387984,6.36,0,http://www.openphacts.org/units/Nanomolar,635664,=,1,1,=,,Ki,nM,,438.0,CHEMBL4822,Homo sapiens,Beta-secretase 1,9606,,,Ki,nM,UO_0000065,,438.0
,,1861610,[],CHEMBL915132,Inhibition of recombinant memapsin 2,B,,,BAO_0000192,BAO_0000357,single protein format,CC(C)C[C@H](NC(=O)c1cc(C(=O)N[C@@H](C)c2ccccc2)cc(N(C)S(C)(=O)=O)c1)[C@@H](O)C[C@@H](C)C(=O)N[C@H](C(=O)NC(C)C)C(C)C,,,CHEMBL1139858,J Med Chem,2007,"{'bei': '9.26', 'le': '0.18', 'lle': '2.73', 'sei': '3.74'}",,CHEMBL227811,,CHEMBL227811,6.50,0,http://www.openphacts.org/units/Nanomolar,635663,=,1,1,=,,Ki,nM,,315.0,CHEMBL4822,Homo sapiens,Beta-secretase 1,9606,,,Ki,nM,UO_0000065,,315.0
,,1861611,[],CHEMBL915132,Inhibition of recombinant memapsin 2,B,,,BAO_0000192,BAO_0000357,single protein format,CC(C)C[C@H](NC(=O)c1cc(C(=O)N[C@H](C)c2ccccc2)cc(N(C)S(C)(=O)=O)c1)[C@@H](O)C[C@@H](C)C(=O)N[C@H](C(=O)NC(C)C)C(C)C,,,CHEMBL1139858,J Med Chem,2007,"{'bei': '12.76', 'le': '0.25', 'lle': '5.19', 'sei': '5.15'}",,CHEMBL387771,,CHEMBL387771,8.96,0,http://www.openphacts.org/units/Nanomolar,635662,=,1,1,=,,Ki,nM,,1.1,CHEMBL4822,Homo sapiens,Beta-secretase 1,9606,,,Ki,nM,UO_0000065,,1.1
,,1861612,[],CHEMBL915132,Inhibition of recombinant memapsin 2,B,,,BAO_0000192,BAO_0000357,single protein format,CC(C)C[C@H](NC(=O)c1cc(C(=O)NCc2ccccc2)cc(N(C)S(C)(=O)=O)c1)[C@@H](O)C[C@@H](C)C(=O)N[C@H](C(=O)NC(C)C)C(C)C,,,CHEMBL1139858,J Med Chem,2007,"{'bei': '9.98', 'le': '0.20', 'lle': '3.66', 'sei': '3.95'}",,CHEMBL227758,,CHEMBL227758,6.87,0,http://www.openphacts.org/units/Nanomolar,635661,=,1,1,=,,Ki,nM,,136.0,CHEMBL4822,Homo sapiens,Beta-secretase 1,9606,,,Ki,nM,UO_0000065,,136.0
,,1861613,[],CHEMBL915132,Inhibition of recombinant memapsin 2,B,,,BAO_0000192,BAO_0000357,single protein format,CCCNC(=O)c1cc(C(=O)N[C@@H](CC(C)C)[C@@H](O)C[C@@H](C)C(=O)N[C@H](C(=O)NC(C)C)C(C)C)cc(N(C)S(C)(=O)=O)c1,,,CHEMBL1139858,J Med Chem,2007,"{'bei': '11.38', 'le': '0.23', 'lle': '4.86', 'sei': '4.18'}",,CHEMBL227641,,CHEMBL227641,7.28,0,http://www.openphacts.org/units/Nanomolar,635659,=,1,1,=,,Ki,nM,,52.5,CHEMBL4822,Homo sapiens,Beta-secretase 1,9606,,,Ki,nM,UO_0000065,,52.5
,,1861618,[],CHEMBL915137,Inhibition of memapsin 2 expressed in CHO cells,B,,,BAO_0000190,BAO_0000219,cell-based format,CCCNC(=O)c1cc(C(=O)N[C@@H](CC(C)C)[C@@H](O)C[C@@H](C)C(=O)N[C@H](C(=O)NC(C)C)C(C)C)cc(N(C)S(C)(=O)=O)c1,,,CHEMBL1139858,J Med Chem,2007,"{'bei': '8.51', 'le': '0.17', 'lle': '3.02', 'sei': '3.13'}",,CHEMBL227641,,CHEMBL227641,5.44,0,http://www.openphacts.org/units/Nanomolar,635659,=,1,1,=,,IC50,nM,,3600.0,CHEMBL4822,Homo sapiens,Beta-secretase 1,9606,,,IC50,uM,UO_0000065,,3.6
,,1861640,[],CHEMBL915132,Inhibition of recombinant memapsin 2,B,,,BAO_0000192,BAO_0000357,single protein format,C[C@@H](NC(=O)c1cc(C(=O)N[C@@H](Cc2ccccc2)[C@H](O)CNC2CC2)cc(N(C)S(C)(=O)=O)c1)c1ccccc1,,,CHEMBL1139858,J Med Chem,2007,"{'bei': '11.46', 'le': '0.22', 'lle': '3.60', 'sei': '5.19'}",,CHEMBL378225,,CHEMBL378225,6.63,0,http://www.openphacts.org/units/Nanomolar,635666,=,1,1,=,,Ki,nM,,233.0,CHEMBL4822,Homo sapiens,Beta-secretase 1,9606,,,Ki,nM,UO_0000065,,233.0
,,1861664,[],CHEMBL915132,Inhibition of recombinant memapsin 2,B,,,BAO_0000192,BAO_0000357,single protein format,Cc1nc(C(C)NC(=O)c2cc(C(=O)N[C@@H](CC(C)C)[C@@H](O)C[C@@H](C)C(=O)N[C@H](C(=O)NC(C)C)C(C)C)cc(N(C)S(C)(=O)=O)c2)c(C)o1,,,CHEMBL1139858,J Med Chem,2007,"{'bei': '10.50', 'le': '0.21', 'lle': '4.19', 'sei': '3.78'}",,CHEMBL390159,,CHEMBL390159,7.57,0,http://www.openphacts.org/units/Nanomolar,635665,=,1,1,=,,Ki,nM,,27.0,CHEMBL4822,Homo sapiens,Beta-secretase 1,9606,,,Ki,nM,UO_0000065,,27.0
,,1861667,[],CHEMBL915137,Inhibition of memapsin 2 expressed in CHO cells,B,,,BAO_0000190,BAO_0000219,cell-based format,C[C@@H](NC(=O)c1cc(C(=O)N[C@@H](Cc2ccccc2)[C@H](O)CNC2CC2)cc(N(C)S(C)(=O)=O)c1)c1ccccc1,,,CHEMBL1139858,J Med Chem,2007,"{'bei': '12.28', 'le': '0.24', 'lle': '4.08', 'sei': '5.56'}",,CHEMBL378225,,CHEMBL378225,7.11,0,http://www.openphacts.org/units/Nanomolar,635666,=,1,1,=,,IC50,nM,,78.0,CHEMBL4822,Homo sapiens,Beta-secretase 1,9606,,,IC50,uM,UO_0000065,,0.078
,,1861668,[],CHEMBL915137,Inhibition of memapsin 2 expressed in CHO cells,B,,,BAO_0000190,BAO_0000219,cell-based format,Cc1nc(C(C)NC(=O)c2cc(C(=O)N[C@@H](CC(C)C)[C@@H](O)C[C@@H](C)C(=O)N[C@H](C(=O)NC(C)C)C(C)C)cc(N(C)S(C)(=O)=O)c2)c(C)o1,,,CHEMBL1139858,J Med Chem,2007,"{'bei': '6.92', 'le': '0.14', 'lle': '1.61', 'sei': '2.49'}",,CHEMBL390159,,CHEMBL390159,4.99,0,http://www.openphacts.org/units/Nanomolar,635665,=,1,1,=,,IC50,nM,,10300.0,CHEMBL4822,Homo sapiens,Beta-secretase 1,9606,,,IC50,uM,UO_0000065,,10.3
,,1861669,[],CHEMBL915137,Inhibition of memapsin 2 expressed in CHO cells,B,,,BAO_0000190,BAO_0000219,cell-based format,CC(C)C[C@H](NC(=O)c1cc(C(=O)N[C@H](CO)c2ccccc2)cc(N(C)S(C)(=O)=O)c1)[C@@H](O)C[C@@H](C)C(=O)N[C@H](C(=O)NC(C)C)C(C)C,Outside typical range,"Values for this activity type are unusually large/small, so may not be accurate",CHEMBL1139858,J Med Chem,2007,,,CHEMBL387984,,CHEMBL387984,,0,http://www.openphacts.org/units/Nanomolar,635664,=,1,1,=,,IC50,nM,,190000.0,CHEMBL4822,Homo sapiens,Beta-secretase 1,9606,,,IC50,uM,UO_0000065,,190.0
,,1861670,[],CHEMBL915137,Inhibition of memapsin 2 expressed in CHO cells,B,,,BAO_0000190,BAO_0000219,cell-based format,CC(C)C[C@H](NC(=O)c1cc(C(=O)N[C@H](C)c2ccccc2)cc(N(C)S(C)(=O)=O)c1)[C@@H](O)C[C@@H](C)C(=O)N[C@H](C(=O)NC(C)C)C(C)C,,,CHEMBL1139858,J Med Chem,2007,"{'bei': '10.56', 'le': '0.21', 'lle': '3.64', 'sei': '4.26'}",,CHEMBL387771,,CHEMBL387771,7.41,0,http://www.openphacts.org/units/Nanomolar,635662,=,1,1,=,,IC50,nM,,39.0,CHEMBL4822,Homo sapiens,Beta-secretase 1,9606,,,IC50,uM,UO_0000065,,0.039
,,1861671,[],CHEMBL915137,Inhibition of memapsin 2 expressed in CHO cells,B,,,BAO_0000190,BAO_0000219,cell-based format,CC(C)C[C@H](NC(=O)c1cc(C(=O)NCc2ccccc2)cc(N(C)S(C)(=O)=O)c1)[C@@H](O)C[C@@H](C)C(=O)N[C@H](C(=O)NC(C)C)C(C)C,,,CHEMBL1139858,J Med Chem,2007,"{'bei': '7.63', 'le': '0.15', 'lle': '2.04', 'sei': '3.02'}",,CHEMBL227758,,CHEMBL227758,5.25,0,http://www.openphacts.org/units/Nanomolar,635661,=,1,1,=,,IC50,nM,,5600.0,CHEMBL4822,Homo sapiens,Beta-secretase 1,9606,,,IC50,uM,UO_0000065,,5.6
,,1861672,[],CHEMBL915137,Inhibition of memapsin 2 expressed in CHO cells,B,,,BAO_0000190,BAO_0000219,cell-based format,Cc1nc(CNC(=O)c2cc(C(=O)N[C@@H](CC(C)C)[C@@H](O)C[C@@H](C)C(=O)N[C@H](C(=O)NC(C)C)C(C)C)cc(N(C)S(C)(=O)=O)c2)c(C)o1,,,CHEMBL1139858,J Med Chem,2007,"{'bei': '8.13', 'le': '0.16', 'lle': '2.93', 'sei': '2.87'}",,CHEMBL376504,,CHEMBL376504,5.75,0,http://www.openphacts.org/units/Nanomolar,635660,=,1,1,=,,IC50,nM,,1800.0,CHEMBL4822,Homo sapiens,Beta-secretase 1,9606,,,IC50,uM,UO_0000065,,1.8
,,1861673,[],CHEMBL915132,Inhibition of recombinant memapsin 2,B,,,BAO_0000192,BAO_0000357,single protein format,Cc1nc(CNC(=O)c2cc(C(=O)N[C@@H](CC(C)C)[C@@H](O)C[C@@H](C)C(=O)N[C@H](C(=O)NC(C)C)C(C)C)cc(N(C)S(C)(=O)=O)c2)c(C)o1,,,CHEMBL1139858,J Med Chem,2007,"{'bei': '12.37', 'le': '0.24', 'lle': '5.93', 'sei': '4.37'}",,CHEMBL376504,,CHEMBL376504,8.74,0,http://www.openphacts.org/units/Nanomolar,635660,=,1,1,=,,Ki,nM,,1.8,CHEMBL4822,Homo sapiens,Beta-secretase 1,9606,,,Ki,nM,UO_0000065,,1.8
,,1898916,[],CHEMBL888968,Inhibition of BACE1,B,,,BAO_0000190,BAO_0000357,single protein format,CCCN(CCC)C(=O)c1cc(C)cc(C(=O)N[C@@H](Cc2cc(F)cc(F)c2)[C@H](O)CNCc2cccc(CC)c2)c1,,,CHEMBL1144655,Bioorg Med Chem Lett,2007,"{'bei': '15.01', 'le': '0.28', 'lle': '3.11', 'sei': '10.65'}",,CHEMBL397275,,CHEMBL397275,8.70,0,http://www.openphacts.org/units/Nanomolar,642509,=,1,1,=,,IC50,nM,,2.0,CHEMBL4822,Homo sapiens,Beta-secretase 1,9606,,,IC50,nM,UO_0000065,,2.0
,,1898917,[],CHEMBL888968,Inhibition of BACE1,B,,,BAO_0000190,BAO_0000357,single protein format,CCCN(CCC)C(=O)c1cc(C(=O)N[C@@H](Cc2ccccc2)[C@H](O)CNCc2cccc(OC)c2)cc(C(=O)OCC)c1,,,CHEMBL1144655,Bioorg Med Chem Lett,2007,"{'bei': '11.39', 'le': '0.21', 'lle': '2.25', 'sei': '5.87'}",,CHEMBL394596,,CHEMBL394596,6.88,0,http://www.openphacts.org/units/Nanomolar,642522,=,1,1,=,,IC50,nM,,132.0,CHEMBL4822,Homo sapiens,Beta-secretase 1,9606,,,IC50,nM,UO_0000065,,132.0
,,1898918,[],CHEMBL888968,Inhibition of BACE1,B,,,BAO_0000190,BAO_0000357,single protein format,CCCN(CCC)C(=O)c1cc(C(=O)N[C@@H](Cc2ccccc2)[C@H](O)CNCc2cccc(OC)c2)cc(C(=O)N(C)C)c1,,,CHEMBL1144655,Bioorg Med Chem Lett,2007,"{'bei': '11.87', 'le': '0.22', 'lle': '3.00', 'sei': '6.43'}",,CHEMBL230807,,CHEMBL230807,7.16,0,http://www.openphacts.org/units/Nanomolar,642521,=,1,1,=,,IC50,nM,,70.0,CHEMBL4822,Homo sapiens,Beta-secretase 1,9606,,,IC50,nM,UO_0000065,,70.0
,,1898919,[],CHEMBL888968,Inhibition of BACE1,B,,,BAO_0000190,BAO_0000357,single protein format,CCCN(CCC)C(=O)c1cc(C(=O)O)cc(C(=O)N[C@@H](Cc2ccccc2)[C@H](O)CNCc2cccc(OC)c2)c1,,,CHEMBL1144655,Bioorg Med Chem Lett,2007,"{'bei': '13.07', 'le': '0.24', 'lle': '3.37', 'sei': '5.87'}",,CHEMBL394595,,CHEMBL394595,7.52,0,http://www.openphacts.org/units/Nanomolar,642520,=,1,1,=,,IC50,nM,,30.0,CHEMBL4822,Homo sapiens,Beta-secretase 1,9606,,,IC50,nM,UO_0000065,,30.0
,,1898920,[],CHEMBL888968,Inhibition of BACE1,B,,,BAO_0000190,BAO_0000357,single protein format,CCCN(CCC)C(=O)c1cc(C(N)=O)cc(C(=O)N[C@@H](Cc2ccc(O)cc2)[C@H](O)CNCc2cccc(OC)c2)c1,,,CHEMBL1144655,Bioorg Med Chem Lett,2007,"{'bei': '11.04', 'le': '0.21', 'lle': '3.27', 'sei': '4.23'}",,CHEMBL397715,,CHEMBL397715,6.52,0,http://www.openphacts.org/units/Nanomolar,642519,=,1,1,=,,IC50,nM,,300.0,CHEMBL4822,Homo sapiens,Beta-secretase 1,9606,,,IC50,nM,UO_0000065,,300.0
,,1898921,[],CHEMBL888968,Inhibition of BACE1,B,,,BAO_0000190,BAO_0000357,single protein format,CCCN(CCC)C(=O)c1cc(C(N)=O)cc(C(=O)N[C@@H](Cc2cc(F)cc(F)c2)[C@H](O)CNCc2cccc(CC)c2)c1,,,CHEMBL1144655,Bioorg Med Chem Lett,2007,"{'bei': '13.64', 'le': '0.26', 'lle': '3.92', 'sei': '6.65'}",,CHEMBL397714,,CHEMBL397714,8.30,0,http://www.openphacts.org/units/Nanomolar,642518,=,1,1,=,,IC50,nM,,5.0,CHEMBL4822,Homo sapiens,Beta-secretase 1,9606,,,IC50,nM,UO_0000065,,5.0
,,1898922,[],CHEMBL888968,Inhibition of BACE1,B,,,BAO_0000190,BAO_0000357,single protein format,CCCN(CCC)C(=O)c1cc(C(=O)N[C@@H](Cc2ccccc2)[C@H](O)CNCc2cccc(OC)c2)cc(C(=O)N(CCC)CCC)c1,,,CHEMBL1144655,Bioorg Med Chem Lett,2007,"{'bei': '10.02', 'le': '0.19', 'lle': '0.89', 'sei': '5.94'}",,CHEMBL124380,,CHEMBL124380,6.60,0,http://www.openphacts.org/units/Nanomolar,642517,=,1,1,=,,IC50,nM,,250.0,CHEMBL4822,Homo sapiens,Beta-secretase 1,9606,,,IC50,nM,UO_0000065,,250.0
,,1898923,[],CHEMBL888968,Inhibition of BACE1,B,,,BAO_0000190,BAO_0000357,single protein format,CCCNC(=O)c1cc(C(N)=O)cc(C(=O)N[C@@H](Cc2ccccc2)[C@H](O)CNCc2cccc(OC)c2)c1,,,CHEMBL1144655,Bioorg Med Chem Lett,2007,"{'bei': '10.74', 'le': '0.20', 'lle': '3.29', 'sei': '4.01'}",,CHEMBL396010,,CHEMBL396010,5.72,0,http://www.openphacts.org/units/Nanomolar,642516,=,1,1,=,,IC50,nM,,1900.0,CHEMBL4822,Homo sapiens,Beta-secretase 1,9606,,,IC50,nM,UO_0000065,,1900.0
,,1898924,[],CHEMBL888968,Inhibition of BACE1,B,,,BAO_0000190,BAO_0000357,single protein format,CCCNC(=O)c1cc(C#N)cc(C(=O)N[C@@H](Cc2ccccc2)[C@H](O)CNCc2cccc(OC)c2)c1,,,CHEMBL1144655,Bioorg Med Chem Lett,2007,"{'bei': '11.88', 'le': '0.22', 'lle': '2.91', 'sei': '4.95'}",,CHEMBL230314,,CHEMBL230314,6.11,0,http://www.openphacts.org/units/Nanomolar,642515,=,1,1,=,,IC50,nM,,770.0,CHEMBL4822,Homo sapiens,Beta-secretase 1,9606,,,IC50,nM,UO_0000065,,770.0
,,1898925,[],CHEMBL888968,Inhibition of BACE1,B,,,BAO_0000190,BAO_0000357,single protein format,CCCN(CCC)C(=O)c1cc(CC#N)cc(C(=O)N[C@@H](Cc2ccccc2)[C@H](O)CNCc2cccc(OC)c2)c1,,,CHEMBL1144655,Bioorg Med Chem Lett,2007,"{'bei': '11.29', 'le': '0.21', 'lle': '1.92', 'sei': '5.62'}",,CHEMBL230190,,CHEMBL230190,6.44,0,http://www.openphacts.org/units/Nanomolar,642514,=,1,1,=,,IC50,nM,,360.0,CHEMBL4822,Homo sapiens,Beta-secretase 1,9606,,,IC50,nM,UO_0000065,,360.0
,,1898926,[],CHEMBL888968,Inhibition of BACE1,B,,,BAO_0000190,BAO_0000357,single protein format,CCCN(CCC)C(=O)c1cc(C#N)cc(C(=O)N[C@@H](Cc2ccccc2)[C@H](O)CNCc2cccc(OC)c2)c1,,,CHEMBL1144655,Bioorg Med Chem Lett,2007,"{'bei': '12.66', 'le': '0.23', 'lle': '2.73', 'sei': '6.14'}",,CHEMBL231646,,CHEMBL231646,7.05,0,http://www.openphacts.org/units/Nanomolar,642513,=,1,1,=,,IC50,nM,,90.0,CHEMBL4822,Homo sapiens,Beta-secretase 1,9606,,,IC50,nM,UO_0000065,,90.0
,,1898927,[],CHEMBL888968,Inhibition of BACE1,B,,,BAO_0000190,BAO_0000357,single protein format,CCCN(CCC)C(=O)c1cc(C(N)=O)cc(C(=O)N[C@@H](Cc2cc(F)cc(F)c2)[C@H](O)CNCc2cccc(OC)c2)c1,,,CHEMBL1144655,Bioorg Med Chem Lett,2007,"{'bei': '13.03', 'le': '0.25', 'lle': '4.13', 'sei': '5.94'}",,CHEMBL396765,,CHEMBL396765,7.96,0,http://www.openphacts.org/units/Nanomolar,642512,=,1,1,=,,IC50,nM,,11.0,CHEMBL4822,Homo sapiens,Beta-secretase 1,9606,,,IC50,nM,UO_0000065,,11.0
,,1898928,[],CHEMBL888968,Inhibition of BACE1,B,,,BAO_0000190,BAO_0000357,single protein format,CCCN(CCC)C(=O)c1cc(C(N)=O)cc(C(=O)N[C@@H](Cc2ccccc2)[C@H](O)CNCc2cccc(OC)c2)c1,,,CHEMBL1144655,Bioorg Med Chem Lett,2007,"{'bei': '12.18', 'le': '0.23', 'lle': '3.45', 'sei': '5.22'}",,CHEMBL231325,,CHEMBL231325,7.00,0,http://www.openphacts.org/units/Nanomolar,642511,=,1,1,=,,IC50,nM,,100.0,CHEMBL4822,Homo sapiens,Beta-secretase 1,9606,,,IC50,nM,UO_0000065,,100.0
,,1898929,[],CHEMBL888968,Inhibition of BACE1,B,,,BAO_0000190,BAO_0000357,single protein format,CCCN(CCC)C(=O)c1cc(C)cc(C(=O)N[C@@H](Cc2ccccc2)[C@H](O)CNCc2cccc(OC)c2)c1,,,CHEMBL1144655,Bioorg Med Chem Lett,2007,"{'bei': '12.83', 'le': '0.24', 'lle': '2.24', 'sei': '7.70'}",,CHEMBL231542,,CHEMBL231542,7.00,0,http://www.openphacts.org/units/Nanomolar,642510,=,1,1,=,,IC50,nM,,100.0,CHEMBL4822,Homo sapiens,Beta-secretase 1,9606,,,IC50,nM,UO_0000065,,100.0
,,1908609,[],CHEMBL890225,Inhibition of BACE1 by ECL assay,B,,,BAO_0000190,BAO_0000357,single protein format,CC(C)S(=O)(=O)N(C)c1cc(C(=O)N[C@@H](Cc2cc(F)cc(F)c2)[C@@H](N)CF)cc(N(C)C[C@H]2C[C@@H]2C)n1,,,CHEMBL1145451,J Med Chem,2007,"{'bei': '13.94', 'le': '0.28', 'lle': '4.48', 'sei': '7.13'}",,CHEMBL230355,,CHEMBL230355,7.75,0,http://www.openphacts.org/units/Nanomolar,644603,=,1,1,=,,IC50,nM,,18.0,CHEMBL4822,Homo sapiens,Beta-secretase 1,9606,,,IC50,nM,UO_0000065,,18.0
,,1908610,[],CHEMBL890225,Inhibition of BACE1 by ECL assay,B,,,BAO_0000190,BAO_0000357,single protein format,COC[C@H](N)[C@H](Cc1cc(F)cc(F)c1)NC(=O)c1cc(N(C)C[C@H]2C[C@@H]2C)nc(N(C)S(C)(=O)=O)c1,,,CHEMBL1145451,J Med Chem,2007,"{'bei': '14.68', 'le': '0.29', 'lle': '5.76', 'sei': '6.72'}",,CHEMBL425828,,CHEMBL425828,7.92,0,http://www.openphacts.org/units/Nanomolar,644602,=,1,1,=,,IC50,nM,,12.0,CHEMBL4822,Homo sapiens,Beta-secretase 1,9606,,,IC50,nM,UO_0000065,,12.0
,,1908611,[],CHEMBL890225,Inhibition of BACE1 by ECL assay,B,,,BAO_0000190,BAO_0000357,single protein format,CC1CC1CNc1cc(C(=O)N[C@H](CN)Cc2cc(F)cc(F)c2)cc(N(C)S(C)(=O)=O)n1,,,CHEMBL1145451,J Med Chem,2007,"{'bei': '15.51', 'le': '0.31', 'lle': '5.35', 'sei': '6.36'}",,CHEMBL230250,,CHEMBL230250,7.47,0,http://www.openphacts.org/units/Nanomolar,644601,=,1,1,=,,IC50,nM,,34.0,CHEMBL4822,Homo sapiens,Beta-secretase 1,9606,,,IC50,nM,UO_0000065,,34.0
,,1908612,[],CHEMBL890225,Inhibition of BACE1 by ECL assay,B,,,BAO_0000190,BAO_0000357,single protein format,CC(C)S(=O)(=O)N(C)c1cc(C(=O)N[C@H](CO)Cc2cc(F)cc(F)c2)cc(NC[C@H]2C[C@@H]2C)n1,,,CHEMBL1145451,J Med Chem,2007,"{'bei': '15.38', 'le': '0.31', 'lle': '4.91', 'sei': '7.04'}",,CHEMBL395084,,CHEMBL395084,7.85,0,http://www.openphacts.org/units/Nanomolar,644600,=,1,1,=,,IC50,nM,,14.0,CHEMBL4822,Homo sapiens,Beta-secretase 1,9606,,,IC50,nM,UO_0000065,,14.0
,,1908613,[],CHEMBL890225,Inhibition of BACE1 by ECL assay,B,,,BAO_0000190,BAO_0000357,single protein format,CCCN(CC1CC1)c1cc(C(=O)N[C@H](CO)Cc2cc(F)cc(F)c2)cc(N(C)S(=O)(=O)C(C)C)n1,,,CHEMBL1145451,J Med Chem,2007,"{'bei': '11.99', 'le': '0.24', 'lle': '2.97', 'sei': '6.28'}",,CHEMBL394850,,CHEMBL394850,6.46,0,http://www.openphacts.org/units/Nanomolar,644599,=,1,1,=,,IC50,nM,,350.0,CHEMBL4822,Homo sapiens,Beta-secretase 1,9606,,,IC50,nM,UO_0000065,,350.0
,,1908614,[],CHEMBL890225,Inhibition of BACE1 by ECL assay,B,,,BAO_0000190,BAO_0000357,single protein format,CN(c1cc(C(=O)N[C@H](CO)Cc2cc(F)cc(F)c2)cc(NCC2CC2)n1)S(C)(=O)=O,,,CHEMBL1145451,J Med Chem,2007,"{'bei': '12.72', 'le': '0.25', 'lle': '4.05', 'sei': '5.34'}",,CHEMBL230349,,CHEMBL230349,5.96,0,http://www.openphacts.org/units/Nanomolar,644598,=,1,1,=,,IC50,nM,,1100.0,CHEMBL4822,Homo sapiens,Beta-secretase 1,9606,,,IC50,nM,UO_0000065,,1100.0
,,1908615,[],CHEMBL890225,Inhibition of BACE1 by ECL assay,B,,,BAO_0000190,BAO_0000357,single protein format,CC(C)S(=O)(=O)N(C)c1cc(C(=O)N[C@@H](Cc2ccccc2)[C@@H](N)CF)cc(NC[C@H]2C[C@@H]2C)n1,,,CHEMBL1145451,J Med Chem,2007,"{'bei': '17.20', 'le': '0.34', 'lle': '5.74', 'sei': '7.41'}",,CHEMBL230245,,CHEMBL230245,8.70,0,http://www.openphacts.org/units/Nanomolar,644597,=,1,1,=,,IC50,nM,,2.0,CHEMBL4822,Homo sapiens,Beta-secretase 1,9606,,,IC50,nM,UO_0000065,,2.0
,,1908619,[],CHEMBL890226,Inhibition of BACE1 assessed as effect on soluble APPbeta N-terminal fragment secretion in HEK293T cells,B,,,BAO_0000190,BAO_0000219,cell-based format,CC1CC1CNc1cc(C(=O)N[C@H](CN)Cc2cc(F)cc(F)c2)cc(N(C)S(C)(=O)=O)n1,,,CHEMBL1145451,J Med Chem,2007,"{'bei': '13.61', 'le': '0.27', 'lle': '4.43', 'sei': '5.58'}",,CHEMBL230250,,CHEMBL230250,6.55,0,http://www.openphacts.org/units/Nanomolar,644601,=,1,1,=,,IC50,nM,,280.0,CHEMBL4822,Homo sapiens,Beta-secretase 1,9606,,,IC50,nM,UO_0000065,,280.0
,,1908620,[],CHEMBL890226,Inhibition of BACE1 assessed as effect on soluble APPbeta N-terminal fragment secretion in HEK293T cells,B,,,BAO_0000190,BAO_0000219,cell-based format,CCCN(CC1CC1)c1cc(C(=O)N[C@H](CO)Cc2cc(F)cc(F)c2)cc(N(C)S(=O)(=O)C(C)C)n1,,,CHEMBL1145451,J Med Chem,2007,,,CHEMBL394850,,CHEMBL394850,,0,http://www.openphacts.org/units/Nanomolar,644599,>,1,1,>,,IC50,nM,,20000.0,CHEMBL4822,Homo sapiens,Beta-secretase 1,9606,,,IC50,nM,UO_0000065,,20000.0
,Not Determined,1908621,[],CHEMBL890226,Inhibition of BACE1 assessed as effect on soluble APPbeta N-terminal fragment secretion in HEK293T cells,B,,,BAO_0000190,BAO_0000219,cell-based format,CN(c1cc(C(=O)N[C@H](CO)Cc2cc(F)cc(F)c2)cc(NCC2CC2)n1)S(C)(=O)=O,,,CHEMBL1145451,J Med Chem,2007,,,CHEMBL230349,,CHEMBL230349,,0,,644598,,1,0,,,IC50,,,,CHEMBL4822,Homo sapiens,Beta-secretase 1,9606,,,IC50,,,,
,,1908622,[],CHEMBL890226,Inhibition of BACE1 assessed as effect on soluble APPbeta N-terminal fragment secretion in HEK293T cells,B,,,BAO_0000190,BAO_0000219,cell-based format,CC(C)S(=O)(=O)N(C)c1cc(C(=O)N[C@H](CO)Cc2cc(F)cc(F)c2)cc(NC[C@H]2C[C@@H]2C)n1,,,CHEMBL1145451,J Med Chem,2007,,,CHEMBL395084,,CHEMBL395084,,0,http://www.openphacts.org/units/Nanomolar,644600,>,1,1,>,,IC50,nM,,20000.0,CHEMBL4822,Homo sapiens,Beta-secretase 1,9606,,,IC50,nM,UO_0000065,,20000.0
,,1908623,[],CHEMBL890226,Inhibition of BACE1 assessed as effect on soluble APPbeta N-terminal fragment secretion in HEK293T cells,B,,,BAO_0000190,BAO_0000219,cell-based format,CC(C)S(=O)(=O)N(C)c1cc(C(=O)N[C@@H](Cc2cc(F)cc(F)c2)[C@@H](N)CF)cc(N(C)C[C@H]2C[C@@H]2C)n1,,,CHEMBL1145451,J Med Chem,2007,"{'bei': '10.87', 'le': '0.22', 'lle': '2.78', 'sei': '5.56'}",,CHEMBL230355,,CHEMBL230355,6.04,0,http://www.openphacts.org/units/Nanomolar,644603,=,1,1,=,,IC50,nM,,910.0,CHEMBL4822,Homo sapiens,Beta-secretase 1,9606,,,IC50,nM,UO_0000065,,910.0
,,1908624,[],CHEMBL890226,Inhibition of BACE1 assessed as effect on soluble APPbeta N-terminal fragment secretion in HEK293T cells,B,,,BAO_0000190,BAO_0000219,cell-based format,COC[C@H](N)[C@H](Cc1cc(F)cc(F)c1)NC(=O)c1cc(N(C)C[C@H]2C[C@@H]2C)nc(N(C)S(C)(=O)=O)c1,,,CHEMBL1145451,J Med Chem,2007,"{'bei': '12.53', 'le': '0.25', 'lle': '4.60', 'sei': '5.74'}",,CHEMBL425828,,CHEMBL425828,6.76,0,http://www.openphacts.org/units/Nanomolar,644602,=,1,1,=,,IC50,nM,,173.0,CHEMBL4822,Homo sapiens,Beta-secretase 1,9606,,,IC50,nM,UO_0000065,,173.0
,,1908625,[],CHEMBL890226,Inhibition of BACE1 assessed as effect on soluble APPbeta N-terminal fragment secretion in HEK293T cells,B,,,BAO_0000190,BAO_0000219,cell-based format,CC(C)S(=O)(=O)N(C)c1cc(C(=O)N[C@@H](Cc2ccccc2)[C@@H](N)CF)cc(NC[C@H]2C[C@@H]2C)n1,,,CHEMBL1145451,J Med Chem,2007,"{'bei': '14.46', 'le': '0.29', 'lle': '4.35', 'sei': '6.23'}",,CHEMBL230245,,CHEMBL230245,7.31,0,http://www.openphacts.org/units/Nanomolar,644597,=,1,1,=,,IC50,nM,,49.0,CHEMBL4822,Homo sapiens,Beta-secretase 1,9606,,,IC50,nM,UO_0000065,,49.0
,,1917642,[],CHEMBL895728,Inhibition of BACE1,B,,,BAO_0000192,BAO_0000357,single protein format,CN(C(=O)CCN1Cc2cc(C(=O)c3ccccc3)ccc2N=C1N)C1CCCCC1,,,CHEMBL1148753,J Med Chem,2007,"{'bei': '14.44', 'le': '0.27', 'lle': '2.19', 'sei': '7.65'}",,CHEMBL244342,,CHEMBL244342,6.05,0,http://www.openphacts.org/units/Nanomolar,654575,=,1,1,=,,Ki,nM,,900.0,CHEMBL4822,Homo sapiens,Beta-secretase 1,9606,,,Ki,nM,UO_0000065,,900.0
,,1917664,[],CHEMBL895728,Inhibition of BACE1,B,,,BAO_0000192,BAO_0000357,single protein format,CN(C(=O)CC[C@@H](C1CCCCC1)N1Cc2cc(Oc3ccccc3)ccc2N=C1N)C1CCCCC1,,,CHEMBL1148753,J Med Chem,2007,"{'bei': '15.83', 'le': '0.29', 'lle': '1.20', 'sei': '11.18'}",,CHEMBL244347,,CHEMBL244347,7.96,0,http://www.openphacts.org/units/Nanomolar,654578,=,1,1,=,,Ki,nM,,11.0,CHEMBL4822,Homo sapiens,Beta-secretase 1,9606,,,Ki,nM,UO_0000065,,11.0
,,1917665,[],CHEMBL895728,Inhibition of BACE1,B,,,BAO_0000192,BAO_0000357,single protein format,CN(CCC(C1CCCCC1)N1Cc2cc(Oc3ccccc3)ccc2N=C1N)C1CCCCC1,,,CHEMBL1148753,J Med Chem,2007,"{'bei': '15.85', 'le': '0.29', 'lle': '0.68', 'sei': '13.91'}",,CHEMBL397924,,CHEMBL397924,7.52,0,http://www.openphacts.org/units/Nanomolar,654577,=,1,1,=,,Ki,nM,,30.0,CHEMBL4822,Homo sapiens,Beta-secretase 1,9606,,,Ki,nM,UO_0000065,,30.0
,,1917666,[],CHEMBL895728,Inhibition of BACE1,B,,,BAO_0000192,BAO_0000357,single protein format,CN(C(=O)c1cccc(CN2Cc3cc(Oc4ccccc4)ccc3N=C2N)c1)C1CCCCC1,,,CHEMBL1148753,J Med Chem,2007,"{'bei': '14.51', 'le': '0.27', 'lle': '0.95', 'sei': '9.56'}",,CHEMBL244346,,CHEMBL244346,6.80,0,http://www.openphacts.org/units/Nanomolar,654576,=,1,1,=,,Ki,nM,,158.0,CHEMBL4822,Homo sapiens,Beta-secretase 1,9606,,,Ki,nM,UO_0000065,,158.0
,,1930881,[],CHEMBL895269,Inhibition human BACE1,B,,,BAO_0000190,BAO_0000357,single protein format,COCCCOc1cc(C[C@@H](C[C@H](N)[C@@H](O)C[C@H](C(=O)NCC(C)(C)C(N)=O)C(C)C)C(C)C)ccc1OC.Cl,,,CHEMBL1148801,J Med Chem,2007,,,CHEMBL559358,,CHEMBL1639,,0,http://www.openphacts.org/units/Nanomolar,655873,>,1,1,>,,IC50,nM,,10000.0,CHEMBL4822,Homo sapiens,Beta-secretase 1,9606,,,IC50,uM,UO_0000065,,10.0
,,1943956,[],CHEMBL893252,Inhibition of human BACE1 expressed in HEK293 cells,B,,,BAO_0000190,BAO_0000219,cell-based format,CC(C)CC(NC(=O)[C@H](CC(=O)O)NC(=O)[C@H](CC(C)C)NC(=O)[C@@H](N)CCC(=O)O)P(=O)(O)CC(C)C(=O)N[C@H](C(=O)N[C@@H](CCC(=O)O)C(=O)N[C@@H](Cc1ccccc1)C(=O)O)C(C)C,,,CHEMBL1147996,Bioorg Med Chem,2007,"{'bei': '6.36', 'le': '0.13', 'lle': '5.80', 'sei': '1.59'}",,CHEMBL242323,,CHEMBL242323,6.17,0,http://www.openphacts.org/units/Nanomolar,652147,=,1,1,=,,IC50,nM,,675.0,CHEMBL4822,Homo sapiens,Beta-secretase 1,9606,,,IC50,nM,UO_0000065,,675.0
,,1943958,[],CHEMBL893252,Inhibition of human BACE1 expressed in HEK293 cells,B,,,BAO_0000190,BAO_0000219,cell-based format,CC(C)C[C@H](NC(=O)[C@@H](N)CCC(=O)O)C(=O)N[C@@H](CC(=O)O)C(=O)N[C@@H](CC(C)C)[C@@H](O)C[C@@H](C)C(=O)N[C@H](C(=O)N[C@@H](CCC(=O)O)C(=O)N[C@@H](Cc1ccccc1)C(=O)O)C(C)C,,,CHEMBL1147996,Bioorg Med Chem,2007,"{'bei': '8.78', 'le': '0.17', 'lle': '8.33', 'sei': '2.22'}",,CHEMBL390456,,CHEMBL390456,8.22,0,http://www.openphacts.org/units/Nanomolar,652150,=,1,1,=,,IC50,nM,,6.0,CHEMBL4822,Homo sapiens,Beta-secretase 1,9606,,,IC50,nM,UO_0000065,,6.0
,,1943959,[],CHEMBL893252,Inhibition of human BACE1 expressed in HEK293 cells,B,,,BAO_0000190,BAO_0000219,cell-based format,CC(C)C[C@H](NC(=O)[C@@H](N)CCC(=O)O)C(=O)N[C@@H](CC(=O)O)C(=O)N[C@@H](CC(C)C)P(=O)(O)CC(C)C(=O)N[C@H](C(=O)N[C@@H](CCC(=O)O)C(=O)N[C@@H](Cc1ccccc1)C(=O)O)C(C)C,,,CHEMBL1147996,Bioorg Med Chem,2007,"{'bei': '8.17', 'le': '0.16', 'lle': '7.55', 'sei': '2.05'}",,CHEMBL242315,,CHEMBL242315,7.92,0,http://www.openphacts.org/units/Nanomolar,652149,=,1,1,=,,IC50,nM,,12.0,CHEMBL4822,Homo sapiens,Beta-secretase 1,9606,,,IC50,nM,UO_0000065,,12.0
,,1943960,[],CHEMBL893252,Inhibition of human BACE1 expressed in HEK293 cells,B,,,BAO_0000190,BAO_0000219,cell-based format,CC(C)C[C@H](NC(=O)[C@@H](N)CCC(=O)O)C(=O)N[C@@H](CC(=O)O)C(=O)N[C@H](CC(C)C)P(=O)(O)CC(C)C(=O)N[C@H](C(=O)N[C@@H](CCC(=O)O)C(=O)N[C@@H](Cc1ccccc1)C(=O)O)C(C)C,,,CHEMBL1147996,Bioorg Med Chem,2007,"{'bei': '5.87', 'le': '0.12', 'lle': '5.32', 'sei': '1.47'}",,CHEMBL389831,,CHEMBL389831,5.70,0,http://www.openphacts.org/units/Nanomolar,652148,=,1,1,=,,IC50,nM,,2020.0,CHEMBL4822,Homo sapiens,Beta-secretase 1,9606,,,IC50,nM,UO_0000065,,2020.0
,,1951802,[],CHEMBL889828,Inhibition of BACE,B,,,BAO_0000190,BAO_0000357,single protein format,CCCC(CCC)S(=O)(=O)C[C@@H](NC(=O)c1ccccc1)C(=O)N[C@@H](Cc1cc(F)cc(F)c1)[C@H](O)CNCc1cccc(CC)c1,,,CHEMBL1146261,Bioorg Med Chem Lett,2007,"{'bei': '9.39', 'le': '0.18', 'lle': '1.42', 'sei': '5.06'}",,CHEMBL234762,,CHEMBL234762,6.30,0,http://www.openphacts.org/units/Nanomolar,645925,=,1,1,=,,IC50,nM,,495.0,CHEMBL4822,Homo sapiens,Beta-secretase 1,9606,,,IC50,nM,UO_0000065,,495.0
,,1951804,[],CHEMBL889830,Inhibition of BACE expressed in HEK293 cells,B,,,BAO_0000188,BAO_0000219,cell-based format,CCCC(CCC)S(=O)(=O)C[C@@H](NC(=O)c1ccccc1)C(=O)N[C@@H](Cc1cc(F)cc(F)c1)[C@H](O)CNCc1cccc(CC)c1,,,CHEMBL1146261,Bioorg Med Chem Lett,2007,"{'bei': '11.69', 'le': '0.23', 'lle': '2.96', 'sei': '6.30'}",,CHEMBL234762,,CHEMBL234762,7.85,0,http://www.openphacts.org/units/Nanomolar,645925,=,1,1,=,,EC50,nM,,14.0,CHEMBL4822,Homo sapiens,Beta-secretase 1,9606,,,EC50,nM,UO_0000065,,14.0
,,1951805,[],CHEMBL889828,Inhibition of BACE,B,,,BAO_0000190,BAO_0000357,single protein format,CCCCS(=O)(=O)C[C@@H](NC(=O)OCc1ccncc1)C(=O)N[C@@H](Cc1cc(F)cc(F)c1)[C@H](O)CNCc1cccc(CC)c1,,,CHEMBL1146261,Bioorg Med Chem Lett,2007,"{'bei': '12.04', 'le': '0.24', 'lle': '4.35', 'sei': '5.42'}",,CHEMBL409950,,CHEMBL409950,7.96,0,http://www.openphacts.org/units/Nanomolar,645952,=,1,1,=,,IC50,nM,,11.0,CHEMBL4822,Homo sapiens,Beta-secretase 1,9606,,,IC50,nM,UO_0000065,,11.0
,,1951806,[],CHEMBL889828,Inhibition of BACE,B,,,BAO_0000190,BAO_0000357,single protein format,CCCCS(=O)(=O)C[C@@H](NC(=O)OCc1cccnc1)C(=O)N[C@@H](Cc1cc(F)cc(F)c1)[C@H](O)CNCc1cccc(CC)c1,,,CHEMBL1146261,Bioorg Med Chem Lett,2007,"{'bei': '12.11', 'le': '0.24', 'lle': '4.39', 'sei': '5.45'}",,CHEMBL409949,,CHEMBL409949,8.00,0,http://www.openphacts.org/units/Nanomolar,645951,=,1,1,=,,IC50,nM,,10.0,CHEMBL4822,Homo sapiens,Beta-secretase 1,9606,,,IC50,nM,UO_0000065,,10.0
,,1951807,[],CHEMBL889828,Inhibition of BACE,B,,,BAO_0000190,BAO_0000357,single protein format,CCCCS(=O)(=O)C[C@@H](NC(=O)OCCNC(C)=O)C(=O)N[C@@H](Cc1cc(F)cc(F)c1)[C@H](O)CNCc1cccc(CC)c1,,,CHEMBL1146261,Bioorg Med Chem Lett,2007,"{'bei': '11.56', 'le': '0.23', 'lle': '5.42', 'sei': '4.65'}",,CHEMBL391145,,CHEMBL391145,7.57,0,http://www.openphacts.org/units/Nanomolar,645950,=,1,1,=,,IC50,nM,,27.0,CHEMBL4822,Homo sapiens,Beta-secretase 1,9606,,,IC50,nM,UO_0000065,,27.0
,,1951808,[],CHEMBL889828,Inhibition of BACE,B,,,BAO_0000190,BAO_0000357,single protein format,CCCCS(=O)(=O)C[C@@H](NC(=O)SC1CCOC1)C(=O)N[C@@H](Cc1cc(F)cc(F)c1)[C@H](O)CNCc1cccc(CC)c1,,,CHEMBL1146261,Bioorg Med Chem Lett,2007,"{'bei': '11.93', 'le': '0.24', 'lle': '4.30', 'sei': '5.85'}",,CHEMBL409948,,CHEMBL409948,7.82,0,http://www.openphacts.org/units/Nanomolar,645949,=,1,1,=,,IC50,nM,,15.0,CHEMBL4822,Homo sapiens,Beta-secretase 1,9606,,,IC50,nM,UO_0000065,,15.0
,,1951809,[],CHEMBL889828,Inhibition of BACE,B,,,BAO_0000190,BAO_0000357,single protein format,CCCCS(=O)(=O)C[C@@H](NC(=O)OCC(F)(F)F)C(=O)N[C@@H](Cc1cc(F)cc(F)c1)[C@H](O)CNCc1cccc(CC)c1,,,CHEMBL1146261,Bioorg Med Chem Lett,2007,"{'bei': '12.89', 'le': '0.26', 'lle': '4.82', 'sei': '6.28'}",,CHEMBL231865,,CHEMBL231865,8.40,0,http://www.openphacts.org/units/Nanomolar,645948,=,1,1,=,,IC50,nM,,4.0,CHEMBL4822,Homo sapiens,Beta-secretase 1,9606,,,IC50,nM,UO_0000065,,4.0
,,1951810,[],CHEMBL889828,Inhibition of BACE,B,,,BAO_0000190,BAO_0000357,single protein format,CCCCS(=O)(=O)CC(NC(=O)OCCC#N)C(=O)N[C@@H](Cc1cc(F)cc(F)c1)[C@H](O)CNCc1cccc(CC)c1,,,CHEMBL1146261,Bioorg Med Chem Lett,2007,"{'bei': '13.00', 'le': '0.26', 'lle': '5.17', 'sei': '5.14'}",,CHEMBL231864,,CHEMBL231864,8.10,0,http://www.openphacts.org/units/Nanomolar,645947,=,1,1,=,,IC50,nM,,8.0,CHEMBL4822,Homo sapiens,Beta-secretase 1,9606,,,IC50,nM,UO_0000065,,8.0
,,1951811,[],CHEMBL889828,Inhibition of BACE,B,,,BAO_0000190,BAO_0000357,single protein format,CCCCS(=O)(=O)C[C@@H](NC(=O)OC)C(=O)N[C@@H](Cc1cc(F)cc(F)c1)[C@H](O)CNCc1cccc(CC)c1,,,CHEMBL1146261,Bioorg Med Chem Lett,2007,"{'bei': '14.39', 'le': '0.29', 'lle': '5.76', 'sei': '6.28'}",,CHEMBL393733,,CHEMBL393733,8.40,0,http://www.openphacts.org/units/Nanomolar,645946,=,1,1,=,,IC50,nM,,4.0,CHEMBL4822,Homo sapiens,Beta-secretase 1,9606,,,IC50,nM,UO_0000065,,4.0
,,1951812,[],CHEMBL889828,Inhibition of BACE,B,,,BAO_0000190,BAO_0000357,single protein format,CCCCS(=O)(=O)C[C@@H](NC(=O)c1cnccc1O)C(=O)N[C@@H](Cc1cc(F)cc(F)c1)[C@H](O)CNCc1cccc(CC)c1,,,CHEMBL1146261,Bioorg Med Chem Lett,2007,"{'bei': '12.83', 'le': '0.25', 'lle': '5.48', 'sei': '5.26'}",,CHEMBL266531,,CHEMBL266531,8.30,0,http://www.openphacts.org/units/Nanomolar,645945,=,1,1,=,,IC50,nM,,5.0,CHEMBL4822,Homo sapiens,Beta-secretase 1,9606,,,IC50,nM,UO_0000065,,5.0
,,1951813,[],CHEMBL889828,Inhibition of BACE,B,,,BAO_0000190,BAO_0000357,single protein format,CCCCS(=O)(=O)C[C@@H](NC(=O)c1ncc[nH]1)C(=O)N[C@@H](Cc1cc(F)cc(F)c1)[C@H](O)CNCc1cccc(CC)c1,,,CHEMBL1146261,Bioorg Med Chem Lett,2007,"{'bei': '13.55', 'le': '0.27', 'lle': '5.96', 'sei': '5.48'}",,CHEMBL391144,,CHEMBL391144,8.40,0,http://www.openphacts.org/units/Nanomolar,645944,=,1,1,=,,IC50,nM,,4.0,CHEMBL4822,Homo sapiens,Beta-secretase 1,9606,,,IC50,nM,UO_0000065,,4.0
,,1951814,[],CHEMBL889828,Inhibition of BACE,B,,,BAO_0000190,BAO_0000357,single protein format,CCCCS(=O)(=O)C[C@@H](NC(=O)c1cnccn1)C(=O)N[C@@H](Cc1cc(F)cc(F)c1)[C@H](O)CNCc1cccc(CC)c1,,,CHEMBL1146261,Bioorg Med Chem Lett,2007,"{'bei': '13.29', 'le': '0.26', 'lle': '5.89', 'sei': '5.58'}",,CHEMBL409875,,CHEMBL409875,8.40,0,http://www.openphacts.org/units/Nanomolar,645943,=,1,1,=,,IC50,nM,,4.0,CHEMBL4822,Homo sapiens,Beta-secretase 1,9606,,,IC50,nM,UO_0000065,,4.0
,,1951815,[],CHEMBL889828,Inhibition of BACE,B,,,BAO_0000190,BAO_0000357,single protein format,CCCCS(=O)(=O)C[C@@H](NC(=O)c1cc(C)[nH]n1)C(=O)N[C@@H](Cc1cc(F)cc(F)c1)[C@H](O)CNCc1cccc(CC)c1,,,CHEMBL1146261,Bioorg Med Chem Lett,2007,"{'bei': '13.25', 'le': '0.26', 'lle': '5.65', 'sei': '5.48'}",,CHEMBL409947,,CHEMBL409947,8.40,0,http://www.openphacts.org/units/Nanomolar,645942,=,1,1,=,,IC50,nM,,4.0,CHEMBL4822,Homo sapiens,Beta-secretase 1,9606,,,IC50,nM,UO_0000065,,4.0
,,1951816,[],CHEMBL889828,Inhibition of BACE,B,,,BAO_0000190,BAO_0000357,single protein format,CCCCS(=O)(=O)C[C@@H](NC(=O)c1ccncc1)C(=O)N[C@@H](Cc1cc(F)cc(F)c1)[C@H](O)CNCc1cccc(CC)c1,,,CHEMBL1146261,Bioorg Med Chem Lett,2007,"{'bei': '13.16', 'le': '0.26', 'lle': '5.19', 'sei': '6.04'}",,CHEMBL394271,,CHEMBL394271,8.30,0,http://www.openphacts.org/units/Nanomolar,645941,=,1,1,=,,IC50,nM,,5.0,CHEMBL4822,Homo sapiens,Beta-secretase 1,9606,,,IC50,nM,UO_0000065,,5.0
,,1951817,[],CHEMBL889828,Inhibition of BACE,B,,,BAO_0000190,BAO_0000357,single protein format,CCCCS(=O)(=O)C[C@@H](NC(=O)C1CC1)C(=O)N[C@@H](Cc1cc(F)cc(F)c1)[C@H](O)CNCc1cccc(CC)c1,,,CHEMBL1146261,Bioorg Med Chem Lett,2007,"{'bei': '13.47', 'le': '0.27', 'lle': '5.19', 'sei': '6.42'}",,CHEMBL231669,,CHEMBL231669,8.00,0,http://www.openphacts.org/units/Nanomolar,645940,=,1,1,=,,IC50,nM,,10.0,CHEMBL4822,Homo sapiens,Beta-secretase 1,9606,,,IC50,nM,UO_0000065,,10.0
,,1951818,[],CHEMBL889828,Inhibition of BACE,B,,,BAO_0000190,BAO_0000357,single protein format,CCCCS(=O)(=O)C[C@@H](NC(=O)COC)C(=O)N[C@@H](Cc1cc(F)cc(F)c1)[C@H](O)CNCc1cccc(CC)c1,,,CHEMBL1146261,Bioorg Med Chem Lett,2007,"{'bei': '12.81', 'le': '0.26', 'lle': '5.61', 'sei': '5.72'}",,CHEMBL398775,,CHEMBL398775,7.66,0,http://www.openphacts.org/units/Nanomolar,645939,=,1,1,=,,IC50,nM,,22.0,CHEMBL4822,Homo sapiens,Beta-secretase 1,9606,,,IC50,nM,UO_0000065,,22.0
,,1951819,[],CHEMBL889828,Inhibition of BACE,B,,,BAO_0000190,BAO_0000357,single protein format,CCCCS(=O)(=O)C[C@@H](NC(C)=O)C(=O)N[C@@H](Cc1cc(F)cc(F)c1)[C@H](O)CNCc1cccc(CC)c1,,,CHEMBL1146261,Bioorg Med Chem Lett,2007,"{'bei': '13.89', 'le': '0.28', 'lle': '5.47', 'sei': '6.33'}",,CHEMBL232490,,CHEMBL232490,7.89,0,http://www.openphacts.org/units/Nanomolar,645938,=,1,1,=,,IC50,nM,,13.0,CHEMBL4822,Homo sapiens,Beta-secretase 1,9606,,,IC50,nM,UO_0000065,,13.0
,,1951820,[],CHEMBL889828,Inhibition of BACE,B,,,BAO_0000190,BAO_0000357,single protein format,CCCCS(=O)(=O)C[C@@H](NC(=O)c1cccnc1)C(=O)N[C@@H](Cc1cc(F)cc(F)c1)[C@H](O)CNCc1cccc(CC)c1,,,CHEMBL1146261,Bioorg Med Chem Lett,2007,"{'bei': '13.79', 'le': '0.27', 'lle': '5.59', 'sei': '6.33'}",,CHEMBL266567,,CHEMBL266567,8.70,0,http://www.openphacts.org/units/Nanomolar,645937,=,1,1,=,,IC50,nM,,2.0,CHEMBL4822,Homo sapiens,Beta-secretase 1,9606,,,IC50,nM,UO_0000065,,2.0
,,1951821,[],CHEMBL889828,Inhibition of BACE,B,,,BAO_0000190,BAO_0000357,single protein format,CCCC(CCC)S(=O)(=O)C[C@@H](NC(=O)OC)C(=O)N[C@@H](Cc1cc(F)cc(F)c1)[C@H](O)CNCc1cccc(CC)c1,,,CHEMBL1146261,Bioorg Med Chem Lett,2007,"{'bei': '13.62', 'le': '0.27', 'lle': '4.71', 'sei': '6.37'}",,CHEMBL414145,,CHEMBL414145,8.52,0,http://www.openphacts.org/units/Nanomolar,645936,=,1,1,=,,IC50,nM,,3.0,CHEMBL4822,Homo sapiens,Beta-secretase 1,9606,,,IC50,nM,UO_0000065,,3.0
,,1951822,[],CHEMBL889828,Inhibition of BACE,B,,,BAO_0000190,BAO_0000357,single protein format,CCCC(CCC)S(=O)(=O)C[C@@H](NC(=O)OCc1ccncc1)C(=O)N[C@@H](Cc1cc(F)cc(F)c1)[C@H](O)CNCc1cccc(CC)c1,,,CHEMBL1146261,Bioorg Med Chem Lett,2007,"{'bei': '12.13', 'le': '0.24', 'lle': '3.74', 'sei': '5.81'}",,CHEMBL394270,,CHEMBL394270,8.52,0,http://www.openphacts.org/units/Nanomolar,645935,=,1,1,=,,IC50,nM,,3.0,CHEMBL4822,Homo sapiens,Beta-secretase 1,9606,,,IC50,nM,UO_0000065,,3.0
,,1951823,[],CHEMBL889828,Inhibition of BACE,B,,,BAO_0000190,BAO_0000357,single protein format,CCCC(CCC)S(=O)(=O)C[C@@H](NC(=O)OCc1cccnc1)C(=O)N[C@@H](Cc1cc(F)cc(F)c1)[C@H](O)CNCc1cccc(CC)c1,,,CHEMBL1146261,Bioorg Med Chem Lett,2007,"{'bei': '11.95', 'le': '0.23', 'lle': '3.62', 'sei': '5.72'}",,CHEMBL414776,,CHEMBL414776,8.40,0,http://www.openphacts.org/units/Nanomolar,645934,=,1,1,=,,IC50,nM,,4.0,CHEMBL4822,Homo sapiens,Beta-secretase 1,9606,,,IC50,nM,UO_0000065,,4.0
,,1951824,[],CHEMBL889828,Inhibition of BACE,B,,,BAO_0000190,BAO_0000357,single protein format,CCCC(CCC)S(=O)(=O)C[C@@H](NC(=O)OCc1ccccc1)C(=O)N[C@@H](Cc1cc(F)cc(F)c1)[C@H](O)CNCc1cccc(CC)c1,,,CHEMBL1146261,Bioorg Med Chem Lett,2007,"{'bei': '12.14', 'le': '0.24', 'lle': '3.14', 'sei': '6.37'}",,CHEMBL231863,,CHEMBL231863,8.52,0,http://www.openphacts.org/units/Nanomolar,645933,=,1,1,=,,IC50,nM,,3.0,CHEMBL4822,Homo sapiens,Beta-secretase 1,9606,,,IC50,nM,UO_0000065,,3.0
,,1951825,[],CHEMBL889828,Inhibition of BACE,B,,,BAO_0000190,BAO_0000357,single protein format,CCCC(CCC)S(=O)(=O)C[C@@H](NC(=O)c1cccnc1)C(=O)N[C@@H](Cc1cc(F)cc(F)c1)[C@H](O)CNCc1cccc(CC)c1,,,CHEMBL1146261,Bioorg Med Chem Lett,2007,"{'bei': '13.38', 'le': '0.26', 'lle': '4.72', 'sei': '6.55'}",,CHEMBL231862,,CHEMBL231862,9.00,0,http://www.openphacts.org/units/Nanomolar,645932,=,1,1,=,,IC50,nM,,1.0,CHEMBL4822,Homo sapiens,Beta-secretase 1,9606,,,IC50,nM,UO_0000065,,1.0
,,1951826,[],CHEMBL889828,Inhibition of BACE,B,,,BAO_0000190,BAO_0000357,single protein format,CCCC(CCC)S(=O)(=O)C[C@@H](NC(=O)c1cccc(O)c1)C(=O)N[C@@H](Cc1cc(F)cc(F)c1)[C@H](O)CNCc1cccc(CC)c1,,,CHEMBL1146261,Bioorg Med Chem Lett,2007,"{'bei': '12.65', 'le': '0.25', 'lle': '4.11', 'sei': '6.01'}",,CHEMBL266566,,CHEMBL266566,8.70,0,http://www.openphacts.org/units/Nanomolar,645931,=,1,1,=,,IC50,nM,,2.0,CHEMBL4822,Homo sapiens,Beta-secretase 1,9606,,,IC50,nM,UO_0000065,,2.0
,,1951827,[],CHEMBL889828,Inhibition of BACE,B,,,BAO_0000190,BAO_0000357,single protein format,CCCC(CCC)S(=O)(=O)C[C@@H](NC(=O)c1ccccc1C)C(=O)N[C@@H](Cc1cc(F)cc(F)c1)[C@H](O)CNCc1cccc(CC)c1,,,CHEMBL1146261,Bioorg Med Chem Lett,2007,"{'bei': '11.41', 'le': '0.22', 'lle': '2.62', 'sei': '6.28'}",,CHEMBL393140,,CHEMBL393140,7.82,0,http://www.openphacts.org/units/Nanomolar,645930,=,1,1,=,,IC50,nM,,15.0,CHEMBL4822,Homo sapiens,Beta-secretase 1,9606,,,IC50,nM,UO_0000065,,15.0
,,1951828,[],CHEMBL889828,Inhibition of BACE,B,,,BAO_0000190,BAO_0000357,single protein format,CCCC(CCC)S(=O)(=O)C[C@@H](NC(=O)c1cccc(Cl)c1)C(=O)N[C@@H](Cc1cc(F)cc(F)c1)[C@H](O)CNCc1cccc(CC)c1,,,CHEMBL1146261,Bioorg Med Chem Lett,2007,"{'bei': '11.75', 'le': '0.24', 'lle': '2.76', 'sei': '6.66'}",,CHEMBL266565,,CHEMBL266565,8.30,0,http://www.openphacts.org/units/Nanomolar,645929,=,1,1,=,,IC50,nM,,5.0,CHEMBL4822,Homo sapiens,Beta-secretase 1,9606,,,IC50,nM,UO_0000065,,5.0
,,1951829,[],CHEMBL889828,Inhibition of BACE,B,,,BAO_0000190,BAO_0000357,single protein format,CCCC(CCC)S(=O)(=O)C[C@@H](NC(=O)c1ccc(C(F)(F)F)cc1)C(=O)N[C@@H](Cc1cc(F)cc(F)c1)[C@H](O)CNCc1cccc(CC)c1,,,CHEMBL1146261,Bioorg Med Chem Lett,2007,"{'bei': '9.83', 'le': '0.19', 'lle': '1.37', 'sei': '5.84'}",,CHEMBL234555,,CHEMBL234555,7.28,0,http://www.openphacts.org/units/Nanomolar,645928,=,1,1,=,,IC50,nM,,53.0,CHEMBL4822,Homo sapiens,Beta-secretase 1,9606,,,IC50,nM,UO_0000065,,53.0
,,1951830,[],CHEMBL889828,Inhibition of BACE,B,,,BAO_0000190,BAO_0000357,single protein format,CCCC(CCC)S(=O)(=O)C[C@@H](NC(=O)c1ccc(OC)cc1)C(=O)N[C@@H](Cc1cc(F)cc(F)c1)[C@H](O)CNCc1cccc(CC)c1,,,CHEMBL1146261,Bioorg Med Chem Lett,2007,"{'bei': '12.39', 'le': '0.24', 'lle': '3.80', 'sei': '6.50'}",,CHEMBL231861,,CHEMBL231861,8.70,0,http://www.openphacts.org/units/Nanomolar,645927,=,1,1,=,,IC50,nM,,2.0,CHEMBL4822,Homo sapiens,Beta-secretase 1,9606,,,IC50,nM,UO_0000065,,2.0
,,1951831,[],CHEMBL889828,Inhibition of BACE,B,,,BAO_0000190,BAO_0000357,single protein format,CCCC(CCC)S(=O)(=O)C[C@@H](NC(=O)c1ccc(C)cc1)C(=O)N[C@@H](Cc1cc(F)cc(F)c1)[C@H](O)CNCc1cccc(CC)c1,,,CHEMBL1146261,Bioorg Med Chem Lett,2007,"{'bei': '12.24', 'le': '0.24', 'lle': '3.20', 'sei': '6.74'}",,CHEMBL412852,,CHEMBL412852,8.40,0,http://www.openphacts.org/units/Nanomolar,645926,=,1,1,=,,IC50,nM,,4.0,CHEMBL4822,Homo sapiens,Beta-secretase 1,9606,,,IC50,nM,UO_0000065,,4.0
,,1951859,[],CHEMBL889830,Inhibition of BACE expressed in HEK293 cells,B,,,BAO_0000188,BAO_0000219,cell-based format,CCCCS(=O)(=O)C[C@@H](NC(=O)OCc1ccncc1)C(=O)N[C@@H](Cc1cc(F)cc(F)c1)[C@H](O)CNCc1cccc(CC)c1,,,CHEMBL1146261,Bioorg Med Chem Lett,2007,"{'bei': '13.16', 'le': '0.26', 'lle': '5.09', 'sei': '5.93'}",,CHEMBL409950,,CHEMBL409950,8.70,0,http://www.openphacts.org/units/Nanomolar,645952,=,1,1,=,,EC50,nM,,2.0,CHEMBL4822,Homo sapiens,Beta-secretase 1,9606,,,EC50,nM,UO_0000065,,2.0
,,1951860,[],CHEMBL889830,Inhibition of BACE expressed in HEK293 cells,B,,,BAO_0000188,BAO_0000219,cell-based format,CCCCS(=O)(=O)C[C@@H](NC(=O)OCc1cccnc1)C(=O)N[C@@H](Cc1cc(F)cc(F)c1)[C@H](O)CNCc1cccc(CC)c1,,,CHEMBL1146261,Bioorg Med Chem Lett,2007,"{'bei': '13.96', 'le': '0.27', 'lle': '5.61', 'sei': '6.29'}",,CHEMBL409949,,CHEMBL409949,9.22,0,http://www.openphacts.org/units/Nanomolar,645951,=,1,1,=,,EC50,nM,,0.6,CHEMBL4822,Homo sapiens,Beta-secretase 1,9606,,,EC50,nM,UO_0000065,,0.6
,,1951861,[],CHEMBL889830,Inhibition of BACE expressed in HEK293 cells,B,,,BAO_0000188,BAO_0000219,cell-based format,CCCCS(=O)(=O)C[C@@H](NC(=O)OCCNC(C)=O)C(=O)N[C@@H](Cc1cc(F)cc(F)c1)[C@H](O)CNCc1cccc(CC)c1,,,CHEMBL1146261,Bioorg Med Chem Lett,2007,"{'bei': '12.10', 'le': '0.24', 'lle': '5.77', 'sei': '4.86'}",,CHEMBL391145,,CHEMBL391145,7.92,0,http://www.openphacts.org/units/Nanomolar,645950,=,1,1,=,,EC50,nM,,12.0,CHEMBL4822,Homo sapiens,Beta-secretase 1,9606,,,EC50,nM,UO_0000065,,12.0
,,1951862,[],CHEMBL889830,Inhibition of BACE expressed in HEK293 cells,B,,,BAO_0000188,BAO_0000219,cell-based format,CCCCS(=O)(=O)C[C@@H](NC(=O)SC1CCOC1)C(=O)N[C@@H](Cc1cc(F)cc(F)c1)[C@H](O)CNCc1cccc(CC)c1,,,CHEMBL1146261,Bioorg Med Chem Lett,2007,"{'bei': '12.81', 'le': '0.26', 'lle': '4.88', 'sei': '6.28'}",,CHEMBL409948,,CHEMBL409948,8.40,0,http://www.openphacts.org/units/Nanomolar,645949,=,1,1,=,,EC50,nM,,4.0,CHEMBL4822,Homo sapiens,Beta-secretase 1,9606,,,EC50,nM,UO_0000065,,4.0
,Not Determined,1951863,[],CHEMBL889830,Inhibition of BACE expressed in HEK293 cells,B,,,BAO_0000188,BAO_0000219,cell-based format,CCCCS(=O)(=O)C[C@@H](NC(=O)OCC(F)(F)F)C(=O)N[C@@H](Cc1cc(F)cc(F)c1)[C@H](O)CNCc1cccc(CC)c1,,,CHEMBL1146261,Bioorg Med Chem Lett,2007,,,CHEMBL231865,,CHEMBL231865,,0,,645948,,1,0,,,EC50,,,,CHEMBL4822,Homo sapiens,Beta-secretase 1,9606,,,EC50,,,,
,,1951864,[],CHEMBL889830,Inhibition of BACE expressed in HEK293 cells,B,,,BAO_0000188,BAO_0000219,cell-based format,CCCCS(=O)(=O)CC(NC(=O)OCCC#N)C(=O)N[C@@H](Cc1cc(F)cc(F)c1)[C@H](O)CNCc1cccc(CC)c1,,,CHEMBL1146261,Bioorg Med Chem Lett,2007,"{'bei': '13.33', 'le': '0.26', 'lle': '5.37', 'sei': '5.27'}",,CHEMBL231864,,CHEMBL231864,8.30,0,http://www.openphacts.org/units/Nanomolar,645947,=,1,1,=,,EC50,nM,,5.0,CHEMBL4822,Homo sapiens,Beta-secretase 1,9606,,,EC50,nM,UO_0000065,,5.0
,,1951865,[],CHEMBL889830,Inhibition of BACE expressed in HEK293 cells,B,,,BAO_0000188,BAO_0000219,cell-based format,CCCCS(=O)(=O)C[C@@H](NC(=O)OC)C(=O)N[C@@H](Cc1cc(F)cc(F)c1)[C@H](O)CNCc1cccc(CC)c1,,,CHEMBL1146261,Bioorg Med Chem Lett,2007,"{'bei': '14.90', 'le': '0.30', 'lle': '6.06', 'sei': '6.50'}",,CHEMBL393733,,CHEMBL393733,8.70,0,http://www.openphacts.org/units/Nanomolar,645946,=,1,1,=,,EC50,nM,,2.0,CHEMBL4822,Homo sapiens,Beta-secretase 1,9606,,,EC50,nM,UO_0000065,,2.0
,,1951866,[],CHEMBL889830,Inhibition of BACE expressed in HEK293 cells,B,,,BAO_0000188,BAO_0000219,cell-based format,CCCCS(=O)(=O)C[C@@H](NC(=O)c1cnccc1O)C(=O)N[C@@H](Cc1cc(F)cc(F)c1)[C@H](O)CNCc1cccc(CC)c1,,,CHEMBL1146261,Bioorg Med Chem Lett,2007,"{'bei': '11.78', 'le': '0.23', 'lle': '4.80', 'sei': '4.83'}",,CHEMBL266531,,CHEMBL266531,7.62,0,http://www.openphacts.org/units/Nanomolar,645945,=,1,1,=,,EC50,nM,,24.0,CHEMBL4822,Homo sapiens,Beta-secretase 1,9606,,,EC50,nM,UO_0000065,,24.0
,,1951867,[],CHEMBL889830,Inhibition of BACE expressed in HEK293 cells,B,,,BAO_0000188,BAO_0000219,cell-based format,CCCCS(=O)(=O)C[C@@H](NC(=O)c1ncc[nH]1)C(=O)N[C@@H](Cc1cc(F)cc(F)c1)[C@H](O)CNCc1cccc(CC)c1,,,CHEMBL1146261,Bioorg Med Chem Lett,2007,"{'bei': '13.55', 'le': '0.27', 'lle': '5.96', 'sei': '5.48'}",,CHEMBL391144,,CHEMBL391144,8.40,0,http://www.openphacts.org/units/Nanomolar,645944,=,1,1,=,,EC50,nM,,4.0,CHEMBL4822,Homo sapiens,Beta-secretase 1,9606,,,EC50,nM,UO_0000065,,4.0
,,1951868,[],CHEMBL889830,Inhibition of BACE expressed in HEK293 cells,B,,,BAO_0000188,BAO_0000219,cell-based format,CCCCS(=O)(=O)C[C@@H](NC(=O)c1cnccn1)C(=O)N[C@@H](Cc1cc(F)cc(F)c1)[C@H](O)CNCc1cccc(CC)c1,,,CHEMBL1146261,Bioorg Med Chem Lett,2007,"{'bei': '15.35', 'le': '0.30', 'lle': '7.19', 'sei': '6.45'}",,CHEMBL409875,,CHEMBL409875,9.70,0,http://www.openphacts.org/units/Nanomolar,645943,=,1,1,=,,EC50,nM,,0.2,CHEMBL4822,Homo sapiens,Beta-secretase 1,9606,,,EC50,nM,UO_0000065,,0.2
,,1951869,[],CHEMBL889830,Inhibition of BACE expressed in HEK293 cells,B,,,BAO_0000188,BAO_0000219,cell-based format,CCCCS(=O)(=O)C[C@@H](NC(=O)c1cc(C)[nH]n1)C(=O)N[C@@H](Cc1cc(F)cc(F)c1)[C@H](O)CNCc1cccc(CC)c1,,,CHEMBL1146261,Bioorg Med Chem Lett,2007,"{'bei': '13.25', 'le': '0.26', 'lle': '5.65', 'sei': '5.48'}",,CHEMBL409947,,CHEMBL409947,8.40,0,http://www.openphacts.org/units/Nanomolar,645942,=,1,1,=,,EC50,nM,,4.0,CHEMBL4822,Homo sapiens,Beta-secretase 1,9606,,,EC50,nM,UO_0000065,,4.0
,,1951870,[],CHEMBL889830,Inhibition of BACE expressed in HEK293 cells,B,,,BAO_0000188,BAO_0000219,cell-based format,CCCCS(=O)(=O)C[C@@H](NC(=O)c1ccncc1)C(=O)N[C@@H](Cc1cc(F)cc(F)c1)[C@H](O)CNCc1cccc(CC)c1,,,CHEMBL1146261,Bioorg Med Chem Lett,2007,"{'bei': '14.27', 'le': '0.28', 'lle': '5.89', 'sei': '6.55'}",,CHEMBL394271,,CHEMBL394271,9.00,0,http://www.openphacts.org/units/Nanomolar,645941,=,1,1,=,,EC50,nM,,1.0,CHEMBL4822,Homo sapiens,Beta-secretase 1,9606,,,EC50,nM,UO_0000065,,1.0
,,1951871,[],CHEMBL889830,Inhibition of BACE expressed in HEK293 cells,B,,,BAO_0000188,BAO_0000219,cell-based format,CCCCS(=O)(=O)C[C@@H](NC(=O)C1CC1)C(=O)N[C@@H](Cc1cc(F)cc(F)c1)[C@H](O)CNCc1cccc(CC)c1,,,CHEMBL1146261,Bioorg Med Chem Lett,2007,"{'bei': '14.14', 'le': '0.28', 'lle': '5.59', 'sei': '6.74'}",,CHEMBL231669,,CHEMBL231669,8.40,0,http://www.openphacts.org/units/Nanomolar,645940,=,1,1,=,,EC50,nM,,4.0,CHEMBL4822,Homo sapiens,Beta-secretase 1,9606,,,EC50,nM,UO_0000065,,4.0
,,1951872,[],CHEMBL889830,Inhibition of BACE expressed in HEK293 cells,B,,,BAO_0000188,BAO_0000219,cell-based format,CCCCS(=O)(=O)C[C@@H](NC(=O)COC)C(=O)N[C@@H](Cc1cc(F)cc(F)c1)[C@H](O)CNCc1cccc(CC)c1,,,CHEMBL1146261,Bioorg Med Chem Lett,2007,"{'bei': '14.05', 'le': '0.28', 'lle': '6.35', 'sei': '6.28'}",,CHEMBL398775,,CHEMBL398775,8.40,0,http://www.openphacts.org/units/Nanomolar,645939,=,1,1,=,,EC50,nM,,4.0,CHEMBL4822,Homo sapiens,Beta-secretase 1,9606,,,EC50,nM,UO_0000065,,4.0
,,1951873,[],CHEMBL889830,Inhibition of BACE expressed in HEK293 cells,B,,,BAO_0000188,BAO_0000219,cell-based format,CCCCS(=O)(=O)C[C@@H](NC(C)=O)C(=O)N[C@@H](Cc1cc(F)cc(F)c1)[C@H](O)CNCc1cccc(CC)c1,,,CHEMBL1146261,Bioorg Med Chem Lett,2007,"{'bei': '14.48', 'le': '0.29', 'lle': '5.80', 'sei': '6.60'}",,CHEMBL232490,,CHEMBL232490,8.22,0,http://www.openphacts.org/units/Nanomolar,645938,=,1,1,=,,EC50,nM,,6.0,CHEMBL4822,Homo sapiens,Beta-secretase 1,9606,,,EC50,nM,UO_0000065,,6.0
,,1951874,[],CHEMBL889830,Inhibition of BACE expressed in HEK293 cells,B,,,BAO_0000188,BAO_0000219,cell-based format,CCCCS(=O)(=O)C[C@@H](NC(=O)c1cccnc1)C(=O)N[C@@H](Cc1cc(F)cc(F)c1)[C@H](O)CNCc1cccc(CC)c1,,,CHEMBL1146261,Bioorg Med Chem Lett,2007,"{'bei': '14.27', 'le': '0.28', 'lle': '5.89', 'sei': '6.55'}",,CHEMBL266567,,CHEMBL266567,9.00,0,http://www.openphacts.org/units/Nanomolar,645937,=,1,1,=,,EC50,nM,,1.0,CHEMBL4822,Homo sapiens,Beta-secretase 1,9606,,,EC50,nM,UO_0000065,,1.0
,,1951875,[],CHEMBL889830,Inhibition of BACE expressed in HEK293 cells,B,,,BAO_0000188,BAO_0000219,cell-based format,CCCC(CCC)S(=O)(=O)C[C@@H](NC(=O)OC)C(=O)N[C@@H](Cc1cc(F)cc(F)c1)[C@H](O)CNCc1cccc(CC)c1,,,CHEMBL1146261,Bioorg Med Chem Lett,2007,"{'bei': '13.90', 'le': '0.28', 'lle': '4.89', 'sei': '6.50'}",,CHEMBL414145,,CHEMBL414145,8.70,0,http://www.openphacts.org/units/Nanomolar,645936,=,1,1,=,,EC50,nM,,2.0,CHEMBL4822,Homo sapiens,Beta-secretase 1,9606,,,EC50,nM,UO_0000065,,2.0
,,1951876,[],CHEMBL889830,Inhibition of BACE expressed in HEK293 cells,B,,,BAO_0000188,BAO_0000219,cell-based format,CCCC(CCC)S(=O)(=O)C[C@@H](NC(=O)OCc1ccncc1)C(=O)N[C@@H](Cc1cc(F)cc(F)c1)[C@H](O)CNCc1cccc(CC)c1,,,CHEMBL1146261,Bioorg Med Chem Lett,2007,"{'bei': '11.81', 'le': '0.23', 'lle': '3.52', 'sei': '5.66'}",,CHEMBL394270,,CHEMBL394270,8.30,0,http://www.openphacts.org/units/Nanomolar,645935,=,1,1,=,,EC50,nM,,5.0,CHEMBL4822,Homo sapiens,Beta-secretase 1,9606,,,EC50,nM,UO_0000065,,5.0
,,1951877,[],CHEMBL889830,Inhibition of BACE expressed in HEK293 cells,B,,,BAO_0000188,BAO_0000219,cell-based format,CCCC(CCC)S(=O)(=O)C[C@@H](NC(=O)OCc1cccnc1)C(=O)N[C@@H](Cc1cc(F)cc(F)c1)[C@H](O)CNCc1cccc(CC)c1,,,CHEMBL1146261,Bioorg Med Chem Lett,2007,"{'bei': '11.81', 'le': '0.23', 'lle': '3.52', 'sei': '5.66'}",,CHEMBL414776,,CHEMBL414776,8.30,0,http://www.openphacts.org/units/Nanomolar,645934,=,1,1,=,,EC50,nM,,5.0,CHEMBL4822,Homo sapiens,Beta-secretase 1,9606,,,EC50,nM,UO_0000065,,5.0
,Not Determined,1951878,[],CHEMBL889830,Inhibition of BACE expressed in HEK293 cells,B,,,BAO_0000188,BAO_0000219,cell-based format,CCCC(CCC)S(=O)(=O)C[C@@H](NC(=O)OCc1ccccc1)C(=O)N[C@@H](Cc1cc(F)cc(F)c1)[C@H](O)CNCc1cccc(CC)c1,,,CHEMBL1146261,Bioorg Med Chem Lett,2007,,,CHEMBL231863,,CHEMBL231863,,0,,645933,,1,0,,,EC50,,,,CHEMBL4822,Homo sapiens,Beta-secretase 1,9606,,,EC50,,,,
,,1951879,[],CHEMBL889830,Inhibition of BACE expressed in HEK293 cells,B,,,BAO_0000188,BAO_0000219,cell-based format,CCCC(CCC)S(=O)(=O)C[C@@H](NC(=O)c1cccnc1)C(=O)N[C@@H](Cc1cc(F)cc(F)c1)[C@H](O)CNCc1cccc(CC)c1,,,CHEMBL1146261,Bioorg Med Chem Lett,2007,"{'bei': '13.38', 'le': '0.26', 'lle': '4.72', 'sei': '6.55'}",,CHEMBL231862,,CHEMBL231862,9.00,0,http://www.openphacts.org/units/Nanomolar,645932,=,1,1,=,,EC50,nM,,1.0,CHEMBL4822,Homo sapiens,Beta-secretase 1,9606,,,EC50,nM,UO_0000065,,1.0
,,1951880,[],CHEMBL889830,Inhibition of BACE expressed in HEK293 cells,B,,,BAO_0000188,BAO_0000219,cell-based format,CCCC(CCC)S(=O)(=O)C[C@@H](NC(=O)c1cccc(O)c1)C(=O)N[C@@H](Cc1cc(F)cc(F)c1)[C@H](O)CNCc1cccc(CC)c1,,,CHEMBL1146261,Bioorg Med Chem Lett,2007,"{'bei': '11.70', 'le': '0.23', 'lle': '3.46', 'sei': '5.56'}",,CHEMBL266566,,CHEMBL266566,8.05,0,http://www.openphacts.org/units/Nanomolar,645931,=,1,1,=,,EC50,nM,,9.0,CHEMBL4822,Homo sapiens,Beta-secretase 1,9606,,,EC50,nM,UO_0000065,,9.0
,,1951881,[],CHEMBL889830,Inhibition of BACE expressed in HEK293 cells,B,,,BAO_0000188,BAO_0000219,cell-based format,CCCC(CCC)S(=O)(=O)C[C@@H](NC(=O)c1ccccc1C)C(=O)N[C@@H](Cc1cc(F)cc(F)c1)[C@H](O)CNCc1cccc(CC)c1,,,CHEMBL1146261,Bioorg Med Chem Lett,2007,"{'bei': '10.54', 'le': '0.21', 'lle': '2.03', 'sei': '5.80'}",,CHEMBL393140,,CHEMBL393140,7.23,0,http://www.openphacts.org/units/Nanomolar,645930,=,1,1,=,,EC50,nM,,59.0,CHEMBL4822,Homo sapiens,Beta-secretase 1,9606,,,EC50,nM,UO_0000065,,59.0
,,1951882,[],CHEMBL889830,Inhibition of BACE expressed in HEK293 cells,B,,,BAO_0000188,BAO_0000219,cell-based format,CCCC(CCC)S(=O)(=O)C[C@@H](NC(=O)c1cccc(Cl)c1)C(=O)N[C@@H](Cc1cc(F)cc(F)c1)[C@H](O)CNCc1cccc(CC)c1,,,CHEMBL1146261,Bioorg Med Chem Lett,2007,"{'bei': '10.36', 'le': '0.21', 'lle': '1.78', 'sei': '5.87'}",,CHEMBL266565,,CHEMBL266565,7.32,0,http://www.openphacts.org/units/Nanomolar,645929,=,1,1,=,,EC50,nM,,48.0,CHEMBL4822,Homo sapiens,Beta-secretase 1,9606,,,EC50,nM,UO_0000065,,48.0
,,1951883,[],CHEMBL889830,Inhibition of BACE expressed in HEK293 cells,B,,,BAO_0000188,BAO_0000219,cell-based format,CCCC(CCC)S(=O)(=O)C[C@@H](NC(=O)c1ccc(C(F)(F)F)cc1)C(=O)N[C@@H](Cc1cc(F)cc(F)c1)[C@H](O)CNCc1cccc(CC)c1,,,CHEMBL1146261,Bioorg Med Chem Lett,2007,"{'bei': '9.62', 'le': '0.19', 'lle': '1.21', 'sei': '5.71'}",,CHEMBL234555,,CHEMBL234555,7.12,0,http://www.openphacts.org/units/Nanomolar,645928,=,1,1,=,,EC50,nM,,76.0,CHEMBL4822,Homo sapiens,Beta-secretase 1,9606,,,EC50,nM,UO_0000065,,76.0
,,1951884,[],CHEMBL889830,Inhibition of BACE expressed in HEK293 cells,B,,,BAO_0000188,BAO_0000219,cell-based format,CCCC(CCC)S(=O)(=O)C[C@@H](NC(=O)c1ccc(OC)cc1)C(=O)N[C@@H](Cc1cc(F)cc(F)c1)[C@H](O)CNCc1cccc(CC)c1,,,CHEMBL1146261,Bioorg Med Chem Lett,2007,"{'bei': '11.34', 'le': '0.22', 'lle': '3.06', 'sei': '5.95'}",,CHEMBL231861,,CHEMBL231861,7.96,0,http://www.openphacts.org/units/Nanomolar,645927,=,1,1,=,,EC50,nM,,11.0,CHEMBL4822,Homo sapiens,Beta-secretase 1,9606,,,EC50,nM,UO_0000065,,11.0
,,1951885,[],CHEMBL889830,Inhibition of BACE expressed in HEK293 cells,B,,,BAO_0000188,BAO_0000219,cell-based format,CCCC(CCC)S(=O)(=O)C[C@@H](NC(=O)c1ccc(C)cc1)C(=O)N[C@@H](Cc1cc(F)cc(F)c1)[C@H](O)CNCc1cccc(CC)c1,,,CHEMBL1146261,Bioorg Med Chem Lett,2007,"{'bei': '11.26', 'le': '0.22', 'lle': '2.52', 'sei': '6.20'}",,CHEMBL412852,,CHEMBL412852,7.72,0,http://www.openphacts.org/units/Nanomolar,645926,=,1,1,=,,EC50,nM,,19.0,CHEMBL4822,Homo sapiens,Beta-secretase 1,9606,,,EC50,nM,UO_0000065,,19.0
,,1957524,[],CHEMBL890987,Inhibition of human recombinant BACE1 at 0.2 uM,B,,,BAO_0000201,BAO_0000357,single protein format,CC(C)C[C@H](NC(=O)[C@@H](NC(=O)[C@@H](N)CCC(=O)O)C(C)C)C(=O)N[C@@H](Cc1ccccc1)[C@@H](O)C(=O)N[C@@H](CC(=O)O)C(=O)N[C@@H](C)C(=O)N[C@@H](CCC(=O)O)C(=O)N[C@@H](Cc1ccccc1)C(=O)O,,,CHEMBL1146382,Bioorg Med Chem Lett,2007,,,CHEMBL406146,HGLUVALLEUPNSASPALAGLUPHEOH,CHEMBL406146,,0,http://qudt.org/vocab/unit#Percent,648241,=,1,1,=,,Inhibition,%,,32.0,CHEMBL4822,Homo sapiens,Beta-secretase 1,9606,,,Inhibition,%,UO_0000187,,32.0
,,1957525,[],CHEMBL890987,Inhibition of human recombinant BACE1 at 0.2 uM,B,,,BAO_0000201,BAO_0000357,single protein format,CC(C)C[C@H](NC(=O)[C@@H](NC(=O)[C@@H](N)CNC(=O)c1cc(N)cc(C(=O)O)c1)C(C)C)C(=O)N[C@@H](CSc1ccccc1)[C@@H](O)C(=O)Nc1cccc(C(=O)O)c1,,,CHEMBL1146382,Bioorg Med Chem Lett,2007,,,CHEMBL395967,,CHEMBL395967,,0,http://qudt.org/vocab/unit#Percent,648248,=,1,1,=,,Inhibition,%,,86.0,CHEMBL4822,Homo sapiens,Beta-secretase 1,9606,,,Inhibition,%,UO_0000187,,86.0
,,1957526,[],CHEMBL890987,Inhibition of human recombinant BACE1 at 0.2 uM,B,,,BAO_0000201,BAO_0000357,single protein format,CC(C)C[C@H](NC(=O)[C@@H](NC(=O)[C@@H](N)CNC(=O)c1cc(N)cc(C(=O)O)c1)C(C)C)C(=O)N[C@@H](Cc1ccccc1)[C@@H](O)C(=O)Nc1cccc(C(=O)O)c1,,,CHEMBL1146382,Bioorg Med Chem Lett,2007,,,CHEMBL233608,,CHEMBL233608,,0,http://qudt.org/vocab/unit#Percent,648247,=,1,1,=,,Inhibition,%,,80.0,CHEMBL4822,Homo sapiens,Beta-secretase 1,9606,,,Inhibition,%,UO_0000187,,80.0
,,1957527,[],CHEMBL890987,Inhibition of human recombinant BACE1 at 0.2 uM,B,,,BAO_0000201,BAO_0000357,single protein format,CC(C)C[C@H](NC(=O)[C@@H](NC(=O)[C@@H](N)CCC(=O)O)C(C)C)C(=O)N[C@@H](CSc1ccccc1)[C@@H](O)C(=O)Nc1cccc(C(=O)O)c1,,,CHEMBL1146382,Bioorg Med Chem Lett,2007,,,CHEMBL388670,,CHEMBL388670,,0,http://qudt.org/vocab/unit#Percent,648246,=,1,1,=,,Inhibition,%,,57.0,CHEMBL4822,Homo sapiens,Beta-secretase 1,9606,,,Inhibition,%,UO_0000187,,57.0
,,1957528,[],CHEMBL890987,Inhibition of human recombinant BACE1 at 0.2 uM,B,,,BAO_0000201,BAO_0000357,single protein format,CC(C)C[C@H](NC(=O)[C@@H](NC(=O)[C@@H](N)CCC(=O)O)C(C)C)C(=O)N[C@@H](Cc1ccccc1)[C@@H](O)C(=O)Nc1cccc(C(=O)O)c1,,,CHEMBL1146382,Bioorg Med Chem Lett,2007,,,CHEMBL289221,,CHEMBL289221,,1,http://qudt.org/vocab/unit#Percent,648245,=,1,1,=,,Inhibition,%,,44.0,CHEMBL4822,Homo sapiens,Beta-secretase 1,9606,,,Inhibition,%,UO_0000187,,44.0
,,1957529,[],CHEMBL890987,Inhibition of human recombinant BACE1 at 0.2 uM,B,,,BAO_0000201,BAO_0000357,single protein format,CC(C)C[C@H](NC(=O)[C@@H](NC(=O)[C@@H](N)CCC(=O)O)C(C)C)C(=O)N[C@@H](CSc1ccccc1)[C@@H](O)C(=O)N[C@@H](CC(=O)O)C(=O)N[C@@H](C)C(=O)N[C@@H](CCC(=O)O)C(=O)N[C@@H](Cc1ccccc1)C(=O)O,,,CHEMBL1146382,Bioorg Med Chem Lett,2007,,,CHEMBL239383,,CHEMBL239383,,0,http://qudt.org/vocab/unit#Percent,648242,=,1,1,=,,Inhibition,%,,34.0,CHEMBL4822,Homo sapiens,Beta-secretase 1,9606,,,Inhibition,%,UO_0000187,,34.0
,,1957530,[],CHEMBL890986,Inhibition of human recombinant BACE1 at 2 uM,B,,,BAO_0000201,BAO_0000357,single protein format,CC(C)C[C@H](NC(=O)[C@@H](NC(=O)[C@@H](N)CCC(=O)O)C(C)C)C(=O)N[C@@H](CSc1ccccc1)[C@@H](O)C(=O)N[C@@H](CC(=O)O)C(=O)N[C@@H](C)C(=O)N[C@@H](CCC(=O)O)C(=O)N[C@@H](Cc1ccccc1)C(=O)O,,,CHEMBL1146382,Bioorg Med Chem Lett,2007,,,CHEMBL239383,,CHEMBL239383,,0,http://qudt.org/vocab/unit#Percent,648242,=,1,1,=,,Inhibition,%,,82.0,CHEMBL4822,Homo sapiens,Beta-secretase 1,9606,,,Inhibition,%,UO_0000187,,82.0
,,1957531,[],CHEMBL890986,Inhibition of human recombinant BACE1 at 2 uM,B,,,BAO_0000201,BAO_0000357,single protein format,CC(C)C[C@H](NC(=O)[C@@H](NC(=O)[C@@H](N)CNC(=O)c1cc(N)cc(C(=O)O)c1)C(C)C)C(=O)N[C@@H](CSc1ccccc1)[C@@H](O)C(=O)Nc1cccc(C(=O)O)c1,,,CHEMBL1146382,Bioorg Med Chem Lett,2007,,,CHEMBL395967,,CHEMBL395967,,0,http://qudt.org/vocab/unit#Percent,648248,=,1,1,=,,Inhibition,%,,99.0,CHEMBL4822,Homo sapiens,Beta-secretase 1,9606,,,Inhibition,%,UO_0000187,,99.0
,,1957532,[],CHEMBL890986,Inhibition of human recombinant BACE1 at 2 uM,B,,,BAO_0000201,BAO_0000357,single protein format,CC(C)C[C@H](NC(=O)[C@@H](NC(=O)[C@@H](N)CNC(=O)c1cc(N)cc(C(=O)O)c1)C(C)C)C(=O)N[C@@H](Cc1ccccc1)[C@@H](O)C(=O)Nc1cccc(C(=O)O)c1,,,CHEMBL1146382,Bioorg Med Chem Lett,2007,,,CHEMBL233608,,CHEMBL233608,,0,http://qudt.org/vocab/unit#Percent,648247,=,1,1,=,,Inhibition,%,,98.0,CHEMBL4822,Homo sapiens,Beta-secretase 1,9606,,,Inhibition,%,UO_0000187,,98.0
,,1957533,[],CHEMBL890986,Inhibition of human recombinant BACE1 at 2 uM,B,,,BAO_0000201,BAO_0000357,single protein format,CC(C)C[C@H](NC(=O)[C@@H](NC(=O)[C@@H](N)CCC(=O)O)C(C)C)C(=O)N[C@@H](CSc1ccccc1)[C@@H](O)C(=O)Nc1cccc(C(=O)O)c1,,,CHEMBL1146382,Bioorg Med Chem Lett,2007,,,CHEMBL388670,,CHEMBL388670,,0,http://qudt.org/vocab/unit#Percent,648246,=,1,1,=,,Inhibition,%,,96.0,CHEMBL4822,Homo sapiens,Beta-secretase 1,9606,,,Inhibition,%,UO_0000187,,96.0
,,1957534,[],CHEMBL890986,Inhibition of human recombinant BACE1 at 2 uM,B,,,BAO_0000201,BAO_0000357,single protein format,CC(C)C[C@H](NC(=O)[C@@H](NC(=O)[C@@H](N)CCC(=O)O)C(C)C)C(=O)N[C@@H](CSc1ccccc1)[C@@H](O)C(=O)N[C@@H](CC(=O)O)C(=O)O,,,CHEMBL1146382,Bioorg Med Chem Lett,2007,,,CHEMBL245165,,CHEMBL245165,,0,http://qudt.org/vocab/unit#Percent,648244,=,1,1,=,,Inhibition,%,,69.0,CHEMBL4822,Homo sapiens,Beta-secretase 1,9606,,,Inhibition,%,UO_0000187,,69.0
,,1983228,[],CHEMBL899464,Inhibition of BACE1 by FRET assay,B,,,BAO_0000190,BAO_0000357,single protein format,N=C(N)NC(=O)Cn1c(-c2ccccc2)ccc1-c1ccccc1,,,CHEMBL1137439,Bioorg Med Chem Lett,2007,"{'bei': '17.06', 'le': '0.31', 'lle': '2.60', 'sei': '6.47'}",,CHEMBL217068,,CHEMBL217068,5.43,1,http://www.openphacts.org/units/Nanomolar,661908,=,1,1,=,,IC50,nM,,3700.0,CHEMBL4822,Homo sapiens,Beta-secretase 1,9606,,,IC50,uM,UO_0000065,,3.7
,,1983229,[],CHEMBL899465,Inhibition of BACE1 by cellular ELISA,F,,,BAO_0003036,BAO_0000019,assay format,N=C(N)NC(=O)Cn1c(-c2ccccc2)ccc1-c1ccccc1,,,CHEMBL1137439,Bioorg Med Chem Lett,2007,,,CHEMBL217068,,CHEMBL217068,,0,http://www.openphacts.org/units/Micromolar,661908,=,1,0,=,,ED50,uM,,8.9,CHEMBL4822,Homo sapiens,Beta-secretase 1,9606,,,ED50,uM,UO_0000064,,8.9
,,1983230,[],CHEMBL899464,Inhibition of BACE1 by FRET assay,B,,,BAO_0000190,BAO_0000357,single protein format,NC(N)=NC(=O)Cc1c(-c2ccccc2)csc1-c1ccccc1,,,CHEMBL1137439,Bioorg Med Chem Lett,2007,"{'bei': '15.15', 'le': '0.29', 'lle': '1.66', 'sei': '6.24'}",,CHEMBL236850,,CHEMBL236850,5.08,0,http://www.openphacts.org/units/Nanomolar,661893,=,1,1,=,,IC50,nM,,8300.0,CHEMBL4822,Homo sapiens,Beta-secretase 1,9606,,,IC50,uM,UO_0000065,,8.3
,,1983231,[],CHEMBL899464,Inhibition of BACE1 by FRET assay,B,,,BAO_0000190,BAO_0000357,single protein format,CCC(CC)NC(=O)c1ccc(-c2scc(-c3ccccc3Cl)c2CC(=O)/N=C(/N)NCCCO)cc1,,,CHEMBL1137439,Bioorg Med Chem Lett,2007,"{'bei': '11.15', 'le': '0.22', 'lle': '1.02', 'sei': '5.16'}",,CHEMBL237494,,CHEMBL237494,6.03,0,http://www.openphacts.org/units/Nanomolar,661907,=,1,1,=,,IC50,nM,,930.0,CHEMBL4822,Homo sapiens,Beta-secretase 1,9606,,,IC50,uM,UO_0000065,,0.93
,,1983232,[],CHEMBL899464,Inhibition of BACE1 by FRET assay,B,,,BAO_0000190,BAO_0000357,single protein format,CCCCNC(=O)c1ccc(-c2scc(-c3ccccc3Cl)c2CC(=O)/N=C(/N)NCCCO)cc1,,,CHEMBL1137439,Bioorg Med Chem Lett,2007,"{'bei': '12.43', 'le': '0.25', 'lle': '1.93', 'sei': '5.61'}",,CHEMBL391109,,CHEMBL391109,6.55,0,http://www.openphacts.org/units/Nanomolar,661906,=,1,1,=,,IC50,nM,,280.0,CHEMBL4822,Homo sapiens,Beta-secretase 1,9606,,,IC50,uM,UO_0000065,,0.28
,,1983233,[],CHEMBL899464,Inhibition of BACE1 by FRET assay,B,,,BAO_0000190,BAO_0000357,single protein format,N/C(=N/C(=O)Cc1c(-c2ccccc2Cl)csc1-c1ccc(C(=O)NCC2CC2)cc1)NCCCO,,,CHEMBL1137439,Bioorg Med Chem Lett,2007,"{'bei': '13.05', 'le': '0.26', 'lle': '2.62', 'sei': '5.87'}",,CHEMBL237493,,CHEMBL237493,6.85,0,http://www.openphacts.org/units/Nanomolar,661905,=,1,1,=,,IC50,nM,,140.0,CHEMBL4822,Homo sapiens,Beta-secretase 1,9606,,,IC50,uM,UO_0000065,,0.14
,,1983234,[],CHEMBL899464,Inhibition of BACE1 by FRET assay,B,,,BAO_0000190,BAO_0000357,single protein format,CCCNC(=O)c1ccc(-c2scc(-c3ccccc3Cl)c2CC(=O)/N=C(/N)NCCCO)cc1,,,CHEMBL1137439,Bioorg Med Chem Lett,2007,"{'bei': '12.83', 'le': '0.26', 'lle': '2.36', 'sei': '5.64'}",,CHEMBL237284,,CHEMBL237284,6.58,0,http://www.openphacts.org/units/Nanomolar,661904,=,1,1,=,,IC50,nM,,260.0,CHEMBL4822,Homo sapiens,Beta-secretase 1,9606,,,IC50,uM,UO_0000065,,0.26
,,1983235,[],CHEMBL899464,Inhibition of BACE1 by FRET assay,B,,,BAO_0000190,BAO_0000357,single protein format,N/C(=N/C(=O)Cc1c(-c2ccccc2Cl)csc1-c1ccc(C(=O)NCC(F)(F)F)cc1)NCCCO,,,CHEMBL1137439,Bioorg Med Chem Lett,2007,"{'bei': '12.11', 'le': '0.25', 'lle': '2.32', 'sei': '5.73'}",,CHEMBL237283,,CHEMBL237283,6.70,0,http://www.openphacts.org/units/Nanomolar,661903,=,1,1,=,,IC50,nM,,200.0,CHEMBL4822,Homo sapiens,Beta-secretase 1,9606,,,IC50,uM,UO_0000065,,0.2
,,1983236,[],CHEMBL899464,Inhibition of BACE1 by FRET assay,B,,,BAO_0000190,BAO_0000357,single protein format,CCCOc1ccc(-c2scc(-c3ccccc3Cl)c2CC(=O)/N=C(/N)NCCCO)c(C)c1,,,CHEMBL1137439,Bioorg Med Chem Lett,2007,"{'bei': '11.62', 'le': '0.23', 'lle': '0.62', 'sei': '5.99'}",,CHEMBL391108,,CHEMBL391108,5.81,0,http://www.openphacts.org/units/Nanomolar,661902,=,1,1,=,,IC50,nM,,1550.0,CHEMBL4822,Homo sapiens,Beta-secretase 1,9606,,,IC50,uM,UO_0000065,,1.55
,,1983237,[],CHEMBL899464,Inhibition of BACE1 by FRET assay,B,,,BAO_0000190,BAO_0000357,single protein format,CCCOc1ccc(-c2scc(-c3ccccc3Cl)c2CC(=O)/N=C(/N)NCCCO)cc1C,,,CHEMBL1137439,Bioorg Med Chem Lett,2007,"{'bei': '11.62', 'le': '0.23', 'lle': '0.62', 'sei': '6.00'}",,CHEMBL237282,,CHEMBL237282,5.81,0,http://www.openphacts.org/units/Nanomolar,661901,=,1,1,=,,IC50,nM,,1540.0,CHEMBL4822,Homo sapiens,Beta-secretase 1,9606,,,IC50,uM,UO_0000065,,1.54
,,1983238,[],CHEMBL899464,Inhibition of BACE1 by FRET assay,B,,,BAO_0000190,BAO_0000357,single protein format,CCCOc1ccc(-c2scc(-c3ccccc3Cl)c2CC(=O)/N=C(/N)NCCCO)cc1,,,CHEMBL1137439,Bioorg Med Chem Lett,2007,"{'bei': '14.04', 'le': '0.28', 'lle': '1.94', 'sei': '7.04'}",,CHEMBL237063,,CHEMBL237063,6.82,0,http://www.openphacts.org/units/Nanomolar,661900,=,1,1,=,,IC50,nM,,150.0,CHEMBL4822,Homo sapiens,Beta-secretase 1,9606,,,IC50,uM,UO_0000065,,0.15
,,1983239,[],CHEMBL899464,Inhibition of BACE1 by FRET assay,B,,,BAO_0000190,BAO_0000357,single protein format,CCCOc1ccc(-c2csc(-c3ccccc3Cl)c2CC(=O)NC(=N)N)cc1,,,CHEMBL1137439,Bioorg Med Chem Lett,2007,"{'bei': '14.56', 'le': '0.29', 'lle': '1.15', 'sei': '7.06'}",,CHEMBL391087,,CHEMBL391087,6.23,0,http://www.openphacts.org/units/Nanomolar,661899,=,1,1,=,,IC50,nM,,590.0,CHEMBL4822,Homo sapiens,Beta-secretase 1,9606,,,IC50,uM,UO_0000065,,0.59
,,1983240,[],CHEMBL899464,Inhibition of BACE1 by FRET assay,B,,,BAO_0000190,BAO_0000357,single protein format,CCCOc1ccc(-c2scc(-c3ccccc3Cl)c2CC(=O)N=C(N)N)cc1,,,CHEMBL1137439,Bioorg Med Chem Lett,2007,"{'bei': '14.49', 'le': '0.29', 'lle': '1.33', 'sei': '6.84'}",,CHEMBL237062,,CHEMBL237062,6.20,0,http://www.openphacts.org/units/Nanomolar,661898,=,1,1,=,,IC50,nM,,630.0,CHEMBL4822,Homo sapiens,Beta-secretase 1,9606,,,IC50,uM,UO_0000065,,0.63
,,1983241,[],CHEMBL899464,Inhibition of BACE1 by FRET assay,B,,,BAO_0000190,BAO_0000357,single protein format,CCCOc1ccc(-c2csc(-c3ccccc3)c2CC(=O)N=C(N)N)cc1,,,CHEMBL1137439,Bioorg Med Chem Lett,2007,"{'bei': '14.54', 'le': '0.28', 'lle': '1.51', 'sei': '6.31'}",,CHEMBL237061,,CHEMBL237061,5.72,0,http://www.openphacts.org/units/Nanomolar,661897,=,1,1,=,,IC50,nM,,1890.0,CHEMBL4822,Homo sapiens,Beta-secretase 1,9606,,,IC50,uM,UO_0000065,,1.89
,,1983242,[],CHEMBL899464,Inhibition of BACE1 by FRET assay,B,,,BAO_0000190,BAO_0000357,single protein format,CCCOc1ccc(-c2scc(-c3ccccc3)c2CC(=O)N=C(N)N)cc1,,,CHEMBL1137439,Bioorg Med Chem Lett,2007,"{'bei': '15.67', 'le': '0.30', 'lle': '1.96', 'sei': '6.80'}",,CHEMBL236852,,CHEMBL236852,6.17,0,http://www.openphacts.org/units/Nanomolar,661896,=,1,1,=,,IC50,nM,,680.0,CHEMBL4822,Homo sapiens,Beta-secretase 1,9606,,,IC50,uM,UO_0000065,,0.68
,,1983243,[],CHEMBL899464,Inhibition of BACE1 by FRET assay,B,,,BAO_0000190,BAO_0000357,single protein format,NC(N)=NC(=O)Cc1c(-c2ccccc2Cl)csc1-c1ccc(OCCc2cn[nH]c2)cc1,,,CHEMBL1137439,Bioorg Med Chem Lett,2007,"{'bei': '10.75', 'le': '0.21', 'lle': '0.74', 'sei': '4.32'}",,CHEMBL393559,,CHEMBL393559,5.16,0,http://www.openphacts.org/units/Nanomolar,661895,=,1,1,=,,IC50,nM,,6900.0,CHEMBL4822,Homo sapiens,Beta-secretase 1,9606,,,IC50,uM,UO_0000065,,6.9
,,1983244,[],CHEMBL899464,Inhibition of BACE1 by FRET assay,B,,,BAO_0000190,BAO_0000357,single protein format,CC(=O)c1ccc(Oc2ccc(-c3scc(-c4ccccc4Cl)c3CC(=O)N=C(N)N)cc2)cc1,,,CHEMBL1137439,Bioorg Med Chem Lett,2007,"{'bei': '12.15', 'le': '0.24', 'lle': '0.05', 'sei': '5.68'}",,CHEMBL236851,,CHEMBL236851,6.12,0,http://www.openphacts.org/units/Nanomolar,661894,=,1,1,=,,IC50,nM,,750.0,CHEMBL4822,Homo sapiens,Beta-secretase 1,9606,,,IC50,uM,UO_0000065,,0.75
,,1987019,[],CHEMBL898740,Inhibition of BACE1,B,,,BAO_0000190,BAO_0000357,single protein format,CN(c1cc2cc(c1)C(=O)N[C@@H](c1ccccc1)CCc1cccc(c1)C[C@@](C)(N)C(=O)OC2)S(C)(=O)=O,,,CHEMBL1137488,Bioorg Med Chem Lett,2007,"{'bei': '16.24', 'le': '0.31', 'lle': '5.20', 'sei': '7.32'}",,CHEMBL400438,,CHEMBL400438,8.70,1,http://www.openphacts.org/units/Nanomolar,662937,=,1,1,=,,IC50,nM,,2.0,CHEMBL4822,Homo sapiens,Beta-secretase 1,9606,,,IC50,nM,UO_0000065,,2.0
,,1987020,[],CHEMBL898740,Inhibition of BACE1,B,,,BAO_0000190,BAO_0000357,single protein format,C[C@@H](NC(c1cc(-c2nnc([C@](C)(N)Cc3ccc(F)cc3)o2)cc(N(C)S(C)(=O)=O)c1)C(F)(F)F)c1ccc(F)cc1,,,CHEMBL1137488,Bioorg Med Chem Lett,2007,"{'bei': '7.73', 'le': '0.15', 'lle': '-0.96', 'sei': '4.22'}",,CHEMBL238409,,CHEMBL238409,4.82,0,http://www.openphacts.org/units/Nanomolar,662940,=,1,1,=,,IC50,nM,,15000.0,CHEMBL4822,Homo sapiens,Beta-secretase 1,9606,,,IC50,nM,UO_0000065,,15000.0
,,1987021,[],CHEMBL898740,Inhibition of BACE1,B,,,BAO_0000190,BAO_0000357,single protein format,C[C@@H](NC(=O)c1cc(-c2nnc([C@](C)(N)Cc3ccccc3)o2)cc(N(C)S(C)(=O)=O)c1)c1ccc(F)cc1,,,CHEMBL1137488,Bioorg Med Chem Lett,2007,"{'bei': '14.59', 'le': '0.28', 'lle': '3.87', 'sei': '6.12'}",,CHEMBL219601,,CHEMBL219601,8.05,0,http://www.openphacts.org/units/Nanomolar,662939,=,1,1,=,,IC50,nM,,9.0,CHEMBL4822,Homo sapiens,Beta-secretase 1,9606,,,IC50,nM,UO_0000065,,9.0
,,1987022,[],CHEMBL898740,Inhibition of BACE1,B,,,BAO_0000190,BAO_0000357,single protein format,CN(c1cc2cc(c1)C(C(F)(F)F)N[C@@H](c1ccccc1)CCc1cccc(c1)C[C@@](C)(N)C(=O)OC2)S(C)(=O)=O,,,CHEMBL1137488,Bioorg Med Chem Lett,2007,"{'bei': '9.21', 'le': '0.18', 'lle': '0.46', 'sei': '5.34'}",,CHEMBL392564,,CHEMBL392564,5.43,0,http://www.openphacts.org/units/Nanomolar,662938,=,1,1,=,,IC50,nM,,3700.0,CHEMBL4822,Homo sapiens,Beta-secretase 1,9606,,,IC50,nM,UO_0000065,,3700.0
,,1987027,[],CHEMBL898740,Inhibition of BACE1,B,,,BAO_0000190,BAO_0000357,single protein format,CN(c1cc2cc(n1)CCCCCc1cccc(c1)C[C@@](C)(N)C(=O)OC2)S(C)(=O)=O,,,CHEMBL1137488,Bioorg Med Chem Lett,2007,"{'bei': '10.83', 'le': '0.21', 'lle': '2.07', 'sei': '4.70'}",,CHEMBL399595,,CHEMBL399595,4.82,0,http://www.openphacts.org/units/Nanomolar,662948,=,1,1,=,,IC50,nM,,15000.0,CHEMBL4822,Homo sapiens,Beta-secretase 1,9606,,,IC50,nM,UO_0000065,,15000.0
,,1987028,[],CHEMBL898740,Inhibition of BACE1,B,,,BAO_0000190,BAO_0000357,single protein format,CN(c1cc2cc(n1)CCC(c1ccccc1)CCc1cccc(c1)C[C@@](C)(N)C(=O)OC2)S(C)(=O)=O,,,CHEMBL1137488,Bioorg Med Chem Lett,2007,"{'bei': '9.88', 'le': '0.19', 'lle': '1.01', 'sei': '5.02'}",,CHEMBL235854,,CHEMBL235854,5.16,0,http://www.openphacts.org/units/Nanomolar,662947,=,1,1,=,,IC50,nM,,7000.0,CHEMBL4822,Homo sapiens,Beta-secretase 1,9606,,,IC50,nM,UO_0000065,,7000.0
,,1987029,[],CHEMBL898740,Inhibition of BACE1,B,,,BAO_0000190,BAO_0000357,single protein format,CC1CCc2cccc(c2)C[C@@](C)(N)C(=O)OCc2cc(nc(N(C)S(C)(=O)=O)c2)CC1,,,CHEMBL1137488,Bioorg Med Chem Lett,2007,"{'bei': '12.50', 'le': '0.25', 'lle': '2.74', 'sei': '5.60'}",,CHEMBL235853,,CHEMBL235853,5.75,0,http://www.openphacts.org/units/Nanomolar,662946,=,1,1,=,,IC50,nM,,1800.0,CHEMBL4822,Homo sapiens,Beta-secretase 1,9606,,,IC50,nM,UO_0000065,,1800.0
,,1987030,[],CHEMBL898740,Inhibition of BACE1,B,,,BAO_0000190,BAO_0000357,single protein format,CC1CCc2cccc(c2)C[C@@](C)(N)C(=O)OCc2cc(cc(N(C)S(C)(=O)=O)c2)CC1,,,CHEMBL1137488,Bioorg Med Chem Lett,2007,"{'bei': '12.58', 'le': '0.25', 'lle': '2.17', 'sei': '6.43'}",,CHEMBL394225,,CHEMBL394225,5.77,0,http://www.openphacts.org/units/Nanomolar,662945,=,1,1,=,,IC50,nM,,1700.0,CHEMBL4822,Homo sapiens,Beta-secretase 1,9606,,,IC50,nM,UO_0000065,,1700.0
,,1987031,[],CHEMBL898740,Inhibition of BACE1,B,,,BAO_0000190,BAO_0000357,single protein format,CN(c1cc2cc(n1)N(CC1CC1)CCCCc1cccc(c1)C[C@@](C)(N)C(=O)OC2)S(C)(=O)=O,,,CHEMBL1137488,Bioorg Med Chem Lett,2007,"{'bei': '10.43', 'le': '0.20', 'lle': '2.19', 'sei': '4.93'}",,CHEMBL394224,,CHEMBL394224,5.22,0,http://www.openphacts.org/units/Nanomolar,662944,=,1,1,=,,IC50,nM,,6000.0,CHEMBL4822,Homo sapiens,Beta-secretase 1,9606,,,IC50,nM,UO_0000065,,6000.0
,,1987032,[],CHEMBL898740,Inhibition of BACE1,B,,,BAO_0000190,BAO_0000357,single protein format,CC(C)N1CCCCc2cccc(c2)C[C@@](C)(N)C(=O)OCc2cc1nc(N(C)S(C)(=O)=O)c2,,,CHEMBL1137488,Bioorg Med Chem Lett,2007,"{'bei': '9.53', 'le': '0.19', 'lle': '1.63', 'sei': '4.40'}",,CHEMBL442238,,CHEMBL442238,4.66,0,http://www.openphacts.org/units/Nanomolar,662943,=,1,1,=,,IC50,nM,,22000.0,CHEMBL4822,Homo sapiens,Beta-secretase 1,9606,,,IC50,nM,UO_0000065,,22000.0
,,1987033,[],CHEMBL898740,Inhibition of BACE1,B,,,BAO_0000190,BAO_0000357,single protein format,CN(c1cc2cc(n1)N(Cc1ccccc1)CCCCc1cccc(c1)C[C@@](C)(N)C(=O)OC2)S(C)(=O)=O,,,CHEMBL1137488,Bioorg Med Chem Lett,2007,"{'bei': '9.10', 'le': '0.18', 'lle': '1.07', 'sei': '4.62'}",,CHEMBL235645,,CHEMBL235645,4.89,0,http://www.openphacts.org/units/Nanomolar,662942,=,1,1,=,,IC50,nM,,13000.0,CHEMBL4822,Homo sapiens,Beta-secretase 1,9606,,,IC50,nM,UO_0000065,,13000.0
,,1987034,[],CHEMBL898740,Inhibition of BACE1,B,,,BAO_0000190,BAO_0000357,single protein format,CN(c1cc2cc(n1)NCCCCc1cccc(c1)C[C@@](C)(N)C(=O)OC2)S(C)(=O)=O,,,CHEMBL1137488,Bioorg Med Chem Lett,2007,"{'bei': '14.33', 'le': '0.28', 'lle': '4.17', 'sei': '5.58'}",,CHEMBL392361,,CHEMBL392361,6.40,0,http://www.openphacts.org/units/Nanomolar,662941,=,1,1,=,,IC50,nM,,400.0,CHEMBL4822,Homo sapiens,Beta-secretase 1,9606,,,IC50,nM,UO_0000065,,400.0
,,2005787,[],CHEMBL901128,Binding affinity to BACE1 expressed in HEK293 cells assessed as free enzyme at 1 mM after 10 mins by Biocore ISA,B,,,BAO_0001103,BAO_0000219,cell-based format,Nc1nc(CCc2ccccc2)cc(=O)[nH]1,,,CHEMBL1138314,J Med Chem,2007,,,CHEMBL235821,,CHEMBL235821,,0,http://qudt.org/vocab/unit#Percent,667187,=,1,0,=,,Activity,%,,31.0,CHEMBL4822,Homo sapiens,Beta-secretase 1,9606,,,Activity,%,UO_0000187,,31.0
,,2005788,[],CHEMBL901129,Binding affinity to BACE1 expressed in HEK293 cells by Biocore ISA,B,,,BAO_0000034,BAO_0000219,cell-based format,Nc1nc(CCc2ccccc2)cc(=O)[nH]1,,,CHEMBL1138314,J Med Chem,2007,"{'bei': '14.77', 'le': '0.27', 'lle': '2.04', 'sei': '4.43'}",,CHEMBL235821,,CHEMBL235821,3.18,0,http://www.openphacts.org/units/Nanomolar,667187,=,1,1,=,,Kd,nM,,660000.0,CHEMBL4822,Homo sapiens,Beta-secretase 1,9606,,,Kd,mM,UO_0000065,,0.66
,,2005790,[],CHEMBL901131,Inhibition of BACE1,B,,,BAO_0000190,BAO_0000357,single protein format,C[C@H](NC(=O)OC[C@H](O)[C@H](Cc1ccccc1)NC(=O)c1ccc(S(C)(=O)=O)cc1)C(=O)N[C@@H](CCC(=O)O)C(=O)N[C@@H](Cc1ccccc1)C(=O)O,,,CHEMBL1138314,J Med Chem,2007,"{'bei': '5.99', 'le': '0.12', 'lle': '3.45', 'sei': '1.78'}",,CHEMBL235820,,CHEMBL235820,4.52,0,http://www.openphacts.org/units/Nanomolar,667192,=,1,1,=,,IC50,nM,,30000.0,CHEMBL4822,Homo sapiens,Beta-secretase 1,9606,,,IC50,uM,UO_0000065,,30.0
,,2005791,[],CHEMBL901128,Binding affinity to BACE1 expressed in HEK293 cells assessed as free enzyme at 1 mM after 10 mins by Biocore ISA,B,,,BAO_0001103,BAO_0000219,cell-based format,Cc1cc(=O)[nH]c(N)n1,,,CHEMBL1138314,J Med Chem,2007,,,CHEMBL391757,,CHEMBL391757,,0,http://qudt.org/vocab/unit#Percent,667191,=,1,0,=,,Activity,%,,83.0,CHEMBL4822,Homo sapiens,Beta-secretase 1,9606,,,Activity,%,UO_0000187,,83.0
,,2005792,[],CHEMBL901128,Binding affinity to BACE1 expressed in HEK293 cells assessed as free enzyme at 1 mM after 10 mins by Biocore ISA,B,,,BAO_0001103,BAO_0000219,cell-based format,CCCc1cc(=O)[nH]c(N)n1,,,CHEMBL1138314,J Med Chem,2007,,,CHEMBL235825,,CHEMBL235825,,0,http://qudt.org/vocab/unit#Percent,667190,=,1,0,=,,Activity,%,,72.0,CHEMBL4822,Homo sapiens,Beta-secretase 1,9606,,,Activity,%,UO_0000187,,72.0
,,2005793,[],CHEMBL901128,Binding affinity to BACE1 expressed in HEK293 cells assessed as free enzyme at 1 mM after 10 mins by Biocore ISA,B,,,BAO_0001103,BAO_0000219,cell-based format,CCCc1cc(=O)[nH]c(NC)n1,,,CHEMBL1138314,J Med Chem,2007,,,CHEMBL391300,,CHEMBL391300,,0,http://qudt.org/vocab/unit#Percent,667189,=,1,0,=,,Activity,%,,65.0,CHEMBL4822,Homo sapiens,Beta-secretase 1,9606,,,Activity,%,UO_0000187,,65.0
,,2005794,[],CHEMBL901128,Binding affinity to BACE1 expressed in HEK293 cells assessed as free enzyme at 1 mM after 10 mins by Biocore ISA,B,,,BAO_0001103,BAO_0000219,cell-based format,CCCCCc1cc(=O)[nH]c(N)n1,,,CHEMBL1138314,J Med Chem,2007,,,CHEMBL235619,,CHEMBL235619,,0,http://qudt.org/vocab/unit#Percent,667188,=,1,0,=,,Activity,%,,38.0,CHEMBL4822,Homo sapiens,Beta-secretase 1,9606,,,Activity,%,UO_0000187,,38.0
,Not Determined,2005795,[],CHEMBL901129,Binding affinity to BACE1 expressed in HEK293 cells by Biocore ISA,B,,,BAO_0000034,BAO_0000219,cell-based format,Cc1cc(=O)[nH]c(N)n1,,,CHEMBL1138314,J Med Chem,2007,,,CHEMBL391757,,CHEMBL391757,,0,,667191,,1,0,,,Kd,,,,CHEMBL4822,Homo sapiens,Beta-secretase 1,9606,,,Kd,,,,
,,2005796,[],CHEMBL901129,Binding affinity to BACE1 expressed in HEK293 cells by Biocore ISA,B,,,BAO_0000034,BAO_0000219,cell-based format,CCCc1cc(=O)[nH]c(N)n1,,,CHEMBL1138314,J Med Chem,2007,"{'bei': '15.35', 'le': '0.29', 'lle': '2.05', 'sei': '3.28'}",,CHEMBL235825,,CHEMBL235825,2.35,0,http://www.openphacts.org/units/Nanomolar,667190,=,1,1,=,,Kd,nM,,4450000.0,CHEMBL4822,Homo sapiens,Beta-secretase 1,9606,,,Kd,mM,UO_0000065,,4.45
,Not Determined,2005797,[],CHEMBL901129,Binding affinity to BACE1 expressed in HEK293 cells by Biocore ISA,B,,,BAO_0000034,BAO_0000219,cell-based format,CCCc1cc(=O)[nH]c(NC)n1,,,CHEMBL1138314,J Med Chem,2007,,,CHEMBL391300,,CHEMBL391300,,0,,667189,,1,0,,,Kd,,,,CHEMBL4822,Homo sapiens,Beta-secretase 1,9606,,,Kd,,,,
,Not Determined,2005799,[],CHEMBL901129,Binding affinity to BACE1 expressed in HEK293 cells by Biocore ISA,B,,,BAO_0000034,BAO_0000219,cell-based format,CCCCCc1cc(=O)[nH]c(N)n1,,,CHEMBL1138314,J Med Chem,2007,,,CHEMBL235619,,CHEMBL235619,,0,,667188,,1,0,,,Kd,,,,CHEMBL4822,Homo sapiens,Beta-secretase 1,9606,,,Kd,,,,
,,2005803,[],CHEMBL901131,Inhibition of BACE1,B,,,BAO_0000190,BAO_0000357,single protein format,CC(C)C[C@H](NC(=O)[C@H](CC(N)=O)NC(=O)[C@@H](NC(=O)[C@@H](N)CCC(=O)O)C(C)C)[C@@H](O)C[C@@H](C)C(=O)N[C@@H](C)C(=O)N[C@@H](CCC(=O)O)C(=O)N[C@@H](Cc1ccccc1)C(=O)O,,,CHEMBL1138314,J Med Chem,2007,"{'bei': '5.06', 'le': '0.10', 'lle': '6.26', 'sei': '1.20'}",,CHEMBL78946,,CHEMBL78946,4.52,0,http://www.openphacts.org/units/Nanomolar,667193,=,1,1,=,,IC50,nM,,30000.0,CHEMBL4822,Homo sapiens,Beta-secretase 1,9606,,,IC50,uM,UO_0000065,,30.0
,,2005804,[],CHEMBL901135,Inhibition of BACE1 by FRET assay,B,,,BAO_0000190,BAO_0000357,single protein format,Nc1nc(CCc2ccc3cc[nH]c3c2)cc(=O)[nH]1,,,CHEMBL1138315,J Med Chem,2007,"{'bei': '15.28', 'le': '0.28', 'lle': '2.27', 'sei': '4.44'}",,CHEMBL236777,,CHEMBL236777,3.89,0,http://www.openphacts.org/units/Nanomolar,667199,=,1,1,=,,IC50,nM,,130000.0,CHEMBL4822,Homo sapiens,Beta-secretase 1,9606,,,IC50,uM,UO_0000065,,130.0
,,2005805,[],CHEMBL901132,Inhibition of BACE1 at 1 mM by SPR assay,B,,,BAO_0000201,BAO_0000357,single protein format,CCCc1cc(=O)[nH]c(N)n1,,,CHEMBL1138315,J Med Chem,2007,,,CHEMBL235825,,CHEMBL235825,,0,http://qudt.org/vocab/unit#Percent,667194,=,1,1,=,,Inhibition,%,,28.0,CHEMBL4822,Homo sapiens,Beta-secretase 1,9606,,,Inhibition,%,UO_0000187,,28.0
,,2005806,[],CHEMBL901132,Inhibition of BACE1 at 1 mM by SPR assay,B,,,BAO_0000201,BAO_0000357,single protein format,CN1C(=O)CC(C)(c2ccc(Cl)c(Cl)c2)N=C1N,,,CHEMBL1138315,J Med Chem,2007,,,CHEMBL239425,,CHEMBL239425,,0,http://qudt.org/vocab/unit#Percent,667214,=,1,1,=,,Inhibition,%,,93.0,CHEMBL4822,Homo sapiens,Beta-secretase 1,9606,,,Inhibition,%,UO_0000187,,93.0
,,2005807,[],CHEMBL901132,Inhibition of BACE1 at 1 mM by SPR assay,B,,,BAO_0000201,BAO_0000357,single protein format,NC1=NC(c2ccc(Cl)c(Cl)c2)CC(=O)N1,,,CHEMBL1138315,J Med Chem,2007,,,CHEMBL235763,,CHEMBL235763,,0,http://qudt.org/vocab/unit#Percent,667212,=,1,1,=,,Inhibition,%,,42.0,CHEMBL4822,Homo sapiens,Beta-secretase 1,9606,,,Inhibition,%,UO_0000187,,42.0
,,2005808,[],CHEMBL901132,Inhibition of BACE1 at 1 mM by SPR assay,B,,,BAO_0000201,BAO_0000357,single protein format,Cn1c(N)nc(CCc2cccc(-c3ccc[nH]3)c2)cc1=O,,,CHEMBL1138315,J Med Chem,2007,,,CHEMBL396830,,CHEMBL396830,,0,http://qudt.org/vocab/unit#Percent,667208,=,1,1,=,,Inhibition,%,,90.0,CHEMBL4822,Homo sapiens,Beta-secretase 1,9606,,,Inhibition,%,UO_0000187,,90.0
,,2005809,[],CHEMBL901132,Inhibition of BACE1 at 1 mM by SPR assay,B,,,BAO_0000201,BAO_0000357,single protein format,Cn1c(N)nc(CCc2ccc3cc[nH]c3c2)cc1=O,,,CHEMBL1138315,J Med Chem,2007,,,CHEMBL237891,,CHEMBL237891,,0,http://qudt.org/vocab/unit#Percent,667205,=,1,1,=,,Inhibition,%,,94.0,CHEMBL4822,Homo sapiens,Beta-secretase 1,9606,,,Inhibition,%,UO_0000187,,94.0
,,2005810,[],CHEMBL901132,Inhibition of BACE1 at 1 mM by SPR assay,B,,,BAO_0000201,BAO_0000357,single protein format,Cn1c(N)nc(CCc2ccc3ccccc3c2)cc1=O,,,CHEMBL1138315,J Med Chem,2007,,,CHEMBL237889,,CHEMBL237889,,0,http://qudt.org/vocab/unit#Percent,667204,=,1,1,=,,Inhibition,%,,69.0,CHEMBL4822,Homo sapiens,Beta-secretase 1,9606,,,Inhibition,%,UO_0000187,,69.0
,Not Determined,2005811,[],CHEMBL901132,Inhibition of BACE1 at 1 mM by SPR assay,B,,,BAO_0000201,BAO_0000357,single protein format,Nc1nc(CCc2cccc(Br)c2)cc(=O)[nH]1,,,CHEMBL1138315,J Med Chem,2007,,,CHEMBL236779,,CHEMBL236779,,0,http://qudt.org/vocab/unit#Percent,667201,,1,0,,,Inhibition,%,,,CHEMBL4822,Homo sapiens,Beta-secretase 1,9606,,,Inhibition,,UO_0000187,,
,Not Determined,2005812,[],CHEMBL901132,Inhibition of BACE1 at 1 mM by SPR assay,B,,,BAO_0000201,BAO_0000357,single protein format,Nc1nc(CCc2cccc(-c3ccccc3)c2)cc(=O)[nH]1,,,CHEMBL1138315,J Med Chem,2007,,,CHEMBL428555,,CHEMBL428555,,0,http://qudt.org/vocab/unit#Percent,667200,,1,0,,,Inhibition,%,,,CHEMBL4822,Homo sapiens,Beta-secretase 1,9606,,,Inhibition,,UO_0000187,,
,,2005813,[],CHEMBL901132,Inhibition of BACE1 at 1 mM by SPR assay,B,,,BAO_0000201,BAO_0000357,single protein format,Nc1nc(CCc2ccc3cc[nH]c3c2)cc(=O)[nH]1,,,CHEMBL1138315,J Med Chem,2007,,,CHEMBL236777,,CHEMBL236777,,0,http://qudt.org/vocab/unit#Percent,667199,=,1,1,=,,Inhibition,%,,89.0,CHEMBL4822,Homo sapiens,Beta-secretase 1,9606,,,Inhibition,%,UO_0000187,,89.0
,,2005814,[],CHEMBL901132,Inhibition of BACE1 at 1 mM by SPR assay,B,,,BAO_0000201,BAO_0000357,single protein format,Nc1nc(CCc2ccccc2)cc(=O)[nH]1,,,CHEMBL1138315,J Med Chem,2007,,,CHEMBL235821,,CHEMBL235821,,0,http://qudt.org/vocab/unit#Percent,667197,=,1,1,=,,Inhibition,%,,69.0,CHEMBL4822,Homo sapiens,Beta-secretase 1,9606,,,Inhibition,%,UO_0000187,,69.0
,,2005815,[],CHEMBL901132,Inhibition of BACE1 at 1 mM by SPR assay,B,,,BAO_0000201,BAO_0000357,single protein format,Nc1nc(Cc2ccccc2)cc(=O)[nH]1,,,CHEMBL1138315,J Med Chem,2007,,,CHEMBL239635,,CHEMBL239635,,0,http://qudt.org/vocab/unit#Percent,667196,=,1,1,=,,Inhibition,%,,42.0,CHEMBL4822,Homo sapiens,Beta-secretase 1,9606,,,Inhibition,%,UO_0000187,,42.0
,,2005816,[],CHEMBL901132,Inhibition of BACE1 at 1 mM by SPR assay,B,,,BAO_0000201,BAO_0000357,single protein format,CCCCc1cc(=O)[nH]c(N)n1,,,CHEMBL1138315,J Med Chem,2007,,,CHEMBL396192,,CHEMBL396192,,0,http://qudt.org/vocab/unit#Percent,667195,=,1,1,=,,Inhibition,%,,62.0,CHEMBL4822,Homo sapiens,Beta-secretase 1,9606,,,Inhibition,%,UO_0000187,,62.0
,,2005817,[],CHEMBL901133,Inhibition of BACE1 at 500 uM by SPR assay,B,,,BAO_0000201,BAO_0000357,single protein format,Nc1nc(CCCc2ccccc2)cc(=O)[nH]1,,,CHEMBL1138315,J Med Chem,2007,,,CHEMBL238072,,CHEMBL238072,,0,http://qudt.org/vocab/unit#Percent,667202,=,1,1,=,,Inhibition,%,,0.0,CHEMBL4822,Homo sapiens,Beta-secretase 1,9606,,,Inhibition,%,UO_0000187,,0.0
,,2005818,[],CHEMBL901133,Inhibition of BACE1 at 500 uM by SPR assay,B,,,BAO_0000201,BAO_0000357,single protein format,CN1C(=O)CC(C)(c2ccc(Cl)c(Cl)c2)N=C1N,,,CHEMBL1138315,J Med Chem,2007,,,CHEMBL239425,,CHEMBL239425,,0,http://qudt.org/vocab/unit#Percent,667214,=,1,1,=,,Inhibition,%,,60.0,CHEMBL4822,Homo sapiens,Beta-secretase 1,9606,,,Inhibition,%,UO_0000187,,60.0
,,2005819,[],CHEMBL901133,Inhibition of BACE1 at 500 uM by SPR assay,B,,,BAO_0000201,BAO_0000357,single protein format,CC1(c2ccccc2)CC(=O)NC(N)=N1,,,CHEMBL1138315,J Med Chem,2007,,,CHEMBL238087,,CHEMBL238087,,0,http://qudt.org/vocab/unit#Percent,667211,=,1,1,=,,Inhibition,%,,69.0,CHEMBL4822,Homo sapiens,Beta-secretase 1,9606,,,Inhibition,%,UO_0000187,,69.0
,,2005820,[],CHEMBL901133,Inhibition of BACE1 at 500 uM by SPR assay,B,,,BAO_0000201,BAO_0000357,single protein format,NC1=NC(c2ccccc2)CC(=O)N1,,,CHEMBL1138315,J Med Chem,2007,,,CHEMBL237892,,CHEMBL237892,,0,http://qudt.org/vocab/unit#Percent,667210,=,1,1,=,,Inhibition,%,,20.0,CHEMBL4822,Homo sapiens,Beta-secretase 1,9606,,,Inhibition,%,UO_0000187,,20.0
,,2005821,[],CHEMBL901133,Inhibition of BACE1 at 500 uM by SPR assay,B,,,BAO_0000201,BAO_0000357,single protein format,Cn1c(N)nc(CCc2ccccc2)cc1=O,,,CHEMBL1138315,J Med Chem,2007,,,CHEMBL237888,,CHEMBL237888,,0,http://qudt.org/vocab/unit#Percent,667203,=,1,1,=,,Inhibition,%,,72.0,CHEMBL4822,Homo sapiens,Beta-secretase 1,9606,,,Inhibition,%,UO_0000187,,72.0
,,2005822,[],CHEMBL901134,Inhibition of BACE1 by SPR assay,B,,,BAO_0000190,BAO_0000357,single protein format,Nc1nc(CCc2ccc3cc[nH]c3c2)cc(=O)[nH]1,,,CHEMBL1138315,J Med Chem,2007,"{'bei': '15.99', 'le': '0.29', 'lle': '2.45', 'sei': '4.64'}",,CHEMBL236777,,CHEMBL236777,4.07,0,http://www.openphacts.org/units/Nanomolar,667199,=,1,1,=,,IC50,nM,,86000.0,CHEMBL4822,Homo sapiens,Beta-secretase 1,9606,,,IC50,uM,UO_0000065,,86.0
,,2005823,[],CHEMBL901134,Inhibition of BACE1 by SPR assay,B,,,BAO_0000190,BAO_0000357,single protein format,COc1cccc(-c2cccc(C3(C)CC(=O)N(C)C(N)=N3)c2)c1,,,CHEMBL1138315,J Med Chem,2007,"{'bei': '19.09', 'le': '0.35', 'lle': '3.42', 'sei': '9.09'}",,CHEMBL392662,,CHEMBL392662,6.17,0,http://www.openphacts.org/units/Nanomolar,667216,=,1,1,=,,IC50,nM,,670.0,CHEMBL4822,Homo sapiens,Beta-secretase 1,9606,,,IC50,uM,UO_0000065,,0.67
,,2005824,[],CHEMBL901134,Inhibition of BACE1 by SPR assay,B,,,BAO_0000190,BAO_0000357,single protein format,CN1C(=O)CC(C)(c2ccc(Cl)c(Cl)c2)N=C1N,,,CHEMBL1138315,J Med Chem,2007,"{'bei': '17.91', 'le': '0.39', 'lle': '2.73', 'sei': '8.73'}",,CHEMBL239425,,CHEMBL239425,5.12,0,http://www.openphacts.org/units/Nanomolar,667214,=,1,1,=,,IC50,nM,,7500.0,CHEMBL4822,Homo sapiens,Beta-secretase 1,9606,,,IC50,uM,UO_0000065,,7.5
,,2005825,[],CHEMBL901134,Inhibition of BACE1 by SPR assay,B,,,BAO_0000190,BAO_0000357,single protein format,CC1(c2ccc(Cl)c(Cl)c2)CC(=O)NC(N)=N1,,,CHEMBL1138315,J Med Chem,2007,"{'bei': '15.08', 'le': '0.33', 'lle': '2.06', 'sei': '6.08'}",,CHEMBL397162,,CHEMBL397162,4.10,0,http://www.openphacts.org/units/Nanomolar,667213,=,1,1,=,,IC50,nM,,79000.0,CHEMBL4822,Homo sapiens,Beta-secretase 1,9606,,,IC50,uM,UO_0000065,,79.0
,,2005826,[],CHEMBL901134,Inhibition of BACE1 by SPR assay,B,,,BAO_0000190,BAO_0000357,single protein format,NC1=NC(c2ccc(Cl)c(Cl)c2)CC(=O)N1,,,CHEMBL1138315,J Med Chem,2007,"{'bei': '12.86', 'le': '0.28', 'lle': '1.45', 'sei': '4.92'}",,CHEMBL235763,,CHEMBL235763,3.32,0,http://www.openphacts.org/units/Nanomolar,667212,=,1,1,=,,IC50,nM,,480000.0,CHEMBL4822,Homo sapiens,Beta-secretase 1,9606,,,IC50,uM,UO_0000065,,480.0
,,2005827,[],CHEMBL901134,Inhibition of BACE1 by SPR assay,B,,,BAO_0000190,BAO_0000357,single protein format,CC1(c2ccccc2)CC(=O)NC(N)=N1,,,CHEMBL1138315,J Med Chem,2007,"{'bei': '18.96', 'le': '0.35', 'lle': '3.11', 'sei': '5.71'}",,CHEMBL238087,,CHEMBL238087,3.85,0,http://www.openphacts.org/units/Nanomolar,667211,=,1,1,=,,IC50,nM,,140000.0,CHEMBL4822,Homo sapiens,Beta-secretase 1,9606,,,IC50,uM,UO_0000065,,140.0
,,2005828,[],CHEMBL901134,Inhibition of BACE1 by SPR assay,B,,,BAO_0000190,BAO_0000357,single protein format,COc1cccc(-c2cccc(CCc3cc(=O)n(C)c(N)n3)c2)c1,,,CHEMBL1138315,J Med Chem,2007,"{'bei': '15.63', 'le': '0.29', 'lle': '2.42', 'sei': '7.48'}",,CHEMBL235754,,CHEMBL235754,5.24,0,http://www.openphacts.org/units/Nanomolar,667209,=,1,1,=,,IC50,nM,,5700.0,CHEMBL4822,Homo sapiens,Beta-secretase 1,9606,,,IC50,uM,UO_0000065,,5.7
,,2005829,[],CHEMBL901134,Inhibition of BACE1 by SPR assay,B,,,BAO_0000190,BAO_0000357,single protein format,Cn1c(N)nc(CCc2cccc(-c3ccc[nH]3)c2)cc1=O,,,CHEMBL1138315,J Med Chem,2007,"{'bei': '14.58', 'le': '0.27', 'lle': '2.15', 'sei': '5.60'}",,CHEMBL396830,,CHEMBL396830,4.29,0,http://www.openphacts.org/units/Nanomolar,667208,=,1,1,=,,IC50,nM,,51000.0,CHEMBL4822,Homo sapiens,Beta-secretase 1,9606,,,IC50,uM,UO_0000065,,51.0
,,2005830,[],CHEMBL901134,Inhibition of BACE1 by SPR assay,B,,,BAO_0000190,BAO_0000357,single protein format,Cn1c(N)nc(CCc2cccc(-c3cccnc3)c2)cc1=O,,,CHEMBL1138315,J Med Chem,2007,"{'bei': '15.08', 'le': '0.27', 'lle': '2.41', 'sei': '6.26'}",,CHEMBL235753,,CHEMBL235753,4.62,0,http://www.openphacts.org/units/Nanomolar,667207,=,1,1,=,,IC50,nM,,24000.0,CHEMBL4822,Homo sapiens,Beta-secretase 1,9606,,,IC50,uM,UO_0000065,,24.0
,,2005831,[],CHEMBL901134,Inhibition of BACE1 by SPR assay,B,,,BAO_0000190,BAO_0000357,single protein format,Cn1c(N)nc(CCc2ccc3cc[nH]c3c2)cc1=O,,,CHEMBL1138315,J Med Chem,2007,"{'bei': '17.87', 'le': '0.33', 'lle': '3.17', 'sei': '6.25'}",,CHEMBL237891,,CHEMBL237891,4.80,0,http://www.openphacts.org/units/Nanomolar,667205,=,1,1,=,,IC50,nM,,16000.0,CHEMBL4822,Homo sapiens,Beta-secretase 1,9606,,,IC50,uM,UO_0000065,,16.0
,,2005832,[],CHEMBL901134,Inhibition of BACE1 by SPR assay,B,,,BAO_0000190,BAO_0000357,single protein format,Cn1c(N)nc(CCc2ccc3ccccc3c2)cc1=O,,,CHEMBL1138315,J Med Chem,2007,"{'bei': '16.30', 'le': '0.30', 'lle': '2.25', 'sei': '7.47'}",,CHEMBL237889,,CHEMBL237889,4.55,0,http://www.openphacts.org/units/Nanomolar,667204,=,1,1,=,,IC50,nM,,28000.0,CHEMBL4822,Homo sapiens,Beta-secretase 1,9606,,,IC50,uM,UO_0000065,,28.0
,,2005833,[],CHEMBL901134,Inhibition of BACE1 by SPR assay,B,,,BAO_0000190,BAO_0000357,single protein format,Cn1c(N)nc(CCc2ccccc2)cc1=O,,,CHEMBL1138315,J Med Chem,2007,"{'bei': '16.33', 'le': '0.30', 'lle': '2.59', 'sei': '6.15'}",,CHEMBL237888,,CHEMBL237888,3.75,0,http://www.openphacts.org/units/Nanomolar,667203,=,1,1,=,,IC50,nM,,180000.0,CHEMBL4822,Homo sapiens,Beta-secretase 1,9606,,,IC50,uM,UO_0000065,,180.0
,,2005834,[],CHEMBL901135,Inhibition of BACE1 by FRET assay,B,,,BAO_0000190,BAO_0000357,single protein format,COc1cccc(-c2cccc(CC[C@]3(C)CC(=O)N(C)C(N)=N3)c2)c1,,,CHEMBL1138315,J Med Chem,2007,"{'bei': '20.19', 'le': '0.37', 'lle': '3.87', 'sei': '10.45'}",,CHEMBL239857,,CHEMBL239857,7.10,0,http://www.openphacts.org/units/Nanomolar,667221,=,1,1,=,,IC50,nM,,80.0,CHEMBL4822,Homo sapiens,Beta-secretase 1,9606,,,IC50,uM,UO_0000065,,0.08
,,2005835,[],CHEMBL901135,Inhibition of BACE1 by FRET assay,B,,,BAO_0000190,BAO_0000357,single protein format,COc1cccc(-c2cccc(CC[C@@]3(C)CC(=O)N(C)C(N)=N3)c2)c1,,,CHEMBL1138315,J Med Chem,2007,"{'bei': '12.68', 'le': '0.23', 'lle': '1.23', 'sei': '6.56'}",,CHEMBL239641,,CHEMBL239641,4.46,0,http://www.openphacts.org/units/Nanomolar,667220,=,1,1,=,,IC50,nM,,35000.0,CHEMBL4822,Homo sapiens,Beta-secretase 1,9606,,,IC50,uM,UO_0000065,,35.0
,,2005836,[],CHEMBL901135,Inhibition of BACE1 by FRET assay,B,,,BAO_0000190,BAO_0000357,single protein format,COc1cccc(-c2cccc(CCC3(C)CC(=O)N(C)C(N)=N3)c2)c1,,,CHEMBL1138315,J Med Chem,2007,"{'bei': '19.06', 'le': '0.35', 'lle': '3.47', 'sei': '9.86'}",,CHEMBL393911,,CHEMBL393911,6.70,0,http://www.openphacts.org/units/Nanomolar,667219,=,1,1,=,,IC50,nM,,200.0,CHEMBL4822,Homo sapiens,Beta-secretase 1,9606,,,IC50,uM,UO_0000065,,0.2
,,2005837,[],CHEMBL901135,Inhibition of BACE1 by FRET assay,B,,,BAO_0000190,BAO_0000357,single protein format,CN1C(=O)CC(C)(CCc2cccc(-c3ccccc3)c2)N=C1N,,,CHEMBL1138315,J Med Chem,2007,"{'bei': '18.03', 'le': '0.33', 'lle': '2.58', 'sei': '9.88'}",,CHEMBL239640,,CHEMBL239640,5.80,0,http://www.openphacts.org/units/Nanomolar,667218,=,1,1,=,,IC50,nM,,1600.0,CHEMBL4822,Homo sapiens,Beta-secretase 1,9606,,,IC50,uM,UO_0000065,,1.6
,,2005838,[],CHEMBL901135,Inhibition of BACE1 by FRET assay,B,,,BAO_0000190,BAO_0000357,single protein format,CN1C(=O)CC(C)(CCc2ccccc2)N=C1N,,,CHEMBL1138315,J Med Chem,2007,"{'bei': '18.21', 'le': '0.34', 'lle': '2.92', 'sei': '7.61'}",,CHEMBL239639,,CHEMBL239639,4.47,0,http://www.openphacts.org/units/Nanomolar,667217,=,1,1,=,,IC50,nM,,34000.0,CHEMBL4822,Homo sapiens,Beta-secretase 1,9606,,,IC50,uM,UO_0000065,,34.0
,,2005839,[],CHEMBL901135,Inhibition of BACE1 by FRET assay,B,,,BAO_0000190,BAO_0000357,single protein format,COc1cccc(-c2cccc(C3(C)CC(=O)N(C)C(N)=N3)c2)c1,,,CHEMBL1138315,J Med Chem,2007,"{'bei': '19.85', 'le': '0.37', 'lle': '3.67', 'sei': '9.45'}",,CHEMBL392662,,CHEMBL392662,6.42,0,http://www.openphacts.org/units/Nanomolar,667216,=,1,1,=,,IC50,nM,,380.0,CHEMBL4822,Homo sapiens,Beta-secretase 1,9606,,,IC50,uM,UO_0000065,,0.38
,,2005840,[],CHEMBL901135,Inhibition of BACE1 by FRET assay,B,,,BAO_0000190,BAO_0000357,single protein format,CN1C(=O)CC(C)(c2ccccc2)N=C1N,,,CHEMBL1138315,J Med Chem,2007,"{'bei': '26.23', 'le': '0.49', 'lle': '4.62', 'sei': '9.71'}",,CHEMBL239638,,CHEMBL239638,5.70,0,http://www.openphacts.org/units/Nanomolar,667215,=,1,1,=,,IC50,nM,,2000.0,CHEMBL4822,Homo sapiens,Beta-secretase 1,9606,,,IC50,uM,UO_0000065,,2.0
,,2005841,[],CHEMBL901135,Inhibition of BACE1 by FRET assay,B,,,BAO_0000190,BAO_0000357,single protein format,CN1C(=O)CC(C)(c2ccc(Cl)c(Cl)c2)N=C1N,,,CHEMBL1138315,J Med Chem,2007,"{'bei': '18.22', 'le': '0.40', 'lle': '2.82', 'sei': '8.89'}",,CHEMBL239425,,CHEMBL239425,5.21,0,http://www.openphacts.org/units/Nanomolar,667214,=,1,1,=,,IC50,nM,,6100.0,CHEMBL4822,Homo sapiens,Beta-secretase 1,9606,,,IC50,uM,UO_0000065,,6.1
,,2005842,[],CHEMBL901135,Inhibition of BACE1 by FRET assay,B,,,BAO_0000190,BAO_0000357,single protein format,CC1(c2ccc(Cl)c(Cl)c2)CC(=O)NC(N)=N1,,,CHEMBL1138315,J Med Chem,2007,"{'bei': '15.02', 'le': '0.33', 'lle': '2.05', 'sei': '6.06'}",,CHEMBL397162,,CHEMBL397162,4.09,0,http://www.openphacts.org/units/Nanomolar,667213,=,1,1,=,,IC50,nM,,82000.0,CHEMBL4822,Homo sapiens,Beta-secretase 1,9606,,,IC50,uM,UO_0000065,,82.0
,,2005843,[],CHEMBL901135,Inhibition of BACE1 by FRET assay,B,,,BAO_0000190,BAO_0000357,single protein format,CC1(c2ccccc2)CC(=O)NC(N)=N1,,,CHEMBL1138315,J Med Chem,2007,"{'bei': '18.31', 'le': '0.34', 'lle': '2.98', 'sei': '5.51'}",,CHEMBL238087,,CHEMBL238087,3.72,0,http://www.openphacts.org/units/Nanomolar,667211,=,1,1,=,,IC50,nM,,190000.0,CHEMBL4822,Homo sapiens,Beta-secretase 1,9606,,,IC50,uM,UO_0000065,,190.0
,,2005844,[],CHEMBL901135,Inhibition of BACE1 by FRET assay,B,,,BAO_0000190,BAO_0000357,single protein format,COc1cccc(-c2cccc(CCc3cc(=O)n(C)c(N)n3)c2)c1,,,CHEMBL1138315,J Med Chem,2007,"{'bei': '15.59', 'le': '0.29', 'lle': '2.41', 'sei': '7.46'}",,CHEMBL235754,,CHEMBL235754,5.23,0,http://www.openphacts.org/units/Nanomolar,667209,=,1,1,=,,IC50,nM,,5900.0,CHEMBL4822,Homo sapiens,Beta-secretase 1,9606,,,IC50,uM,UO_0000065,,5.9
,,2005845,[],CHEMBL901135,Inhibition of BACE1 by FRET assay,B,,,BAO_0000190,BAO_0000357,single protein format,Cn1c(N)nc(CCc2cccc(-c3ccc[nH]3)c2)cc1=O,,,CHEMBL1138315,J Med Chem,2007,"{'bei': '13.60', 'le': '0.25', 'lle': '1.86', 'sei': '5.22'}",,CHEMBL396830,,CHEMBL396830,4.00,0,http://www.openphacts.org/units/Nanomolar,667208,=,1,1,=,,IC50,nM,,99000.0,CHEMBL4822,Homo sapiens,Beta-secretase 1,9606,,,IC50,uM,UO_0000065,,99.0
,,2005846,[],CHEMBL901135,Inhibition of BACE1 by FRET assay,B,,,BAO_0000190,BAO_0000357,single protein format,Cn1c(N)nc(CCc2cccc(-c3ccccc3)c2)cc1=O,,,CHEMBL1138315,J Med Chem,2007,"{'bei': '14.86', 'le': '0.27', 'lle': '1.73', 'sei': '7.45'}",,CHEMBL393501,,CHEMBL393501,4.54,0,http://www.openphacts.org/units/Nanomolar,667206,=,1,1,=,,IC50,nM,,29000.0,CHEMBL4822,Homo sapiens,Beta-secretase 1,9606,,,IC50,uM,UO_0000065,,29.0
,,2005847,[],CHEMBL901135,Inhibition of BACE1 by FRET assay,B,,,BAO_0000190,BAO_0000357,single protein format,Cn1c(N)nc(CCc2ccc3cc[nH]c3c2)cc1=O,,,CHEMBL1138315,J Med Chem,2007,"{'bei': '15.33', 'le': '0.28', 'lle': '2.48', 'sei': '5.36'}",,CHEMBL237891,,CHEMBL237891,4.11,0,http://www.openphacts.org/units/Nanomolar,667205,=,1,1,=,,IC50,nM,,77000.0,CHEMBL4822,Homo sapiens,Beta-secretase 1,9606,,,IC50,uM,UO_0000065,,77.0
,,2005848,[],CHEMBL901135,Inhibition of BACE1 by FRET assay,B,,,BAO_0000190,BAO_0000357,single protein format,Cn1c(N)nc(CCc2ccc3ccccc3c2)cc1=O,,,CHEMBL1138315,J Med Chem,2007,"{'bei': '15.91', 'le': '0.29', 'lle': '2.14', 'sei': '7.30'}",,CHEMBL237889,,CHEMBL237889,4.44,0,http://www.openphacts.org/units/Nanomolar,667204,=,1,1,=,,IC50,nM,,36000.0,CHEMBL4822,Homo sapiens,Beta-secretase 1,9606,,,IC50,uM,UO_0000065,,36.0
,,2005849,[],CHEMBL901135,Inhibition of BACE1 by FRET assay,B,,,BAO_0000190,BAO_0000357,single protein format,Cn1c(N)nc(CCc2ccccc2)cc1=O,,,CHEMBL1138315,J Med Chem,2007,"{'bei': '15.95', 'le': '0.29', 'lle': '2.51', 'sei': '6.00'}",,CHEMBL237888,,CHEMBL237888,3.66,0,http://www.openphacts.org/units/Nanomolar,667203,=,1,1,=,,IC50,nM,,220000.0,CHEMBL4822,Homo sapiens,Beta-secretase 1,9606,,,IC50,uM,UO_0000065,,220.0
,,2005850,[],CHEMBL901137,Inhibition of BACE1 by IGEN assay,B,,,BAO_0000190,BAO_0000357,single protein format,Cn1c(N)nc(CCc2ccccc2)cc1=O,,,CHEMBL1138315,J Med Chem,2007,"{'bei': '16.68', 'le': '0.31', 'lle': '2.67', 'sei': '6.28'}",,CHEMBL237888,,CHEMBL237888,3.82,0,http://www.openphacts.org/units/Nanomolar,667203,=,1,1,=,,IC50,nM,,150000.0,CHEMBL4822,Homo sapiens,Beta-secretase 1,9606,,,IC50,uM,UO_0000065,,150.0
,,2005851,[],CHEMBL901137,Inhibition of BACE1 by IGEN assay,B,,,BAO_0000190,BAO_0000357,single protein format,COc1cccc(-c2cccc(C3(C)CC(=O)N(C)C(N)=N3)c2)c1,,,CHEMBL1138315,J Med Chem,2007,"{'bei': '19.26', 'le': '0.35', 'lle': '3.48', 'sei': '9.17'}",,CHEMBL392662,,CHEMBL392662,6.23,0,http://www.openphacts.org/units/Nanomolar,667216,=,1,1,=,,IC50,nM,,590.0,CHEMBL4822,Homo sapiens,Beta-secretase 1,9606,,,IC50,uM,UO_0000065,,0.59
,,2005852,[],CHEMBL901137,Inhibition of BACE1 by IGEN assay,B,,,BAO_0000190,BAO_0000357,single protein format,CN1C(=O)CC(C)(c2ccccc2)N=C1N,,,CHEMBL1138315,J Med Chem,2007,"{'bei': '24.95', 'le': '0.46', 'lle': '4.34', 'sei': '9.24'}",,CHEMBL239638,,CHEMBL239638,5.42,0,http://www.openphacts.org/units/Nanomolar,667215,=,1,1,=,,IC50,nM,,3800.0,CHEMBL4822,Homo sapiens,Beta-secretase 1,9606,,,IC50,uM,UO_0000065,,3.8
,,2005853,[],CHEMBL901137,Inhibition of BACE1 by IGEN assay,B,,,BAO_0000190,BAO_0000357,single protein format,COc1cccc(-c2cccc(CCc3cc(=O)n(C)c(N)n3)c2)c1,,,CHEMBL1138315,J Med Chem,2007,"{'bei': '15.73', 'le': '0.29', 'lle': '2.46', 'sei': '7.52'}",,CHEMBL235754,,CHEMBL235754,5.28,0,http://www.openphacts.org/units/Nanomolar,667209,=,1,1,=,,IC50,nM,,5300.0,CHEMBL4822,Homo sapiens,Beta-secretase 1,9606,,,IC50,uM,UO_0000065,,5.3
,,2005854,[],CHEMBL901137,Inhibition of BACE1 by IGEN assay,B,,,BAO_0000190,BAO_0000357,single protein format,Cn1c(N)nc(CCc2cccc(-c3ccc[nH]3)c2)cc1=O,,,CHEMBL1138315,J Med Chem,2007,"{'bei': '13.32', 'le': '0.24', 'lle': '1.78', 'sei': '5.11'}",,CHEMBL396830,,CHEMBL396830,3.92,0,http://www.openphacts.org/units/Nanomolar,667208,=,1,1,=,,IC50,nM,,120000.0,CHEMBL4822,Homo sapiens,Beta-secretase 1,9606,,,IC50,uM,UO_0000065,,120.0
,,2005855,[],CHEMBL901137,Inhibition of BACE1 by IGEN assay,B,,,BAO_0000190,BAO_0000357,single protein format,Cn1c(N)nc(CCc2cccc(-c3cccnc3)c2)cc1=O,,,CHEMBL1138315,J Med Chem,2007,"{'bei': '12.15', 'le': '0.22', 'lle': '1.51', 'sei': '5.04'}",,CHEMBL235753,,CHEMBL235753,3.72,0,http://www.openphacts.org/units/Nanomolar,667207,=,1,1,=,,IC50,nM,,190000.0,CHEMBL4822,Homo sapiens,Beta-secretase 1,9606,,,IC50,uM,UO_0000065,,190.0
,,2005856,[],CHEMBL901137,Inhibition of BACE1 by IGEN assay,B,,,BAO_0000190,BAO_0000357,single protein format,Cn1c(N)nc(CCc2cccc(-c3ccccc3)c2)cc1=O,,,CHEMBL1138315,J Med Chem,2007,"{'bei': '14.81', 'le': '0.27', 'lle': '1.71', 'sei': '7.43'}",,CHEMBL393501,,CHEMBL393501,4.52,0,http://www.openphacts.org/units/Nanomolar,667206,=,1,1,=,,IC50,nM,,30000.0,CHEMBL4822,Homo sapiens,Beta-secretase 1,9606,,,IC50,uM,UO_0000065,,30.0
,,2005857,[],CHEMBL901137,Inhibition of BACE1 by IGEN assay,B,,,BAO_0000190,BAO_0000357,single protein format,Cn1c(N)nc(CCc2ccc3cc[nH]c3c2)cc1=O,,,CHEMBL1138315,J Med Chem,2007,"{'bei': '16.16', 'le': '0.30', 'lle': '2.71', 'sei': '5.65'}",,CHEMBL237891,,CHEMBL237891,4.34,0,http://www.openphacts.org/units/Nanomolar,667205,=,1,1,=,,IC50,nM,,46000.0,CHEMBL4822,Homo sapiens,Beta-secretase 1,9606,,,IC50,uM,UO_0000065,,46.0
,,2005858,[],CHEMBL901137,Inhibition of BACE1 by IGEN assay,B,,,BAO_0000190,BAO_0000357,single protein format,Cn1c(N)nc(CCc2ccc3ccccc3c2)cc1=O,,,CHEMBL1138315,J Med Chem,2007,"{'bei': '16.36', 'le': '0.30', 'lle': '2.27', 'sei': '7.50'}",,CHEMBL237889,,CHEMBL237889,4.57,0,http://www.openphacts.org/units/Nanomolar,667204,=,1,1,=,,IC50,nM,,27000.0,CHEMBL4822,Homo sapiens,Beta-secretase 1,9606,,,IC50,uM,UO_0000065,,27.0
,,2005859,[],CHEMBL901136,Inhibition of human full length BACE1 expressed in HEK293 cells,B,,,BAO_0000190,BAO_0000219,cell-based format,COc1cccc(-c2cccc(CCc3cc(=O)n(C)c(N)n3)c2)c1,,,CHEMBL1138315,J Med Chem,2007,"{'bei': '12.05', 'le': '0.22', 'lle': '1.22', 'sei': '5.76'}",,CHEMBL235754,,CHEMBL235754,4.04,0,http://www.openphacts.org/units/Nanomolar,667209,=,1,1,=,,IC50,nM,,91000.0,CHEMBL4822,Homo sapiens,Beta-secretase 1,9606,,,IC50,uM,UO_0000065,,91.0
,,2005860,[],CHEMBL901136,Inhibition of human full length BACE1 expressed in HEK293 cells,B,,,BAO_0000190,BAO_0000219,cell-based format,COc1cccc(-c2cccc(CC[C@]3(C)CC(=O)N(C)C(N)=N3)c2)c1,,,CHEMBL1138315,J Med Chem,2007,"{'bei': '18.01', 'le': '0.33', 'lle': '3.10', 'sei': '9.32'}",,CHEMBL239857,,CHEMBL239857,6.33,0,http://www.openphacts.org/units/Nanomolar,667221,=,1,1,=,,IC50,nM,,470.0,CHEMBL4822,Homo sapiens,Beta-secretase 1,9606,,,IC50,uM,UO_0000065,,0.47
,,2005861,[],CHEMBL901136,Inhibition of human full length BACE1 expressed in HEK293 cells,B,,,BAO_0000190,BAO_0000219,cell-based format,COc1cccc(-c2cccc(CCC3(C)CC(=O)N(C)C(N)=N3)c2)c1,,,CHEMBL1138315,J Med Chem,2007,"{'bei': '17.62', 'le': '0.33', 'lle': '2.96', 'sei': '9.12'}",,CHEMBL393911,,CHEMBL393911,6.19,0,http://www.openphacts.org/units/Nanomolar,667219,=,1,1,=,,IC50,nM,,640.0,CHEMBL4822,Homo sapiens,Beta-secretase 1,9606,,,IC50,uM,UO_0000065,,0.64
,,2005862,[],CHEMBL901136,Inhibition of human full length BACE1 expressed in HEK293 cells,B,,,BAO_0000190,BAO_0000219,cell-based format,CN1C(=O)CC(C)(CCc2cccc(-c3ccccc3)c2)N=C1N,,,CHEMBL1138315,J Med Chem,2007,"{'bei': '17.95', 'le': '0.33', 'lle': '2.55', 'sei': '9.83'}",,CHEMBL239640,,CHEMBL239640,5.77,0,http://www.openphacts.org/units/Nanomolar,667218,=,1,1,=,,IC50,nM,,1700.0,CHEMBL4822,Homo sapiens,Beta-secretase 1,9606,,,IC50,uM,UO_0000065,,1.7
,,2005863,[],CHEMBL901136,Inhibition of human full length BACE1 expressed in HEK293 cells,B,,,BAO_0000190,BAO_0000219,cell-based format,COc1cccc(-c2cccc(C3(C)CC(=O)N(C)C(N)=N3)c2)c1,,,CHEMBL1138315,J Med Chem,2007,"{'bei': '12.50', 'le': '0.23', 'lle': '1.29', 'sei': '5.95'}",,CHEMBL392662,,CHEMBL392662,4.04,0,http://www.openphacts.org/units/Nanomolar,667216,=,1,1,=,,IC50,nM,,91000.0,CHEMBL4822,Homo sapiens,Beta-secretase 1,9606,,,IC50,uM,UO_0000065,,91.0
,,2005864,[],CHEMBL901136,Inhibition of human full length BACE1 expressed in HEK293 cells,B,,,BAO_0000190,BAO_0000219,cell-based format,CN1C(=O)CC(C)(c2ccccc2)N=C1N,,,CHEMBL1138315,J Med Chem,2007,"{'bei': '24.95', 'le': '0.46', 'lle': '4.34', 'sei': '9.24'}",,CHEMBL239638,,CHEMBL239638,5.42,0,http://www.openphacts.org/units/Nanomolar,667215,=,1,1,=,,IC50,nM,,3800.0,CHEMBL4822,Homo sapiens,Beta-secretase 1,9606,,,IC50,uM,UO_0000065,,3.8
,,2005865,[],CHEMBL901136,Inhibition of human full length BACE1 expressed in HEK293 cells,B,,,BAO_0000190,BAO_0000219,cell-based format,CN1C(=O)CC(C)(c2ccc(Cl)c(Cl)c2)N=C1N,,,CHEMBL1138315,J Med Chem,2007,"{'bei': '19.07', 'le': '0.41', 'lle': '3.07', 'sei': '9.30'}",,CHEMBL239425,,CHEMBL239425,5.46,0,http://www.openphacts.org/units/Nanomolar,667214,=,1,1,=,,IC50,nM,,3500.0,CHEMBL4822,Homo sapiens,Beta-secretase 1,9606,,,IC50,uM,UO_0000065,,3.5
,,2014971,[],CHEMBL902621,Inhibition of BACE1,B,,,BAO_0000192,BAO_0000357,single protein format,C[C@@H](NC(=O)c1cc(-c2nnc([C@](C)(N)Cc3ccccc3)o2)cc(N(C)S(C)(=O)=O)c1)c1ccc(F)cc1,,,CHEMBL1138425,Bioorg Med Chem Lett,2007,"{'bei': '13.36', 'le': '0.26', 'lle': '3.19', 'sei': '5.61'}",,CHEMBL219601,,CHEMBL219601,7.37,0,http://www.openphacts.org/units/Nanomolar,669471,=,1,1,=,,Ki,nM,,42.4,CHEMBL4822,Homo sapiens,Beta-secretase 1,9606,,,Ki,nM,UO_0000065,,42.4
,,2014972,[],CHEMBL902621,Inhibition of BACE1,B,,,BAO_0000192,BAO_0000357,single protein format,CCCN(c1cc(/C=C\C2CC2C)cc(-c2nnc([C@](C)(N)Cc3ccccc3)o2)c1)S(C)(=O)=O,,,CHEMBL1138425,Bioorg Med Chem Lett,2007,"{'bei': '14.73', 'le': '0.28', 'lle': '2.28', 'sei': '7.12'}",,CHEMBL1162068,,CHEMBL1162068,7.29,0,http://www.openphacts.org/units/Nanomolar,669473,=,1,1,=,,Ki,nM,,51.9,CHEMBL4822,Homo sapiens,Beta-secretase 1,9606,,,Ki,nM,UO_0000065,,51.9
,,2014973,[],CHEMBL902621,Inhibition of BACE1,B,,,BAO_0000192,BAO_0000357,single protein format,CC(C)C(=O)c1cc(-c2nnc([C@](C)(N)Cc3ccccc3)o2)cc(N(C)S(C)(=O)=O)c1,,,CHEMBL1138425,Bioorg Med Chem Lett,2007,"{'bei': '10.47', 'le': '0.20', 'lle': '1.39', 'sei': '4.01'}",,CHEMBL1162067,,CHEMBL1162067,4.78,0,http://www.openphacts.org/units/Nanomolar,669472,=,1,1,=,,Ki,nM,,16500.0,CHEMBL4822,Homo sapiens,Beta-secretase 1,9606,,,Ki,nM,UO_0000065,,16500.0
,,2014974,[],CHEMBL902621,Inhibition of BACE1,B,,,BAO_0000192,BAO_0000357,single protein format,C[C@@H](NC(=O)c1cc(-c2nnc([C@](C)(N)Cc3ccccc3)o2)cc(N(C)S(C)(=O)=O)c1)c1ccc(F)cc1,,,CHEMBL1138425,Bioorg Med Chem Lett,2007,"{'bei': '13.41', 'le': '0.26', 'lle': '3.22', 'sei': '5.63'}",,CHEMBL219601,,CHEMBL219601,7.40,0,http://www.openphacts.org/units/Nanomolar,669471,=,1,1,=,,Ki,nM,,39.81,CHEMBL4822,Homo sapiens,Beta-secretase 1,9606,,,Log Ki,,UO_0000065,,-7.4
,,2014975,[],CHEMBL902621,Inhibition of BACE1,B,,,BAO_0000192,BAO_0000357,single protein format,CC(C)C(=O)c1cc(-c2nnc([C@](C)(N)Cc3ccccc3)o2)cc(N(C)S(C)(=O)=O)c1,,,CHEMBL1138425,Bioorg Med Chem Lett,2007,"{'bei': '10.51', 'le': '0.20', 'lle': '1.41', 'sei': '4.02'}",,CHEMBL1162067,,CHEMBL1162067,4.80,0,http://www.openphacts.org/units/Nanomolar,669472,=,1,1,=,,Ki,nM,,15848.93,CHEMBL4822,Homo sapiens,Beta-secretase 1,9606,,,Log Ki,,UO_0000065,,-4.8
,,2014976,[],CHEMBL902621,Inhibition of BACE1,B,,,BAO_0000192,BAO_0000357,single protein format,CCCN(c1cc(/C=C\C2CC2C)cc(-c2nnc([C@](C)(N)Cc3ccccc3)o2)c1)S(C)(=O)=O,,,CHEMBL1138425,Bioorg Med Chem Lett,2007,"{'bei': '14.76', 'le': '0.28', 'lle': '2.30', 'sei': '7.13'}",,CHEMBL1162068,,CHEMBL1162068,7.30,0,http://www.openphacts.org/units/Nanomolar,669473,=,1,1,=,,Ki,nM,,50.12,CHEMBL4822,Homo sapiens,Beta-secretase 1,9606,,,Log Ki,,UO_0000065,,-7.3
,,2020329,[],CHEMBL902350,Inhibition of human BACE1 by ECL based assay,B,,,BAO_0000190,BAO_0000357,single protein format,C[C@H]1C[C@@H]1CNc1cc(C(=O)N[C@H](CO)Cc2cc(F)cc(F)c2)cc(N(C)S(C)(=O)=O)n1,,,CHEMBL1139116,Bioorg Med Chem Lett,2007,"{'bei': '14.78', 'le': '0.30', 'lle': '4.97', 'sei': '6.39'}",,CHEMBL396338,,CHEMBL396338,7.13,0,http://www.openphacts.org/units/Nanomolar,671157,=,1,1,=,,IC50,nM,,74.0,CHEMBL4822,Homo sapiens,Beta-secretase 1,9606,,,IC50,nM,UO_0000065,,74.0
,,2020330,[],CHEMBL902351,Inhibition of human BACE1 assessed as sAPPNF accumulation,B,,,BAO_0000190,BAO_0000357,single protein format,C[C@H]1C[C@@H]1CNc1cc(C(=O)N[C@H](CO)Cc2cc(F)cc(F)c2)cc(N(C)S(C)(=O)=O)n1,,,CHEMBL1139116,Bioorg Med Chem Lett,2007,,,CHEMBL396338,,CHEMBL396338,,0,http://www.openphacts.org/units/Nanomolar,671157,>,1,1,>,,IC50,nM,,20000.0,CHEMBL4822,Homo sapiens,Beta-secretase 1,9606,,,IC50,nM,UO_0000065,,20000.0
,,2020331,[],CHEMBL902350,Inhibition of human BACE1 by ECL based assay,B,,,BAO_0000190,BAO_0000357,single protein format,COCCN(C[C@H]1C[C@@H]1C)c1cc(C(=O)N[C@@H](Cc2ccccc2)[C@@H](N)COC)cc(N(C)S(=O)(=O)C(C)C)n1,,,CHEMBL1139116,Bioorg Med Chem Lett,2007,"{'bei': '14.28', 'le': '0.28', 'lle': '5.54', 'sei': '6.47'}",,CHEMBL429477,,CHEMBL429477,8.22,0,http://www.openphacts.org/units/Nanomolar,671171,=,1,1,=,,IC50,nM,,6.0,CHEMBL4822,Homo sapiens,Beta-secretase 1,9606,,,IC50,nM,UO_0000065,,6.0
,,2020332,[],CHEMBL902350,Inhibition of human BACE1 by ECL based assay,B,,,BAO_0000190,BAO_0000357,single protein format,CCOC[C@H](N)[C@H](Cc1ccccc1)NC(=O)c1cc(N(C)C[C@H]2C[C@@H]2C)nc(N(C)S(=O)(=O)C(C)C)c1,,,CHEMBL1139116,Bioorg Med Chem Lett,2007,"{'bei': '13.96', 'le': '0.27', 'lle': '4.57', 'sei': '6.47'}",,CHEMBL248245,,CHEMBL248245,7.62,0,http://www.openphacts.org/units/Nanomolar,671170,=,1,1,=,,IC50,nM,,24.0,CHEMBL4822,Homo sapiens,Beta-secretase 1,9606,,,IC50,nM,UO_0000065,,24.0
,,2020333,[],CHEMBL902350,Inhibition of human BACE1 by ECL based assay,B,,,BAO_0000190,BAO_0000357,single protein format,COC[C@H](N)[C@H](Cc1ccccc1)NC(=O)c1cc(N(C)C[C@H]2C[C@@H]2C)nc(N(C)S(=O)(=O)C(C)C)c1,,,CHEMBL1139116,Bioorg Med Chem Lett,2007,"{'bei': '14.33', 'le': '0.28', 'lle': '4.96', 'sei': '6.47'}",,CHEMBL401008,,CHEMBL401008,7.62,0,http://www.openphacts.org/units/Nanomolar,671169,=,1,1,=,,IC50,nM,,24.0,CHEMBL4822,Homo sapiens,Beta-secretase 1,9606,,,IC50,nM,UO_0000065,,24.0
,,2020334,[],CHEMBL902350,Inhibition of human BACE1 by ECL based assay,B,,,BAO_0000190,BAO_0000357,single protein format,COC[C@H](N)[C@H](Cc1ccccc1)NC(=O)c1cc(N(C)C[C@H]2C[C@@H]2C)nc(N(C)S(C)(=O)=O)c1,,,CHEMBL1139116,Bioorg Med Chem Lett,2007,"{'bei': '15.73', 'le': '0.31', 'lle': '6.04', 'sei': '6.72'}",,CHEMBL248228,,CHEMBL248228,7.92,0,http://www.openphacts.org/units/Nanomolar,671168,=,1,1,=,,IC50,nM,,12.0,CHEMBL4822,Homo sapiens,Beta-secretase 1,9606,,,IC50,nM,UO_0000065,,12.0
,,2020335,[],CHEMBL902350,Inhibition of human BACE1 by ECL based assay,B,,,BAO_0000190,BAO_0000357,single protein format,CCCN(c1cc(C(=O)N[C@@H](Cc2ccccc2)[C@H](C)N)cc(N(C)C[C@H]2C[C@@H]2C)n1)S(C)(=O)=O,,,CHEMBL1139116,Bioorg Med Chem Lett,2007,"{'bei': '14.30', 'le': '0.28', 'lle': '4.13', 'sei': '6.60'}",,CHEMBL399113,,CHEMBL399113,7.17,0,http://www.openphacts.org/units/Nanomolar,671167,=,1,1,=,,IC50,nM,,67.0,CHEMBL4822,Homo sapiens,Beta-secretase 1,9606,,,IC50,nM,UO_0000065,,67.0
,,2020336,[],CHEMBL902350,Inhibition of human BACE1 by ECL based assay,B,,,BAO_0000190,BAO_0000357,single protein format,CCCC[C@H](N)[C@H](Cc1ccccc1)NC(=O)c1cc(N(C)C[C@H]2C[C@@H]2C)nc(N(CCC)S(C)(=O)=O)c1,,,CHEMBL1139116,Bioorg Med Chem Lett,2007,"{'bei': '13.62', 'le': '0.27', 'lle': '3.20', 'sei': '6.82'}",,CHEMBL248056,,CHEMBL248056,7.41,0,http://www.openphacts.org/units/Nanomolar,671166,=,1,1,=,,IC50,nM,,39.0,CHEMBL4822,Homo sapiens,Beta-secretase 1,9606,,,IC50,nM,UO_0000065,,39.0
,,2020337,[],CHEMBL902350,Inhibition of human BACE1 by ECL based assay,B,,,BAO_0000190,BAO_0000357,single protein format,CCCC[C@H](N)[C@H](Cc1ccccc1)NC(=O)c1cc(N(C)C[C@H]2C[C@@H]2C)nc(N(C)S(C)(=O)=O)c1,,,CHEMBL1139116,Bioorg Med Chem Lett,2007,"{'bei': '14.56', 'le': '0.28', 'lle': '4.08', 'sei': '6.91'}",,CHEMBL248223,,CHEMBL248223,7.51,0,http://www.openphacts.org/units/Nanomolar,671165,=,1,1,=,,IC50,nM,,31.0,CHEMBL4822,Homo sapiens,Beta-secretase 1,9606,,,IC50,nM,UO_0000065,,31.0
,,2020338,[],CHEMBL902350,Inhibition of human BACE1 by ECL based assay,B,,,BAO_0000190,BAO_0000357,single protein format,CC1CC1CNc1cc(C(=O)N[C@@H](Cc2ccsc2)[C@H](C)N)cc(N(C)S(C)(=O)=O)n1,,,CHEMBL1139116,Bioorg Med Chem Lett,2007,"{'bei': '16.10', 'le': '0.33', 'lle': '5.19', 'sei': '6.38'}",,CHEMBL247596,,CHEMBL247596,7.50,0,http://www.openphacts.org/units/Nanomolar,671164,=,1,1,=,,IC50,nM,,32.0,CHEMBL4822,Homo sapiens,Beta-secretase 1,9606,,,IC50,nM,UO_0000065,,32.0
,,2020339,[],CHEMBL902350,Inhibition of human BACE1 by ECL based assay,B,,,BAO_0000190,BAO_0000357,single protein format,CCCC[C@H](N)[C@H](Cc1ccsc1)NC(=O)c1cc(NCC2CC2C)nc(N(C)S(C)(=O)=O)c1,,,CHEMBL1139116,Bioorg Med Chem Lett,2007,"{'bei': '15.67', 'le': '0.32', 'lle': '4.49', 'sei': '6.78'}",,CHEMBL440957,,CHEMBL440957,7.96,0,http://www.openphacts.org/units/Nanomolar,671163,=,1,1,=,,IC50,nM,,11.0,CHEMBL4822,Homo sapiens,Beta-secretase 1,9606,,,IC50,nM,UO_0000065,,11.0
,,2020340,[],CHEMBL902350,Inhibition of human BACE1 by ECL based assay,B,,,BAO_0000190,BAO_0000357,single protein format,CC1CC1CNc1cc(C(=O)N[C@@H](Cc2ccccc2)[C@@H](N)CCC(F)(F)F)cc(N(C)S(C)(=O)=O)n1,,,CHEMBL1139116,Bioorg Med Chem Lett,2007,"{'bei': '16.06', 'le': '0.32', 'lle': '5.14', 'sei': '7.41'}",,CHEMBL247416,,CHEMBL247416,8.70,0,http://www.openphacts.org/units/Nanomolar,671162,=,1,1,=,,IC50,nM,,2.0,CHEMBL4822,Homo sapiens,Beta-secretase 1,9606,,,IC50,nM,UO_0000065,,2.0
,,2020341,[],CHEMBL902350,Inhibition of human BACE1 by ECL based assay,B,,,BAO_0000190,BAO_0000357,single protein format,CCCC[C@H](N)[C@H](Cc1ccccc1)NC(=O)c1cc(NCC2CC2C)nc(N(C)S(C)(=O)=O)c1,,,CHEMBL1139116,Bioorg Med Chem Lett,2007,"{'bei': '15.35', 'le': '0.30', 'lle': '4.30', 'sei': '6.56'}",,CHEMBL247415,,CHEMBL247415,7.70,0,http://www.openphacts.org/units/Nanomolar,671161,=,1,1,=,,IC50,nM,,20.0,CHEMBL4822,Homo sapiens,Beta-secretase 1,9606,,,IC50,nM,UO_0000065,,20.0
,,2020342,[],CHEMBL902350,Inhibition of human BACE1 by ECL based assay,B,,,BAO_0000190,BAO_0000357,single protein format,CC1CC1CNc1cc(C(=O)N[C@H](CN)Cc2ccccc2)cc(N(C)S(C)(=O)=O)n1,,,CHEMBL1139116,Bioorg Med Chem Lett,2007,"{'bei': '16.76', 'le': '0.33', 'lle': '5.62', 'sei': '6.36'}",,CHEMBL393850,,CHEMBL393850,7.47,0,http://www.openphacts.org/units/Nanomolar,671160,=,1,1,=,,IC50,nM,,34.0,CHEMBL4822,Homo sapiens,Beta-secretase 1,9606,,,IC50,nM,UO_0000065,,34.0
,,2020343,[],CHEMBL902350,Inhibition of human BACE1 by ECL based assay,B,,,BAO_0000190,BAO_0000357,single protein format,CCCC[C@H](N)[C@H](Cc1cc(F)cc(F)c1)NC(=O)c1cc(NCC2CC2C)nc(N(C)S(C)(=O)=O)c1,,,CHEMBL1139116,Bioorg Med Chem Lett,2007,"{'bei': '14.96', 'le': '0.30', 'lle': '4.37', 'sei': '6.85'}",,CHEMBL247043,,CHEMBL247043,8.05,0,http://www.openphacts.org/units/Nanomolar,671159,=,1,1,=,,IC50,nM,,9.0,CHEMBL4822,Homo sapiens,Beta-secretase 1,9606,,,IC50,nM,UO_0000065,,9.0
,,2020344,[],CHEMBL902350,Inhibition of human BACE1 by ECL based assay,B,,,BAO_0000190,BAO_0000357,single protein format,CCCC[C@H](O)[C@H](Cc1cc(F)cc(F)c1)NC(=O)c1cc(NCC2CC2C)nc(N(C)S(C)(=O)=O)c1,,,CHEMBL1139116,Bioorg Med Chem Lett,2007,"{'bei': '14.64', 'le': '0.29', 'lle': '4.17', 'sei': '7.06'}",,CHEMBL247595,,CHEMBL247595,7.89,0,http://www.openphacts.org/units/Nanomolar,671158,=,1,1,=,,IC50,nM,,13.0,CHEMBL4822,Homo sapiens,Beta-secretase 1,9606,,,IC50,nM,UO_0000065,,13.0
,,2020345,[],CHEMBL902351,Inhibition of human BACE1 assessed as sAPPNF accumulation,B,,,BAO_0000190,BAO_0000357,single protein format,CCCN(c1cc(C(=O)N[C@@H](Cc2ccccc2)[C@H](C)N)cc(N(C)C[C@H]2C[C@@H]2C)n1)S(C)(=O)=O,,,CHEMBL1139116,Bioorg Med Chem Lett,2007,,,CHEMBL399113,,CHEMBL399113,,0,http://www.openphacts.org/units/Nanomolar,671167,>,1,1,>,,IC50,nM,,6700.0,CHEMBL4822,Homo sapiens,Beta-secretase 1,9606,,,IC50,nM,UO_0000065,,6700.0
,,2020346,[],CHEMBL902351,Inhibition of human BACE1 assessed as sAPPNF accumulation,B,,,BAO_0000190,BAO_0000357,single protein format,CCCC[C@H](N)[C@H](Cc1ccccc1)NC(=O)c1cc(N(C)C[C@H]2C[C@@H]2C)nc(N(CCC)S(C)(=O)=O)c1,,,CHEMBL1139116,Bioorg Med Chem Lett,2007,,,CHEMBL248056,,CHEMBL248056,,0,http://www.openphacts.org/units/Nanomolar,671166,>,1,1,>,,IC50,nM,,6700.0,CHEMBL4822,Homo sapiens,Beta-secretase 1,9606,,,IC50,nM,UO_0000065,,6700.0
,,2020347,[],CHEMBL902351,Inhibition of human BACE1 assessed as sAPPNF accumulation,B,,,BAO_0000190,BAO_0000357,single protein format,CCCC[C@H](O)[C@H](Cc1cc(F)cc(F)c1)NC(=O)c1cc(NCC2CC2C)nc(N(C)S(C)(=O)=O)c1,,,CHEMBL1139116,Bioorg Med Chem Lett,2007,,,CHEMBL247595,,CHEMBL247595,,0,http://www.openphacts.org/units/Nanomolar,671158,>,1,1,>,,IC50,nM,,6700.0,CHEMBL4822,Homo sapiens,Beta-secretase 1,9606,,,IC50,nM,UO_0000065,,6700.0
,,2020348,[],CHEMBL902351,Inhibition of human BACE1 assessed as sAPPNF accumulation,B,,,BAO_0000190,BAO_0000357,single protein format,CCCC[C@H](N)[C@H](Cc1cc(F)cc(F)c1)NC(=O)c1cc(NCC2CC2C)nc(N(C)S(C)(=O)=O)c1,,,CHEMBL1139116,Bioorg Med Chem Lett,2007,"{'bei': '12.94', 'le': '0.26', 'lle': '3.28', 'sei': '5.93'}",,CHEMBL247043,,CHEMBL247043,6.96,0,http://www.openphacts.org/units/Nanomolar,671159,=,1,1,=,,IC50,nM,,110.0,CHEMBL4822,Homo sapiens,Beta-secretase 1,9606,,,IC50,nM,UO_0000065,,110.0
,,2020349,[],CHEMBL902351,Inhibition of human BACE1 assessed as sAPPNF accumulation,B,,,BAO_0000190,BAO_0000357,single protein format,COCCN(C[C@H]1C[C@@H]1C)c1cc(C(=O)N[C@@H](Cc2ccccc2)[C@@H](N)COC)cc(N(C)S(=O)(=O)C(C)C)n1,,,CHEMBL1139116,Bioorg Med Chem Lett,2007,"{'bei': '12.47', 'le': '0.25', 'lle': '4.50', 'sei': '5.65'}",,CHEMBL429477,,CHEMBL429477,7.18,0,http://www.openphacts.org/units/Nanomolar,671171,=,1,1,=,,IC50,nM,,66.0,CHEMBL4822,Homo sapiens,Beta-secretase 1,9606,,,IC50,nM,UO_0000065,,66.0
,,2020350,[],CHEMBL902351,Inhibition of human BACE1 assessed as sAPPNF accumulation,B,,,BAO_0000190,BAO_0000357,single protein format,CCOC[C@H](N)[C@H](Cc1ccccc1)NC(=O)c1cc(N(C)C[C@H]2C[C@@H]2C)nc(N(C)S(=O)(=O)C(C)C)c1,,,CHEMBL1139116,Bioorg Med Chem Lett,2007,"{'bei': '11.72', 'le': '0.23', 'lle': '3.35', 'sei': '5.43'}",,CHEMBL248245,,CHEMBL248245,6.40,0,http://www.openphacts.org/units/Nanomolar,671170,=,1,1,=,,IC50,nM,,402.0,CHEMBL4822,Homo sapiens,Beta-secretase 1,9606,,,IC50,nM,UO_0000065,,402.0
,,2020351,[],CHEMBL902351,Inhibition of human BACE1 assessed as sAPPNF accumulation,B,,,BAO_0000190,BAO_0000357,single protein format,COC[C@H](N)[C@H](Cc1ccccc1)NC(=O)c1cc(N(C)C[C@H]2C[C@@H]2C)nc(N(C)S(=O)(=O)C(C)C)c1,,,CHEMBL1139116,Bioorg Med Chem Lett,2007,"{'bei': '11.42', 'le': '0.22', 'lle': '3.41', 'sei': '5.15'}",,CHEMBL401008,,CHEMBL401008,6.07,0,http://www.openphacts.org/units/Nanomolar,671169,=,1,1,=,,IC50,nM,,845.0,CHEMBL4822,Homo sapiens,Beta-secretase 1,9606,,,IC50,nM,UO_0000065,,845.0
,,2020352,[],CHEMBL902351,Inhibition of human BACE1 assessed as sAPPNF accumulation,B,,,BAO_0000190,BAO_0000357,single protein format,COC[C@H](N)[C@H](Cc1ccccc1)NC(=O)c1cc(N(C)C[C@H]2C[C@@H]2C)nc(N(C)S(C)(=O)=O)c1,,,CHEMBL1139116,Bioorg Med Chem Lett,2007,"{'bei': '13.43', 'le': '0.26', 'lle': '4.88', 'sei': '5.74'}",,CHEMBL248228,,CHEMBL248228,6.76,0,http://www.openphacts.org/units/Nanomolar,671168,=,1,1,=,,IC50,nM,,173.0,CHEMBL4822,Homo sapiens,Beta-secretase 1,9606,,,IC50,nM,UO_0000065,,173.0
,,2020353,[],CHEMBL902351,Inhibition of human BACE1 assessed as sAPPNF accumulation,B,,,BAO_0000190,BAO_0000357,single protein format,CCCC[C@H](N)[C@H](Cc1ccccc1)NC(=O)c1cc(N(C)C[C@H]2C[C@@H]2C)nc(N(C)S(C)(=O)=O)c1,,,CHEMBL1139116,Bioorg Med Chem Lett,2007,"{'bei': '12.08', 'le': '0.24', 'lle': '2.80', 'sei': '5.73'}",,CHEMBL248223,,CHEMBL248223,6.23,0,http://www.openphacts.org/units/Nanomolar,671165,=,1,1,=,,IC50,nM,,589.0,CHEMBL4822,Homo sapiens,Beta-secretase 1,9606,,,IC50,nM,UO_0000065,,589.0
,,2020354,[],CHEMBL902351,Inhibition of human BACE1 assessed as sAPPNF accumulation,B,,,BAO_0000190,BAO_0000357,single protein format,CC1CC1CNc1cc(C(=O)N[C@@H](Cc2ccsc2)[C@H](C)N)cc(N(C)S(C)(=O)=O)n1,,,CHEMBL1139116,Bioorg Med Chem Lett,2007,"{'bei': '15.61', 'le': '0.32', 'lle': '4.97', 'sei': '6.19'}",,CHEMBL247596,,CHEMBL247596,7.27,0,http://www.openphacts.org/units/Nanomolar,671164,=,1,1,=,,IC50,nM,,54.0,CHEMBL4822,Homo sapiens,Beta-secretase 1,9606,,,IC50,nM,UO_0000065,,54.0
,,2020355,[],CHEMBL902351,Inhibition of human BACE1 assessed as sAPPNF accumulation,B,,,BAO_0000190,BAO_0000357,single protein format,CCCC[C@H](N)[C@H](Cc1ccsc1)NC(=O)c1cc(NCC2CC2C)nc(N(C)S(C)(=O)=O)c1,,,CHEMBL1139116,Bioorg Med Chem Lett,2007,"{'bei': '14.61', 'le': '0.30', 'lle': '3.95', 'sei': '6.32'}",,CHEMBL440957,,CHEMBL440957,7.42,0,http://www.openphacts.org/units/Nanomolar,671163,=,1,1,=,,IC50,nM,,38.0,CHEMBL4822,Homo sapiens,Beta-secretase 1,9606,,,IC50,nM,UO_0000065,,38.0
,,2020356,[],CHEMBL902351,Inhibition of human BACE1 assessed as sAPPNF accumulation,B,,,BAO_0000190,BAO_0000357,single protein format,CC1CC1CNc1cc(C(=O)N[C@@H](Cc2ccccc2)[C@@H](N)CCC(F)(F)F)cc(N(C)S(C)(=O)=O)n1,,,CHEMBL1139116,Bioorg Med Chem Lett,2007,"{'bei': '13.20', 'le': '0.26', 'lle': '3.59', 'sei': '6.09'}",,CHEMBL247416,,CHEMBL247416,7.15,0,http://www.openphacts.org/units/Nanomolar,671162,=,1,1,=,,IC50,nM,,71.0,CHEMBL4822,Homo sapiens,Beta-secretase 1,9606,,,IC50,nM,UO_0000065,,71.0
,,2020357,[],CHEMBL902351,Inhibition of human BACE1 assessed as sAPPNF accumulation,B,,,BAO_0000190,BAO_0000357,single protein format,CCCC[C@H](N)[C@H](Cc1ccccc1)NC(=O)c1cc(NCC2CC2C)nc(N(C)S(C)(=O)=O)c1,,,CHEMBL1139116,Bioorg Med Chem Lett,2007,"{'bei': '13.87', 'le': '0.27', 'lle': '3.56', 'sei': '5.93'}",,CHEMBL247415,,CHEMBL247415,6.96,0,http://www.openphacts.org/units/Nanomolar,671161,=,1,1,=,,IC50,nM,,110.0,CHEMBL4822,Homo sapiens,Beta-secretase 1,9606,,,IC50,nM,UO_0000065,,110.0
,,2020358,[],CHEMBL902351,Inhibition of human BACE1 assessed as sAPPNF accumulation,B,,,BAO_0000190,BAO_0000357,single protein format,CC1CC1CNc1cc(C(=O)N[C@H](CN)Cc2ccccc2)cc(N(C)S(C)(=O)=O)n1,,,CHEMBL1139116,Bioorg Med Chem Lett,2007,"{'bei': '14.71', 'le': '0.29', 'lle': '4.70', 'sei': '5.58'}",,CHEMBL393850,,CHEMBL393850,6.55,0,http://www.openphacts.org/units/Nanomolar,671160,=,1,1,=,,IC50,nM,,279.0,CHEMBL4822,Homo sapiens,Beta-secretase 1,9606,,,IC50,nM,UO_0000065,,279.0
,,2031043,[],CHEMBL886441,Inhibition of BACE1,B,,,BAO_0000190,BAO_0000357,single protein format,CCCN(c1cc2cc(c1)C(=O)N[C@@H](c1ccccc1)CCc1cccc(c1)C[C@@](C)(N)COC2)S(C)(=O)=O,,,CHEMBL1139967,Bioorg Med Chem Lett,2007,"{'bei': '14.13', 'le': '0.27', 'lle': '3.01', 'sei': '7.64'}",,CHEMBL248699,,CHEMBL248699,7.77,0,http://www.openphacts.org/units/Nanomolar,674302,=,1,1,=,,IC50,nM,,17.0,CHEMBL4822,Homo sapiens,Beta-secretase 1,9606,,,IC50,nM,UO_0000065,,17.0
,,2031044,[],CHEMBL886442,Inhibition of BACE1-mediated sAPP-NF processing in HEK293 cells,B,,,BAO_0000190,BAO_0000219,cell-based format,CCCN(c1cc2cc(c1)C(=O)N[C@@H](c1ccccc1)CCc1cccc(c1)C[C@@](C)(N)COC2)S(C)(=O)=O,,,CHEMBL1139967,Bioorg Med Chem Lett,2007,"{'bei': '13.89', 'le': '0.27', 'lle': '2.88', 'sei': '7.51'}",,CHEMBL248699,,CHEMBL248699,7.64,0,http://www.openphacts.org/units/Nanomolar,674302,=,1,1,=,,IC50,nM,,23.0,CHEMBL4822,Homo sapiens,Beta-secretase 1,9606,,,IC50,nM,UO_0000065,,23.0
,,2031045,[],CHEMBL886441,Inhibition of BACE1,B,,,BAO_0000190,BAO_0000357,single protein format,C[C@@]1(N)Cc2ccc(F)c(c2)CC[C@H](c2ccc(F)cc2)NC(=O)c2cc(cc(-c3cccc(F)c3C#N)c2)COC1=O,,,CHEMBL1139967,Bioorg Med Chem Lett,2007,"{'bei': '12.57', 'le': '0.23', 'lle': '1.28', 'sei': '6.97'}",,CHEMBL399425,,CHEMBL399425,7.34,0,http://www.openphacts.org/units/Nanomolar,674326,=,1,1,=,,IC50,nM,,46.0,CHEMBL4822,Homo sapiens,Beta-secretase 1,9606,,,IC50,nM,UO_0000065,,46.0
,,2031046,[],CHEMBL886441,Inhibition of BACE1,B,,,BAO_0000190,BAO_0000357,single protein format,C[C@@]1(N)Cc2cccc(c2)CC[C@H](c2ccc(F)cc2)NC(=O)c2cc(cc(-c3cccc(F)c3C#N)c2)COC1=O,,,CHEMBL1139967,Bioorg Med Chem Lett,2007,"{'bei': '13.54', 'le': '0.25', 'lle': '1.74', 'sei': '7.28'}",,CHEMBL399362,,CHEMBL399362,7.66,0,http://www.openphacts.org/units/Nanomolar,674325,=,1,1,=,,IC50,nM,,22.0,CHEMBL4822,Homo sapiens,Beta-secretase 1,9606,,,IC50,nM,UO_0000065,,22.0
,,2031047,[],CHEMBL886441,Inhibition of BACE1,B,,,BAO_0000190,BAO_0000357,single protein format,C[C@@]1(N)Cc2cccc(c2F)CC[C@H](c2ccc(F)cc2)NC(=O)c2cc(cc(-c3ccccc3C#N)c2)COC1=O,,,CHEMBL1139967,Bioorg Med Chem Lett,2007,"{'bei': '12.57', 'le': '0.23', 'lle': '1.19', 'sei': '6.76'}",,CHEMBL401181,,CHEMBL401181,7.11,0,http://www.openphacts.org/units/Nanomolar,674324,=,1,1,=,,IC50,nM,,78.0,CHEMBL4822,Homo sapiens,Beta-secretase 1,9606,,,IC50,nM,UO_0000065,,78.0
,,2031048,[],CHEMBL886441,Inhibition of BACE1,B,,,BAO_0000190,BAO_0000357,single protein format,C[C@@]1(N)Cc2ccc(F)c(c2)CC[C@H](c2ccc(F)cc2)NC(=O)c2cc(cc(-c3ccccc3C#N)c2)COC1=O,,,CHEMBL1139967,Bioorg Med Chem Lett,2007,"{'bei': '12.97', 'le': '0.24', 'lle': '1.42', 'sei': '6.97'}",,CHEMBL251310,,CHEMBL251310,7.34,0,http://www.openphacts.org/units/Nanomolar,674323,=,1,1,=,,IC50,nM,,46.0,CHEMBL4822,Homo sapiens,Beta-secretase 1,9606,,,IC50,nM,UO_0000065,,46.0
,,2031049,[],CHEMBL886441,Inhibition of BACE1,B,,,BAO_0000190,BAO_0000357,single protein format,C[C@@]1(N)Cc2cc(F)cc(c2)CC[C@H](c2ccc(F)cc2)NC(=O)c2cc(cc(-c3ccccc3C#N)c2)COC1=O,,,CHEMBL1139967,Bioorg Med Chem Lett,2007,"{'bei': '12.17', 'le': '0.22', 'lle': '0.97', 'sei': '6.55'}",,CHEMBL251309,,CHEMBL251309,6.89,0,http://www.openphacts.org/units/Nanomolar,674322,=,1,1,=,,IC50,nM,,130.0,CHEMBL4822,Homo sapiens,Beta-secretase 1,9606,,,IC50,nM,UO_0000065,,130.0
,,2031050,[],CHEMBL886441,Inhibition of BACE1,B,,,BAO_0000190,BAO_0000357,single protein format,C[C@@]1(N)Cc2cccc(c2)CC[C@H](c2ccccc2)NC(=O)c2cc(cc(-c3ccccc3C#N)c2)COC1=O,,,CHEMBL1139967,Bioorg Med Chem Lett,2007,"{'bei': '14.29', 'le': '0.26', 'lle': '1.92', 'sei': '7.19'}",,CHEMBL401180,,CHEMBL401180,7.57,0,http://www.openphacts.org/units/Nanomolar,674321,=,1,1,=,,IC50,nM,,27.0,CHEMBL4822,Homo sapiens,Beta-secretase 1,9606,,,IC50,nM,UO_0000065,,27.0
,,2031051,[],CHEMBL886441,Inhibition of BACE1,B,,,BAO_0000190,BAO_0000357,single protein format,C[C@@]1(N)Cc2cccc(c2)CC[C@H](c2ccccc2)NC(=O)c2cc(cc(-c3ncco3)c2)COC1=O,,,CHEMBL1139967,Bioorg Med Chem Lett,2007,"{'bei': '12.32', 'le': '0.23', 'lle': '1.35', 'sei': '5.68'}",,CHEMBL251307,,CHEMBL251307,6.11,0,http://www.openphacts.org/units/Nanomolar,674320,=,1,1,=,,IC50,nM,,780.0,CHEMBL4822,Homo sapiens,Beta-secretase 1,9606,,,IC50,nM,UO_0000065,,780.0
,,2031052,[],CHEMBL886441,Inhibition of BACE1,B,,,BAO_0000190,BAO_0000357,single protein format,C[C@@]1(N)Cc2cccc(c2)CC[C@H](c2ccccc2)NC(=O)c2cc(Br)cc(c2)COC1=O,,,CHEMBL1139967,Bioorg Med Chem Lett,2007,"{'bei': '12.94', 'le': '0.27', 'lle': '1.70', 'sei': '8.07'}",,CHEMBL251118,,CHEMBL251118,6.57,0,http://www.openphacts.org/units/Nanomolar,674319,=,1,1,=,,IC50,nM,,270.0,CHEMBL4822,Homo sapiens,Beta-secretase 1,9606,,,IC50,nM,UO_0000065,,270.0
,,2031053,[],CHEMBL886441,Inhibition of BACE1,B,,,BAO_0000190,BAO_0000357,single protein format,CN(C)S(=O)(=O)N(C)c1cc2cc(c1)C(=O)N[C@@H](c1ccccc1)CCc1cccc(c1)C[C@@](C)(N)C(=O)OC2,,,CHEMBL1139967,Bioorg Med Chem Lett,2007,"{'bei': '14.87', 'le': '0.29', 'lle': '5.05', 'sei': '6.88'}",,CHEMBL427884,,CHEMBL427884,8.40,0,http://www.openphacts.org/units/Nanomolar,674318,=,1,1,=,,IC50,nM,,4.0,CHEMBL4822,Homo sapiens,Beta-secretase 1,9606,,,IC50,nM,UO_0000065,,4.0
,,2031054,[],CHEMBL886441,Inhibition of BACE1,B,,,BAO_0000190,BAO_0000357,single protein format,CN(c1cc2cc(c1)C(=O)N[C@@H](c1ccccc1)CCc1cccc(c1)C[C@@](C)(N)C(=O)OC2)S(=O)(=O)C(F)(F)F,,,CHEMBL1139967,Bioorg Med Chem Lett,2007,"{'bei': '12.58', 'le': '0.25', 'lle': '3.03', 'sei': '6.25'}",,CHEMBL250918,,CHEMBL250918,7.42,0,http://www.openphacts.org/units/Nanomolar,674317,=,1,1,=,,IC50,nM,,38.0,CHEMBL4822,Homo sapiens,Beta-secretase 1,9606,,,IC50,nM,UO_0000065,,38.0
,,2031055,[],CHEMBL886441,Inhibition of BACE1,B,,,BAO_0000190,BAO_0000357,single protein format,CN(c1cc2cc(c1)C(=O)N[C@@H](c1ccccc1)CCc1cccc(c1)C[C@@](C)(N)C(=O)OC2)S(=O)(=O)CC(F)(F)F,,,CHEMBL1139967,Bioorg Med Chem Lett,2007,"{'bei': '12.91', 'le': '0.25', 'lle': '3.36', 'sei': '6.56'}",,CHEMBL402921,,CHEMBL402921,7.80,0,http://www.openphacts.org/units/Nanomolar,674316,=,1,1,=,,IC50,nM,,16.0,CHEMBL4822,Homo sapiens,Beta-secretase 1,9606,,,IC50,nM,UO_0000065,,16.0
,,2031056,[],CHEMBL886441,Inhibition of BACE1,B,,,BAO_0000190,BAO_0000357,single protein format,CCCN(c1cc2cc(c1)C(=O)N[C@@H](C1CC1)CCc1cccc(c1)C[C@@](C)(N)COC2)S(C)(=O)=O,,,CHEMBL1139967,Bioorg Med Chem Lett,2007,"{'bei': '11.60', 'le': '0.23', 'lle': '2.17', 'sei': '5.86'}",,CHEMBL398839,,CHEMBL398839,5.96,0,http://www.openphacts.org/units/Nanomolar,674315,=,1,1,=,,IC50,nM,,1100.0,CHEMBL4822,Homo sapiens,Beta-secretase 1,9606,,,IC50,nM,UO_0000065,,1100.0
,,2031057,[],CHEMBL886441,Inhibition of BACE1,B,,,BAO_0000190,BAO_0000357,single protein format,C#C[C@H]1CCc2cccc(c2)C[C@@](C)(N)COCc2cc(cc(N(CCC)S(C)(=O)=O)c2)C(=O)N1,,,CHEMBL1139967,Bioorg Med Chem Lett,2007,"{'bei': '14.62', 'le': '0.28', 'lle': '4.26', 'sei': '7.15'}",,CHEMBL248876,,CHEMBL248876,7.28,0,http://www.openphacts.org/units/Nanomolar,674314,=,1,1,=,,IC50,nM,,53.0,CHEMBL4822,Homo sapiens,Beta-secretase 1,9606,,,IC50,nM,UO_0000065,,53.0
,,2031058,[],CHEMBL886441,Inhibition of BACE1,B,,,BAO_0000190,BAO_0000357,single protein format,CCCN(c1cc2cc(c1)C(=O)N[C@@H](C(C)C)CCc1cccc(c1)C[C@@](C)(N)COC2)S(C)(=O)=O,,,CHEMBL1139967,Bioorg Med Chem Lett,2007,"{'bei': '13.10', 'le': '0.26', 'lle': '2.72', 'sei': '6.64'}",,CHEMBL250712,,CHEMBL250712,6.76,0,http://www.openphacts.org/units/Nanomolar,674313,=,1,1,=,,IC50,nM,,175.0,CHEMBL4822,Homo sapiens,Beta-secretase 1,9606,,,IC50,nM,UO_0000065,,175.0
,,2031059,[],CHEMBL886441,Inhibition of BACE1,B,,,BAO_0000190,BAO_0000357,single protein format,CCCN(c1cc2cc(c1)C(=O)N[C@@H](CC)CCc1cccc(c1)C[C@@](C)(N)COC2)S(C)(=O)=O,,,CHEMBL1139967,Bioorg Med Chem Lett,2007,"{'bei': '14.09', 'le': '0.28', 'lle': '3.28', 'sei': '6.95'}",,CHEMBL399276,,CHEMBL399276,7.07,0,http://www.openphacts.org/units/Nanomolar,674312,=,1,1,=,,IC50,nM,,85.0,CHEMBL4822,Homo sapiens,Beta-secretase 1,9606,,,IC50,nM,UO_0000065,,85.0
,,2031060,[],CHEMBL886441,Inhibition of BACE1,B,,,BAO_0000190,BAO_0000357,single protein format,CCCN(c1cc2cc(c1)C(=O)N[C@@H](C)CCc1cccc(c1)C[C@@](C)(N)COC2)S(C)(=O)=O,,,CHEMBL1139967,Bioorg Med Chem Lett,2007,"{'bei': '13.41', 'le': '0.26', 'lle': '3.14', 'sei': '6.43'}",,CHEMBL399776,,CHEMBL399776,6.54,0,http://www.openphacts.org/units/Nanomolar,674311,=,1,1,=,,IC50,nM,,290.0,CHEMBL4822,Homo sapiens,Beta-secretase 1,9606,,,IC50,nM,UO_0000065,,290.0
,,2031061,[],CHEMBL886441,Inhibition of BACE1,B,,,BAO_0000190,BAO_0000357,single protein format,CCCN(c1cc2cc(c1)C(=O)N[C@@H](c1ccc(F)cc1)CCc1cccc(c1)C[C@@](C)(N)COC2)S(C)(=O)=O,,,CHEMBL1139967,Bioorg Med Chem Lett,2007,"{'bei': '14.09', 'le': '0.27', 'lle': '3.10', 'sei': '7.86'}",,CHEMBL429666,,CHEMBL429666,8.00,0,http://www.openphacts.org/units/Nanomolar,674310,=,1,1,=,,IC50,nM,,10.0,CHEMBL4822,Homo sapiens,Beta-secretase 1,9606,,,IC50,nM,UO_0000065,,10.0
,,2031062,[],CHEMBL886441,Inhibition of BACE1,B,,,BAO_0000190,BAO_0000357,single protein format,CC(C)S(=O)(=O)N(C)c1cc2cc(c1)C(=O)N[C@@H](c1ccccc1)CCc1cccc(c1)C[C@@](C)(N)COC2,,,CHEMBL1139967,Bioorg Med Chem Lett,2007,"{'bei': '12.20', 'le': '0.23', 'lle': '1.95', 'sei': '6.59'}",,CHEMBL251533,,CHEMBL251533,6.71,0,http://www.openphacts.org/units/Nanomolar,674309,=,1,1,=,,IC50,nM,,196.0,CHEMBL4822,Homo sapiens,Beta-secretase 1,9606,,,IC50,nM,UO_0000065,,196.0
,,2031063,[],CHEMBL886441,Inhibition of BACE1,B,,,BAO_0000190,BAO_0000357,single protein format,CCS(=O)(=O)N(C)c1cc2cc(c1)C(=O)N[C@@H](c1ccccc1)CCc1cccc(c1)C[C@@](C)(N)COC2,,,CHEMBL1139967,Bioorg Med Chem Lett,2007,"{'bei': '13.54', 'le': '0.26', 'lle': '2.88', 'sei': '7.13'}",,CHEMBL438691,,CHEMBL438691,7.25,0,http://www.openphacts.org/units/Nanomolar,674308,=,1,1,=,,IC50,nM,,56.0,CHEMBL4822,Homo sapiens,Beta-secretase 1,9606,,,IC50,nM,UO_0000065,,56.0
,,2031064,[],CHEMBL886441,Inhibition of BACE1,B,,,BAO_0000190,BAO_0000357,single protein format,C[C@@]1(N)Cc2cccc(c2)CC[C@H](c2ccccc2)NC(=O)c2cc(cc(N(c3ccccc3)S(C)(=O)=O)c2)COC1=O,,,CHEMBL1139967,Bioorg Med Chem Lett,2007,"{'bei': '15.06', 'le': '0.29', 'lle': '3.80', 'sei': '7.58'}",,CHEMBL250295,,CHEMBL250295,9.00,0,http://www.openphacts.org/units/Nanomolar,674307,=,1,1,=,,IC50,nM,,1.0,CHEMBL4822,Homo sapiens,Beta-secretase 1,9606,,,IC50,nM,UO_0000065,,1.0
,,2031065,[],CHEMBL886441,Inhibition of BACE1,B,,,BAO_0000190,BAO_0000357,single protein format,C[C@]1(N)COCc2cc(cc(N(c3ccccc3)S(C)(=O)=O)c2)C(=O)N[C@@H](c2ccccc2)CCc2cccc(c2)C1,,,CHEMBL1139967,Bioorg Med Chem Lett,2007,"{'bei': '13.57', 'le': '0.26', 'lle': '2.24', 'sei': '7.79'}",,CHEMBL248884,,CHEMBL248884,7.92,0,http://www.openphacts.org/units/Nanomolar,674306,=,1,1,=,,IC50,nM,,12.0,CHEMBL4822,Homo sapiens,Beta-secretase 1,9606,,,IC50,nM,UO_0000065,,12.0
,,2031066,[],CHEMBL886441,Inhibition of BACE1,B,,,BAO_0000190,BAO_0000357,single protein format,CN(c1cc2cc(c1)C(=O)N[C@@H](c1ccccc1)CCc1cccc(c1)C[C@@](C)(N)C(=O)OC2)S(C)(=O)=O,,,CHEMBL1139967,Bioorg Med Chem Lett,2007,"{'bei': '16.24', 'le': '0.31', 'lle': '5.20', 'sei': '7.32'}",,CHEMBL400438,,CHEMBL400438,8.70,0,http://www.openphacts.org/units/Nanomolar,674305,=,1,1,=,,IC50,nM,,2.0,CHEMBL4822,Homo sapiens,Beta-secretase 1,9606,,,IC50,nM,UO_0000065,,2.0
,,2031067,[],CHEMBL886441,Inhibition of BACE1,B,,,BAO_0000190,BAO_0000357,single protein format,CN(c1cc2cc(c1)C(=O)N[C@@H](c1ccccc1)CCc1cccc(c1)C[C@@](C)(N)COC2)S(C)(=O)=O,,,CHEMBL1139967,Bioorg Med Chem Lett,2007,"{'bei': '14.01', 'le': '0.27', 'lle': '3.33', 'sei': '7.19'}",,CHEMBL250120,,CHEMBL250120,7.31,0,http://www.openphacts.org/units/Nanomolar,674304,=,1,1,=,,IC50,nM,,49.0,CHEMBL4822,Homo sapiens,Beta-secretase 1,9606,,,IC50,nM,UO_0000065,,49.0
,,2031068,[],CHEMBL886441,Inhibition of BACE1,B,,,BAO_0000190,BAO_0000357,single protein format,CCCN(c1cc2cc(c1)C(=O)N[C@@H](c1ccccc1)CCc1cccc(c1)C[C@@](C)(N)C(=O)OC2)S(C)(=O)=O,,,CHEMBL1139967,Bioorg Med Chem Lett,2007,"{'bei': '15.43', 'le': '0.30', 'lle': '4.42', 'sei': '7.32'}",,CHEMBL400530,,CHEMBL400530,8.70,0,http://www.openphacts.org/units/Nanomolar,674303,=,1,1,=,,IC50,nM,,2.0,CHEMBL4822,Homo sapiens,Beta-secretase 1,9606,,,IC50,nM,UO_0000065,,2.0
,,2031069,[],CHEMBL886442,Inhibition of BACE1-mediated sAPP-NF processing in HEK293 cells,B,,,BAO_0000190,BAO_0000219,cell-based format,C[C@@]1(N)Cc2cccc(c2)CC[C@H](c2ccccc2)NC(=O)c2cc(cc(-c3ccccc3C#N)c2)COC1=O,,,CHEMBL1139967,Bioorg Med Chem Lett,2007,"{'bei': '13.53', 'le': '0.24', 'lle': '1.52', 'sei': '6.81'}",,CHEMBL401180,,CHEMBL401180,7.17,0,http://www.openphacts.org/units/Nanomolar,674321,=,1,1,=,,IC50,nM,,68.0,CHEMBL4822,Homo sapiens,Beta-secretase 1,9606,,,IC50,nM,UO_0000065,,68.0
,,2031070,[],CHEMBL886442,Inhibition of BACE1-mediated sAPP-NF processing in HEK293 cells,B,,,BAO_0000190,BAO_0000219,cell-based format,CCCN(c1cc2cc(c1)C(=O)N[C@@H](c1ccccc1)CCc1cccc(c1)C[C@@](C)(N)C(=O)OC2)S(C)(=O)=O,,,CHEMBL1139967,Bioorg Med Chem Lett,2007,"{'bei': '14.73', 'le': '0.28', 'lle': '4.02', 'sei': '6.99'}",,CHEMBL400530,,CHEMBL400530,8.30,0,http://www.openphacts.org/units/Nanomolar,674303,=,1,1,=,,IC50,nM,,5.0,CHEMBL4822,Homo sapiens,Beta-secretase 1,9606,,,IC50,nM,UO_0000065,,5.0
,,2053751,[],CHEMBL942099,Inhibition of human BACE in HEK293 cells by Swedish amyloid inhibition assay,B,,,BAO_0000190,BAO_0000219,cell-based format,CCCC(CCC)S(=O)(=O)CCC(=O)N[C@@H](Cc1ccccc1)[C@H](O)CNCc1cccc(OC)c1,,,CHEMBL1140593,Bioorg Med Chem Lett,2007,"{'bei': '12.54', 'le': '0.25', 'lle': '2.85', 'sei': '6.21'}",,CHEMBL401141,,CHEMBL401141,6.50,0,http://www.openphacts.org/units/Nanomolar,681495,=,1,1,=,,IC50,nM,,314.0,CHEMBL4822,Homo sapiens,Beta-secretase 1,9606,,,IC50,nM,UO_0000065,,314.0
,,2053752,[],CHEMBL942097,Inhibition of human recombinant BACE,B,,,BAO_0000190,BAO_0000357,single protein format,CCCN(CCC)C(=O)c1cccc(C(=O)N[C@@H](Cc2ccccc2)[C@H](O)CNCc2cccc(OC)c2)c1,,,CHEMBL1140593,Bioorg Med Chem Lett,2007,"{'bei': '11.85', 'le': '0.22', 'lle': '1.85', 'sei': '6.93'}",,CHEMBL443239,,CHEMBL443239,6.30,0,http://www.openphacts.org/units/Nanomolar,681483,=,1,1,=,,IC50,nM,,500.0,CHEMBL4822,Homo sapiens,Beta-secretase 1,9606,,,IC50,nM,UO_0000065,,500.0
,,2053753,[],CHEMBL942097,Inhibition of human recombinant BACE,B,,,BAO_0000190,BAO_0000357,single protein format,CCCC(CCC)S(=O)(=O)CC(NC(=O)OCc1ccccc1)C(=O)N[C@@H](Cc1ccccc1)[C@H](O)CNCc1cccc(OC)c1,,,CHEMBL1140593,Bioorg Med Chem Lett,2007,"{'bei': '10.41', 'le': '0.20', 'lle': '2.40', 'sei': '4.86'}",,CHEMBL253800,,CHEMBL253800,6.95,0,http://www.openphacts.org/units/Nanomolar,681502,=,1,1,=,,IC50,nM,,112.0,CHEMBL4822,Homo sapiens,Beta-secretase 1,9606,,,IC50,nM,UO_0000065,,112.0
,,2053754,[],CHEMBL942097,Inhibition of human recombinant BACE,B,,,BAO_0000190,BAO_0000357,single protein format,CCCCN(CCCC)S(=O)(=O)CCC(=O)N[C@@H](Cc1ccccc1)[C@H](O)CNCc1cccc(OC)c1,,,CHEMBL1140593,Bioorg Med Chem Lett,2007,"{'bei': '11.53', 'le': '0.23', 'lle': '2.82', 'sei': '5.85'}",,CHEMBL253165,,CHEMBL253165,6.32,0,http://www.openphacts.org/units/Nanomolar,681501,=,1,1,=,,IC50,nM,,484.0,CHEMBL4822,Homo sapiens,Beta-secretase 1,9606,,,IC50,nM,UO_0000065,,484.0
,,2053755,[],CHEMBL942097,Inhibition of human recombinant BACE,B,,,BAO_0000190,BAO_0000357,single protein format,CCCN(CCC)S(=O)(=O)CCCC(=O)N[C@@H](Cc1ccccc1)[C@H](O)CNCc1cccc(OC)c1,,,CHEMBL1140593,Bioorg Med Chem Lett,2007,"{'bei': '9.55', 'le': '0.19', 'lle': '1.99', 'sei': '4.72'}",,CHEMBL252962,,CHEMBL252962,5.10,0,http://www.openphacts.org/units/Nanomolar,681500,=,1,1,=,,IC50,nM,,7950.0,CHEMBL4822,Homo sapiens,Beta-secretase 1,9606,,,IC50,nM,UO_0000065,,7950.0
,,2053756,[],CHEMBL942097,Inhibition of human recombinant BACE,B,,,BAO_0000190,BAO_0000357,single protein format,CCCN(CCC)S(=O)(=O)CCC(=O)N[C@@H](Cc1ccccc1)[C@H](O)CNCc1cccc(OC)c1,,,CHEMBL1140593,Bioorg Med Chem Lett,2007,"{'bei': '11.47', 'le': '0.23', 'lle': '3.24', 'sei': '5.52'}",,CHEMBL252961,,CHEMBL252961,5.96,0,http://www.openphacts.org/units/Nanomolar,681499,=,1,1,=,,IC50,nM,,1090.0,CHEMBL4822,Homo sapiens,Beta-secretase 1,9606,,,IC50,nM,UO_0000065,,1090.0
,,2053757,[],CHEMBL942097,Inhibition of human recombinant BACE,B,,,BAO_0000190,BAO_0000357,single protein format,COc1cccc(CNC[C@@H](O)[C@H](Cc2ccccc2)NC(=O)CCS(=O)(=O)NCCC(C)C)c1,,,CHEMBL1140593,Bioorg Med Chem Lett,2007,"{'bei': '10.48', 'le': '0.21', 'lle': '3.07', 'sei': '4.54'}",,CHEMBL401338,,CHEMBL401338,5.30,0,http://www.openphacts.org/units/Nanomolar,681498,=,1,1,=,,IC50,nM,,5015.0,CHEMBL4822,Homo sapiens,Beta-secretase 1,9606,,,IC50,nM,UO_0000065,,5015.0
,,2053758,[],CHEMBL942097,Inhibition of human recombinant BACE,B,,,BAO_0000190,BAO_0000357,single protein format,COc1cccc(CNC[C@@H](O)[C@H](Cc2ccccc2)NC(=O)CCS(=O)(=O)N2CCCCC2)c1,,,CHEMBL1140593,Bioorg Med Chem Lett,2007,"{'bei': '10.76', 'le': '0.21', 'lle': '3.34', 'sei': '5.02'}",,CHEMBL252960,,CHEMBL252960,5.42,0,http://www.openphacts.org/units/Nanomolar,681497,=,1,1,=,,IC50,nM,,3785.0,CHEMBL4822,Homo sapiens,Beta-secretase 1,9606,,,IC50,nM,UO_0000065,,3785.0
,,2053759,[],CHEMBL942097,Inhibition of human recombinant BACE,B,,,BAO_0000190,BAO_0000357,single protein format,COc1cccc(CNC[C@@H](O)[C@H](Cc2ccccc2)NC(=O)CCCS(=O)(=O)N2CCCCC2)c1,,,CHEMBL1140593,Bioorg Med Chem Lett,2007,"{'bei': '10.02', 'le': '0.20', 'lle': '2.72', 'sei': '4.81'}",,CHEMBL252756,,CHEMBL252756,5.19,0,http://www.openphacts.org/units/Nanomolar,681496,=,1,1,=,,IC50,nM,,6461.0,CHEMBL4822,Homo sapiens,Beta-secretase 1,9606,,,IC50,nM,UO_0000065,,6461.0
,,2053760,[],CHEMBL942097,Inhibition of human recombinant BACE,B,,,BAO_0000190,BAO_0000357,single protein format,CCCC(CCC)S(=O)(=O)CCC(=O)N[C@@H](Cc1ccccc1)[C@H](O)CNCc1cccc(OC)c1,,,CHEMBL1140593,Bioorg Med Chem Lett,2007,"{'bei': '12.00', 'le': '0.24', 'lle': '2.57', 'sei': '5.94'}",,CHEMBL401141,,CHEMBL401141,6.22,0,http://www.openphacts.org/units/Nanomolar,681495,=,1,1,=,,IC50,nM,,596.0,CHEMBL4822,Homo sapiens,Beta-secretase 1,9606,,,IC50,nM,UO_0000065,,596.0
,,2053761,[],CHEMBL942097,Inhibition of human recombinant BACE,B,,,BAO_0000190,BAO_0000357,single protein format,CCCC(C)S(=O)(=O)CCC(=O)N[C@@H](Cc1ccccc1)[C@H](O)CNCc1cccc(OC)c1,,,CHEMBL1140593,Bioorg Med Chem Lett,2007,"{'bei': '10.70', 'le': '0.21', 'lle': '2.38', 'sei': '5.01'}",,CHEMBL252755,,CHEMBL252755,5.25,0,http://www.openphacts.org/units/Nanomolar,681494,=,1,1,=,,IC50,nM,,5614.0,CHEMBL4822,Homo sapiens,Beta-secretase 1,9606,,,IC50,nM,UO_0000065,,5614.0
,,2053762,[],CHEMBL942097,Inhibition of human recombinant BACE,B,,,BAO_0000190,BAO_0000357,single protein format,COc1cccc(CNC[C@@H](O)[C@H](Cc2ccccc2)NC(=O)CCCS(=O)(=O)CCC(C)C)c1,,,CHEMBL1140593,Bioorg Med Chem Lett,2007,,,CHEMBL252754,,CHEMBL252754,,0,http://www.openphacts.org/units/Nanomolar,681493,>,1,1,>,,IC50,nM,,20000.0,CHEMBL4822,Homo sapiens,Beta-secretase 1,9606,,,IC50,nM,UO_0000065,,20000.0
,,2053763,[],CHEMBL942097,Inhibition of human recombinant BACE,B,,,BAO_0000190,BAO_0000357,single protein format,COc1cccc(CNC[C@@H](O)[C@H](Cc2ccccc2)NC(=O)CCS(C)(=O)=O)c1,,,CHEMBL1140593,Bioorg Med Chem Lett,2007,,,CHEMBL252549,,CHEMBL252549,,0,http://www.openphacts.org/units/Nanomolar,681492,>,1,1,>,,IC50,nM,,20000.0,CHEMBL4822,Homo sapiens,Beta-secretase 1,9606,,,IC50,nM,UO_0000065,,20000.0
,,2053764,[],CHEMBL942097,Inhibition of human recombinant BACE,B,,,BAO_0000190,BAO_0000357,single protein format,COc1cccc(CNC[C@@H](O)[C@H](Cc2ccccc2)NC(=O)CCS(=O)(=O)C2CCCCC2)c1,,,CHEMBL1140593,Bioorg Med Chem Lett,2007,"{'bei': '10.81', 'le': '0.21', 'lle': '2.43', 'sei': '5.19'}",,CHEMBL398925,,CHEMBL398925,5.43,0,http://www.openphacts.org/units/Nanomolar,681491,=,1,1,=,,IC50,nM,,3670.0,CHEMBL4822,Homo sapiens,Beta-secretase 1,9606,,,IC50,nM,UO_0000065,,3670.0
,,2053765,[],CHEMBL942097,Inhibition of human recombinant BACE,B,,,BAO_0000190,BAO_0000357,single protein format,COc1cccc(CNC[C@@H](O)[C@H](Cc2ccccc2)NC(=O)CCCS(=O)(=O)C2CCCCC2)c1,,,CHEMBL1140593,Bioorg Med Chem Lett,2007,,,CHEMBL252548,,CHEMBL252548,,0,http://www.openphacts.org/units/Nanomolar,681490,>,1,1,>,,IC50,nM,,20000.0,CHEMBL4822,Homo sapiens,Beta-secretase 1,9606,,,IC50,nM,UO_0000065,,20000.0
,,2053766,[],CHEMBL942097,Inhibition of human recombinant BACE,B,,,BAO_0000190,BAO_0000357,single protein format,COc1cccc(CNC[C@@H](O)[C@H](Cc2ccccc2)NC(=O)CCS(=O)(=O)c2ccccc2)c1,,,CHEMBL1140593,Bioorg Med Chem Lett,2007,"{'bei': '10.64', 'le': '0.21', 'lle': '2.54', 'sei': '5.04'}",,CHEMBL437961,,CHEMBL437961,5.28,0,http://www.openphacts.org/units/Nanomolar,681489,=,1,1,=,,IC50,nM,,5214.0,CHEMBL4822,Homo sapiens,Beta-secretase 1,9606,,,IC50,nM,UO_0000065,,5214.0
,,2053767,[],CHEMBL942097,Inhibition of human recombinant BACE,B,,,BAO_0000190,BAO_0000357,single protein format,COc1cccc(CNC[C@@H](O)[C@H](Cc2ccccc2)NC(=O)CCCS(=O)(=O)c2ccccc2)c1,,,CHEMBL1140593,Bioorg Med Chem Lett,2007,"{'bei': '10.54', 'le': '0.20', 'lle': '2.25', 'sei': '5.14'}",,CHEMBL252547,,CHEMBL252547,5.38,0,http://www.openphacts.org/units/Nanomolar,681488,=,1,1,=,,IC50,nM,,4131.0,CHEMBL4822,Homo sapiens,Beta-secretase 1,9606,,,IC50,nM,UO_0000065,,4131.0
,,2053768,[],CHEMBL942097,Inhibition of human recombinant BACE,B,,,BAO_0000190,BAO_0000357,single protein format,COc1cccc(CNC[C@@H](O)[C@H](Cc2ccccc2)NC(=O)CCCCS(=O)(=O)c2ccccc2)c1,,,CHEMBL1140593,Bioorg Med Chem Lett,2007,,,CHEMBL399749,,CHEMBL399749,,0,http://www.openphacts.org/units/Nanomolar,681487,>,1,1,>,,IC50,nM,,20000.0,CHEMBL4822,Homo sapiens,Beta-secretase 1,9606,,,IC50,nM,UO_0000065,,20000.0
,,2053769,[],CHEMBL942097,Inhibition of human recombinant BACE,B,,,BAO_0000190,BAO_0000357,single protein format,Cc1cccc(C(=O)N[C@@H](Cc2cc(F)cc(F)c2)[C@H](O)CNCc2cccc(I)c2)c1,,,CHEMBL1140593,Bioorg Med Chem Lett,2007,"{'bei': '9.79', 'le': '0.23', 'lle': '1.02', 'sei': '8.78'}",,CHEMBL254626,,CHEMBL254626,5.39,0,http://www.openphacts.org/units/Nanomolar,681486,=,1,1,=,,IC50,nM,,4100.0,CHEMBL4822,Homo sapiens,Beta-secretase 1,9606,,,IC50,nM,UO_0000065,,4100.0
,,2053770,[],CHEMBL942097,Inhibition of human recombinant BACE,B,,,BAO_0000190,BAO_0000357,single protein format,CCCN(CCC)C(=O)c1cc(C)cc(C(=O)N[C@@H](Cc2cc(F)cc(F)c2)[C@H](O)CNCc2cccc(I)c2)c1,,,CHEMBL1140593,Bioorg Med Chem Lett,2007,"{'bei': '12.25', 'le': '0.28', 'lle': '2.67', 'sei': '10.16'}",,CHEMBL373533,,CHEMBL373533,8.30,0,http://www.openphacts.org/units/Nanomolar,681485,=,1,1,=,,IC50,nM,,5.0,CHEMBL4822,Homo sapiens,Beta-secretase 1,9606,,,IC50,nM,UO_0000065,,5.0
,,2053771,[],CHEMBL942097,Inhibition of human recombinant BACE,B,,,BAO_0000190,BAO_0000357,single protein format,CCCN(CCC)C(=O)c1cccc(C(=O)N[C@@H](Cc2ccccc2)[C@H](O)CNCc2cccc(I)c2)c1,,,CHEMBL1140593,Bioorg Med Chem Lett,2007,"{'bei': '10.37', 'le': '0.23', 'lle': '1.46', 'sei': '7.97'}",,CHEMBL254625,,CHEMBL254625,6.51,0,http://www.openphacts.org/units/Nanomolar,681484,=,1,1,=,,IC50,nM,,310.0,CHEMBL4822,Homo sapiens,Beta-secretase 1,9606,,,IC50,nM,UO_0000065,,310.0
,,2053788,[],CHEMBL942099,Inhibition of human BACE in HEK293 cells by Swedish amyloid inhibition assay,B,,,BAO_0000190,BAO_0000219,cell-based format,CCCCN(CCCC)S(=O)(=O)CCC(=O)N[C@@H](Cc1ccccc1)[C@H](O)CNCc1cccc(OC)c1,,,CHEMBL1140593,Bioorg Med Chem Lett,2007,"{'bei': '12.57', 'le': '0.25', 'lle': '3.39', 'sei': '6.38'}",,CHEMBL253165,,CHEMBL253165,6.89,0,http://www.openphacts.org/units/Nanomolar,681501,=,1,1,=,,IC50,nM,,130.0,CHEMBL4822,Homo sapiens,Beta-secretase 1,9606,,,IC50,nM,UO_0000065,,130.0
,,2053992,[],CHEMBL942114,Inhibition of BACE1,B,,,BAO_0000192,BAO_0000357,single protein format,CC(C)C[C@H](NC(=O)[C@H](CC(N)=O)NC(=O)OC(C)(C)C)[C@@H](O)C[C@@H](C)C(=O)N[C@@H](C)C(=O)NCc1ccccc1,,,CHEMBL1140597,Bioorg Med Chem Lett,2007,"{'bei': '8.05', 'le': '0.15', 'lle': '3.16', 'sei': '2.46'}",,CHEMBL97631,,CHEMBL97631,4.65,1,http://www.openphacts.org/units/Nanomolar,681614,=,1,1,=,,Ki,nM,,22423.0,CHEMBL4822,Homo sapiens,Beta-secretase 1,9606,,,Ki,nM,UO_0000065,,22423.0
,,2053993,[],CHEMBL942114,Inhibition of BACE1,B,,,BAO_0000190,BAO_0000357,single protein format,CC(=O)c1ccccc1-c1cc(C(=O)N[C@@H](Cc2ccccc2)[C@H](O)CN2CCC2)cc(C(=O)N[C@H](C)c2ccccc2)c1,,,CHEMBL1140597,Bioorg Med Chem Lett,2007,,,CHEMBL401320,,CHEMBL401320,,0,http://www.openphacts.org/units/Nanomolar,681636,>,1,1,>,,IC50,nM,,10000.0,CHEMBL4822,Homo sapiens,Beta-secretase 1,9606,,,IC50,nM,UO_0000065,,10000.0
,,2053994,[],CHEMBL942114,Inhibition of BACE1,B,,,BAO_0000190,BAO_0000357,single protein format,CC(=O)c1ccccc1-c1cc(C(=O)N[C@@H](Cc2ccccc2)[C@H](O)CN(C)Cc2ccccc2)cc(C(=O)N[C@H](C)c2ccccc2)c1,,,CHEMBL1140597,Bioorg Med Chem Lett,2007,,,CHEMBL401319,,CHEMBL401319,,0,http://www.openphacts.org/units/Nanomolar,681635,>,1,1,>,,IC50,nM,,10000.0,CHEMBL4822,Homo sapiens,Beta-secretase 1,9606,,,IC50,nM,UO_0000065,,10000.0
,,2053995,[],CHEMBL942114,Inhibition of BACE1,B,,,BAO_0000190,BAO_0000357,single protein format,CC(=O)c1ccccc1-c1cc(C(=O)N[C@@H](Cc2ccccc2)[C@H](O)CN[C@H](C)c2ccccc2)cc(C(=O)N[C@H](C)c2ccccc2)c1,,,CHEMBL1140597,Bioorg Med Chem Lett,2007,"{'bei': '9.88', 'le': '0.18', 'lle': '-0.64', 'sei': '6.01'}",,CHEMBL251970,,CHEMBL251970,6.46,0,http://www.openphacts.org/units/Nanomolar,681634,=,1,1,=,,IC50,nM,,348.0,CHEMBL4822,Homo sapiens,Beta-secretase 1,9606,,,IC50,nM,UO_0000065,,348.0
,,2053996,[],CHEMBL942114,Inhibition of BACE1,B,,,BAO_0000190,BAO_0000357,single protein format,CC(=O)c1ccccc1-c1cc(C(=O)N[C@@H](Cc2ccccc2)[C@H](O)CN[C@@H](C)c2ccccc2)cc(C(=O)N[C@H](C)c2ccccc2)c1,,,CHEMBL1140597,Bioorg Med Chem Lett,2007,"{'bei': '10.61', 'le': '0.19', 'lle': '-0.16', 'sei': '6.45'}",,CHEMBL401318,,CHEMBL401318,6.94,0,http://www.openphacts.org/units/Nanomolar,681633,=,1,1,=,,IC50,nM,,115.0,CHEMBL4822,Homo sapiens,Beta-secretase 1,9606,,,IC50,nM,UO_0000065,,115.0
,,2053997,[],CHEMBL942114,Inhibition of BACE1,B,,,BAO_0000190,BAO_0000357,single protein format,CC(=O)c1ccccc1-c1cc(C(=O)N[C@@H](Cc2ccccc2)[C@H](O)CNc2ccccc2)cc(C(=O)N[C@H](C)c2ccccc2)c1,,,CHEMBL1140597,Bioorg Med Chem Lett,2007,"{'bei': '11.12', 'le': '0.20', 'lle': '0.10', 'sei': '6.47'}",,CHEMBL400916,,CHEMBL400916,6.96,0,http://www.openphacts.org/units/Nanomolar,681632,=,1,1,=,,IC50,nM,,110.0,CHEMBL4822,Homo sapiens,Beta-secretase 1,9606,,,IC50,nM,UO_0000065,,110.0
,,2053998,[],CHEMBL942114,Inhibition of BACE1,B,,,BAO_0000190,BAO_0000357,single protein format,CC(=O)c1ccccc1-c1cc(C(=O)N[C@@H](Cc2ccccc2)[C@H](O)CNCc2ccccc2)cc(C(=O)N[C@H](C)c2ccccc2)c1,,,CHEMBL1140597,Bioorg Med Chem Lett,2007,"{'bei': '10.85', 'le': '0.20', 'lle': '0.40', 'sei': '6.45'}",,CHEMBL254634,,CHEMBL254634,6.94,0,http://www.openphacts.org/units/Nanomolar,681631,=,1,1,=,,IC50,nM,,115.0,CHEMBL4822,Homo sapiens,Beta-secretase 1,9606,,,IC50,nM,UO_0000065,,115.0
,,2053999,[],CHEMBL942114,Inhibition of BACE1,B,,,BAO_0000190,BAO_0000357,single protein format,CC(=O)c1ccccc1-c1cc(C(=O)N[C@@H](Cc2ccccc2)[C@H](O)CNC2CCC2)cc(C(=O)N[C@H](C)c2ccccc2)c1,,,CHEMBL1140597,Bioorg Med Chem Lett,2007,"{'bei': '9.70', 'le': '0.18', 'lle': '-0.04', 'sei': '5.44'}",,CHEMBL254633,,CHEMBL254633,5.85,0,http://www.openphacts.org/units/Nanomolar,681630,=,1,1,=,,IC50,nM,,1400.0,CHEMBL4822,Homo sapiens,Beta-secretase 1,9606,,,IC50,nM,UO_0000065,,1400.0
,,2054000,[],CHEMBL942114,Inhibition of BACE1,B,,,BAO_0000190,BAO_0000357,single protein format,CC(=O)c1ccccc1-c1cc(C(=O)N[C@@H](Cc2ccccc2)[C@H](O)CNCC2CC2)cc(C(=O)N[C@H](C)c2ccccc2)c1,,,CHEMBL1140597,Bioorg Med Chem Lett,2007,"{'bei': '10.57', 'le': '0.19', 'lle': '0.63', 'sei': '5.93'}",,CHEMBL267053,,CHEMBL267053,6.38,0,http://www.openphacts.org/units/Nanomolar,681629,=,1,1,=,,IC50,nM,,418.0,CHEMBL4822,Homo sapiens,Beta-secretase 1,9606,,,IC50,nM,UO_0000065,,418.0
,,2054001,[],CHEMBL942114,Inhibition of BACE1,B,,,BAO_0000190,BAO_0000357,single protein format,CC(=O)c1ccccc1-c1cc(C(=O)N[C@@H](Cc2ccccc2)[C@H](O)CNC2CC2)cc(C(=O)N[C@H](C)c2ccccc2)c1,,,CHEMBL1140597,Bioorg Med Chem Lett,2007,"{'bei': '11.02', 'le': '0.20', 'lle': '1.00', 'sei': '6.04'}",,CHEMBL399748,,CHEMBL399748,6.50,0,http://www.openphacts.org/units/Nanomolar,681628,=,1,1,=,,IC50,nM,,317.0,CHEMBL4822,Homo sapiens,Beta-secretase 1,9606,,,IC50,nM,UO_0000065,,317.0
,,2054002,[],CHEMBL942114,Inhibition of BACE1,B,,,BAO_0000190,BAO_0000357,single protein format,CC(=O)c1ccccc1-c1cc(C(=O)N[C@@H](Cc2ccccc2)[C@H](O)CNC(C)C)cc(C(=O)N[C@H](C)c2ccccc2)c1,,,CHEMBL1140597,Bioorg Med Chem Lett,2007,"{'bei': '10.43', 'le': '0.19', 'lle': '0.42', 'sei': '5.74'}",,CHEMBL253557,,CHEMBL253557,6.17,0,http://www.openphacts.org/units/Nanomolar,681627,=,1,1,=,,IC50,nM,,674.0,CHEMBL4822,Homo sapiens,Beta-secretase 1,9606,,,IC50,nM,UO_0000065,,674.0
,,2054003,[],CHEMBL942114,Inhibition of BACE1,B,,,BAO_0000190,BAO_0000357,single protein format,C=CCNC[C@@H](O)[C@H](Cc1ccccc1)NC(=O)c1cc(C(=O)N[C@H](C)c2ccccc2)cc(-c2ccccc2C(C)=O)c1,,,CHEMBL1140597,Bioorg Med Chem Lett,2007,"{'bei': '11.28', 'le': '0.21', 'lle': '1.13', 'sei': '6.19'}",,CHEMBL253799,,CHEMBL253799,6.65,0,http://www.openphacts.org/units/Nanomolar,681626,=,1,1,=,,IC50,nM,,223.0,CHEMBL4822,Homo sapiens,Beta-secretase 1,9606,,,IC50,nM,UO_0000065,,223.0
